# Blender 5.2.0 LTS
# www.blender.org
mtllib chip.mtl
o Object_6
v 0.048216 0.746123 0.220095
v 0.059258 0.731873 0.216248
v 0.139379 0.890586 0.188337
v 0.040011 0.762380 0.222954
v 0.034959 0.780020 0.224715
v 0.033253 0.798365 0.225309
v 0.034961 0.816710 0.224715
v 0.040015 0.834350 0.222954
v 0.048221 0.850607 0.220095
v 0.059265 0.864855 0.216248
v 0.072722 0.876549 0.211560
v 0.088074 0.885238 0.206211
v 0.104732 0.890588 0.200408
v 0.122056 0.892394 0.194372
v 0.171388 0.876544 0.177184
v 0.156036 0.885234 0.182533
v 0.184843 0.864849 0.172496
v 0.195885 0.850599 0.168649
v 0.204090 0.834341 0.165790
v 0.209142 0.816701 0.164029
v 0.210848 0.798356 0.163435
v 0.209140 0.780011 0.164029
v 0.204086 0.762372 0.165790
v 0.195880 0.746115 0.168649
v 0.184836 0.731866 0.172496
v 0.171379 0.720173 0.177184
v 0.156027 0.711484 0.182533
v 0.139369 0.706134 0.188337
v 0.122045 0.704328 0.194372
v 0.104722 0.706136 0.200408
v 0.088065 0.711487 0.206211
v 0.072713 0.720178 0.211560
v -0.049670 0.875001 0.204608
v -0.044712 0.880250 0.206336
v -0.065179 0.888481 0.199205
v -0.036942 0.858575 0.209043
v -0.031112 0.862700 0.211074
v -0.027484 0.839836 0.212339
v -0.021007 0.842677 0.214595
v -0.021661 0.819503 0.214368
v -0.014785 0.820951 0.216764
v -0.019696 0.798357 0.215053
v -0.012684 0.798357 0.217496
v -0.014787 0.775763 0.216764
v -0.021663 0.777212 0.214368
v -0.027489 0.756879 0.212339
v -0.021012 0.754038 0.214595
v -0.036948 0.738141 0.209043
v -0.031119 0.734016 0.211074
v -0.049678 0.721717 0.204609
v -0.044721 0.716467 0.206336
v -0.065189 0.708238 0.199205
v -0.061294 0.702065 0.200562
v -0.082885 0.698223 0.193040
v -0.080202 0.691364 0.193974
v -0.102086 0.692056 0.186350
v -0.100718 0.684774 0.186827
v -0.122054 0.682550 0.179393
v -0.122054 0.689975 0.179393
v -0.143390 0.684777 0.171960
v -0.142022 0.692059 0.172436
v -0.161222 0.698227 0.165747
v -0.163906 0.691368 0.164812
v -0.182813 0.702071 0.158224
v -0.178917 0.708244 0.159582
v -0.199385 0.716475 0.152450
v -0.194427 0.721725 0.154178
v -0.212985 0.734025 0.147712
v -0.207155 0.738150 0.149743
v -0.223090 0.754048 0.144191
v -0.216612 0.756889 0.146448
v -0.229312 0.775774 0.142023
v -0.222436 0.777223 0.144418
v -0.224401 0.798368 0.143733
v -0.231412 0.798368 0.141290
v -0.229310 0.820962 0.142023
v -0.222433 0.819513 0.144418
v -0.223085 0.842687 0.144191
v -0.216608 0.839846 0.146448
v -0.212978 0.862709 0.147712
v -0.207148 0.858584 0.149743
v -0.199376 0.880258 0.152450
v -0.194419 0.875008 0.154178
v -0.178908 0.888487 0.159582
v -0.182803 0.894660 0.158224
v -0.161212 0.898502 0.165747
v -0.163894 0.905362 0.164812
v -0.143378 0.911951 0.171960
v -0.142011 0.904669 0.172436
v -0.122042 0.914175 0.179393
v -0.122043 0.906751 0.179393
v -0.102075 0.904667 0.186350
v -0.100706 0.911949 0.186827
v -0.080191 0.905357 0.193974
v -0.082874 0.898498 0.193040
v -0.061284 0.894654 0.200562
v -0.171385 0.720181 0.177184
v -0.156034 0.711491 0.182533
v -0.139367 0.890591 0.188336
v -0.184841 0.731876 0.172496
v -0.195883 0.746126 0.168648
v -0.204088 0.762383 0.165790
v -0.209140 0.780024 0.164029
v -0.210846 0.798369 0.163435
v -0.209138 0.816713 0.164029
v -0.204084 0.834353 0.165790
v -0.195878 0.850610 0.168648
v -0.184834 0.864859 0.172496
v -0.171377 0.876552 0.177184
v -0.156025 0.885241 0.182532
v -0.104720 0.890589 0.200407
v -0.122043 0.892397 0.194371
v -0.088062 0.885237 0.206210
v -0.072711 0.876547 0.211559
v -0.059256 0.864852 0.216247
v -0.048213 0.850602 0.220095
v -0.040008 0.834344 0.222953
v -0.034956 0.816704 0.224714
v -0.033251 0.798359 0.225308
v -0.034958 0.780014 0.224714
v -0.040012 0.762375 0.222953
v -0.048219 0.746118 0.220095
v -0.059263 0.731869 0.216247
v -0.072719 0.720176 0.211559
v -0.088072 0.711487 0.206211
v -0.104730 0.706137 0.200407
v -0.122053 0.704331 0.194372
v -0.139377 0.706139 0.188336
v 0.163908 0.905357 0.164813
v 0.161225 0.898498 0.165747
v 0.182815 0.894654 0.158225
v 0.142024 0.904666 0.172437
v 0.143392 0.911948 0.171961
v 0.122056 0.906750 0.179394
v 0.122057 0.914175 0.179394
v 0.102088 0.904668 0.186351
v 0.100721 0.911950 0.186827
v 0.080205 0.905361 0.193975
v 0.082887 0.898502 0.193040
v 0.061296 0.894660 0.200563
v 0.065191 0.888486 0.199206
v 0.049680 0.875008 0.204609
v 0.044723 0.880258 0.206337
v 0.036951 0.858584 0.209044
v 0.031121 0.862709 0.211075
v 0.027491 0.839845 0.212339
v 0.021014 0.842687 0.214596
v 0.014789 0.820962 0.216765
v 0.021666 0.819513 0.214369
v 0.012687 0.798368 0.217497
v 0.019698 0.798368 0.215054
v 0.021663 0.777222 0.214369
v 0.014787 0.775774 0.216765
v 0.027487 0.756889 0.212340
v 0.021009 0.754048 0.214596
v 0.031114 0.734025 0.211075
v 0.036944 0.738150 0.209044
v 0.049672 0.721724 0.204609
v 0.044714 0.716475 0.206337
v 0.065182 0.708244 0.199206
v 0.061286 0.702071 0.200563
v 0.082877 0.698227 0.193041
v 0.080193 0.691368 0.193975
v 0.102077 0.692058 0.186351
v 0.100709 0.684776 0.186828
v 0.122045 0.682550 0.179394
v 0.122045 0.689975 0.179394
v 0.143380 0.684774 0.171961
v 0.142013 0.692056 0.172437
v 0.161214 0.698223 0.165748
v 0.163897 0.691363 0.164813
v 0.182805 0.702065 0.158226
v 0.178910 0.708238 0.159583
v 0.199378 0.716467 0.152452
v 0.194421 0.721717 0.154179
v 0.207151 0.738141 0.149744
v 0.212980 0.734016 0.147713
v 0.216610 0.756879 0.146449
v 0.223087 0.754037 0.144192
v 0.229312 0.775763 0.142024
v 0.222436 0.777212 0.144419
v 0.231415 0.798357 0.141291
v 0.224403 0.798357 0.143734
v 0.229314 0.820951 0.142024
v 0.222438 0.819503 0.144419
v 0.223092 0.842677 0.144192
v 0.216614 0.839836 0.146449
v 0.212987 0.862700 0.147713
v 0.207157 0.858575 0.149744
v 0.199387 0.880250 0.152451
v 0.194429 0.875000 0.154179
v 0.178920 0.888481 0.159582
v -0.026086 0.536836 0.131059
v 0.005666 0.556735 0.124163
v 0.126820 0.426552 0.176313
v 0.055829 0.382064 0.191729
v 0.195828 0.188392 0.000000
v 0.148164 0.188391 -0.148164
v 0.000000 0.188391 -0.195828
v 0.000000 0.168994 0.000000
v -0.148164 0.188391 -0.148164
v 0.148164 0.188392 0.148164
v 0.000000 0.188391 0.195828
v -0.195828 0.188391 -0.000000
v -0.148164 0.188391 0.148164
v -0.148164 0.188391 0.148164
v -0.135382 0.281456 0.135381
v 0.000000 0.188391 0.195828
v -0.195828 0.188391 -0.000000
v -0.178934 0.281456 -0.000000
v -0.159349 0.374521 -0.000000
v -0.120564 0.374521 0.120564
v 0.000000 0.281456 0.178934
v 0.148164 0.188392 0.148164
v 0.135382 0.281456 0.135382
v 0.195828 0.188392 0.000000
v 0.178934 0.281456 0.000000
v 0.148164 0.188391 -0.148164
v 0.135382 0.281456 -0.135381
v 0.000000 0.188391 -0.195828
v 0.000000 0.281456 -0.178934
v 0.120564 0.374521 -0.120564
v 0.000000 0.374521 -0.159349
v 0.159349 0.374521 0.000000
v 0.120564 0.374521 0.120564
v -0.000000 0.374521 0.159349
v 0.102594 0.467587 -0.102594
v 0.000000 0.467587 -0.135599
v 0.135598 0.467587 0.000000
v 0.102594 0.467587 0.102594
v -0.000000 0.467587 0.135598
v -0.102594 0.467587 0.102594
v -0.135598 0.467587 -0.000000
v -0.102594 0.467587 -0.102595
v -0.120564 0.374521 -0.120564
v -0.135381 0.281456 -0.135382
v -0.148164 0.188391 -0.148164
v 0.000000 0.374521 -0.159349
v 0.000000 0.281456 -0.178934
v 0.000000 0.188391 -0.195828
v 0.084150 0.560652 -0.084150
v 0.000000 0.560652 -0.111220
v 0.111220 0.560652 -0.000000
v 0.084150 0.560652 0.084150
v 0.000000 0.560653 0.111220
v -0.084149 0.560653 0.084149
v -0.111219 0.560653 -0.000001
v -0.084149 0.560652 -0.084150
v 0.000000 0.560652 -0.111220
v 0.000000 0.467587 -0.135599
v -0.084149 0.560653 0.084149
v -0.111219 0.560653 -0.000001
v 0.000000 0.569408 -0.000000
v 0.000000 0.560653 0.111220
v 0.111220 0.560652 -0.000000
v 0.084150 0.560652 -0.084150
v 0.000000 0.560652 -0.111220
v -0.084149 0.560652 -0.084150
v 0.084150 0.560652 0.084150
v 0.085604 0.217606 -0.073947
v 0.085604 0.005333 -0.056762
v 0.130425 0.005333 -0.044821
v 0.143994 0.217607 -0.058390
v 0.142367 0.005333 -0.000000
v 0.159550 0.217607 0.000000
v 0.130425 0.005333 0.044821
v 0.143994 0.217607 0.058390
v 0.085604 0.005333 0.056762
v 0.085604 0.217607 0.073947
v 0.040783 0.005333 0.044822
v 0.027214 0.217607 0.058390
v 0.028842 0.005333 0.000000
v 0.011657 0.217606 0.000000
v 0.040782 0.005333 -0.044821
v 0.027214 0.217607 -0.058390
v 0.085604 0.005333 -0.056762
v 0.085604 0.217606 -0.073947
v -0.027214 0.217607 -0.058390
v -0.085604 0.217606 -0.073947
v -0.085604 0.005333 -0.056762
v -0.040782 0.005333 -0.044821
v -0.011657 0.217606 -0.000000
v -0.028842 0.005333 0.000000
v -0.027214 0.217607 0.058390
v -0.040783 0.005333 0.044821
v -0.085604 0.217606 0.073947
v -0.085604 0.005333 0.056762
v -0.143994 0.217607 0.058390
v -0.130425 0.005333 0.044821
v -0.159550 0.217606 -0.000000
v -0.142367 0.005333 0.000000
v -0.143994 0.217607 -0.058390
v -0.130425 0.005333 -0.044821
v -0.085604 0.217606 -0.073947
v -0.085604 0.005333 -0.056762
v 0.085604 0.005333 0.056762
v 0.130425 0.005333 0.044821
v 0.142367 0.005333 -0.000000
v 0.085604 0.005333 0.000000
v 0.040783 0.005333 0.044822
v 0.028842 0.005333 0.000000
v 0.085604 0.005333 -0.056762
v 0.040782 0.005333 -0.044821
v 0.130425 0.005333 -0.044821
v -0.085604 0.005333 0.000000
v -0.085604 0.005333 -0.056762
v -0.130425 0.005333 -0.044821
v -0.142367 0.005333 0.000000
v -0.028842 0.005333 0.000000
v -0.040782 0.005333 -0.044821
v -0.040783 0.005333 0.044821
v -0.085604 0.005333 0.056762
v -0.130425 0.005333 0.044821
v 0.126820 0.426552 0.176313
v 0.126820 0.418672 0.153571
v 0.055829 0.374183 0.168987
v 0.055829 0.382064 0.191729
v -0.026086 0.536836 0.131059
v -0.026086 0.533310 0.120887
v 0.005666 0.553210 0.113992
v 0.005666 0.556735 0.124163
v -0.026086 0.533310 0.120887
v -0.026086 0.536836 0.131059
v 0.055829 0.382064 0.191729
v 0.055829 0.374183 0.168987
v 0.005666 0.553210 0.113992
v -0.026086 0.533310 0.120887
v 0.055829 0.374183 0.168987
v 0.126820 0.418672 0.153571
v 0.005666 0.556735 0.124163
v 0.005666 0.553210 0.113992
v 0.126820 0.418672 0.153571
v 0.126820 0.426552 0.176313
v -0.236755 0.189990 -0.297093
v -0.236755 0.189990 -0.342441
v -0.742507 0.220110 -0.338899
v -0.742507 0.220110 -0.300639
v -0.638356 0.780679 -0.342443
v -0.778182 0.272582 -0.338900
v -0.769263 0.259463 -0.344849
v -0.532071 0.624353 -0.460003
v -0.760345 0.246346 -0.338900
v -0.358186 1.082355 -0.350230
v -0.425787 0.468027 -0.511038
v -0.751426 0.233228 -0.344849
v -0.227397 0.889986 -0.508163
v 0.025379 1.231952 -0.342441
v 0.584963 1.122654 -0.338894
v 0.576045 1.135772 -0.344843
v 0.426980 0.641262 -0.342439
v 0.332464 0.780281 -0.459999
v 0.134031 0.358383 -0.350227
v 0.018712 0.528000 -0.508162
v -0.236755 0.189990 -0.342441
v -0.331271 0.329008 -0.460002
v -0.742507 0.220110 -0.338899
v -0.096608 0.697618 -0.576726
v 0.131664 1.075625 -0.460000
v 0.549288 1.175126 -0.338895
v 0.558207 1.162007 -0.344843
v 0.237948 0.919298 -0.511036
v 0.567125 1.148890 -0.338895
v -0.529101 0.500018 -0.134906
v -0.550907 0.498416 -0.142654
v -0.507100 0.497180 -0.128115
v -0.465883 0.478780 -0.118399
v -0.485755 0.490008 -0.122540
v -0.497287 0.270461 -0.176954
v -0.620227 0.451285 -0.176955
v -0.590631 0.482300 -0.159805
v -0.607022 0.468406 -0.168548
v -0.571684 0.492433 -0.151061
v -0.476510 0.276445 -0.168547
v -0.457563 0.286577 -0.159804
v -0.441171 0.300471 -0.151060
v -0.427967 0.317592 -0.142653
v -0.414959 0.403880 -0.118399
v -0.433527 0.446018 -0.114988
v -0.448247 0.463926 -0.115849
v -0.422287 0.425743 -0.115849
v -0.413007 0.358783 -0.128114
v -0.418458 0.337281 -0.134905
v -0.411826 0.381271 -0.122540
v -0.562439 0.278868 -0.197068
v -0.541093 0.271698 -0.191494
v -0.582312 0.290097 -0.201209
v -0.519094 0.268858 -0.184703
v -0.633235 0.364997 -0.201210
v -0.635188 0.410094 -0.191494
v -0.629737 0.431595 -0.184703
v -0.636369 0.387607 -0.197068
v -0.599948 0.304951 -0.203760
v -0.614668 0.322859 -0.204621
v -0.625908 0.343135 -0.203760
v 0.025379 1.231952 -0.297092
v 0.549288 1.175126 -0.300634
v 0.558207 1.162007 -0.294685
v -0.742507 0.220110 -0.300639
v -0.751426 0.233227 -0.294689
v -0.236755 0.189990 -0.297093
v -0.331272 0.329008 -0.179533
v 0.134031 0.358383 -0.289304
v 0.018710 0.528000 -0.131370
v 0.426980 0.641262 -0.297090
v 0.332463 0.780280 -0.179531
v 0.584963 1.122654 -0.300634
v 0.576045 1.135771 -0.294685
v 0.237947 0.919298 -0.128495
v 0.567125 1.148890 -0.300634
v 0.131663 1.075625 -0.179532
v -0.358187 1.082355 -0.289306
v -0.769263 0.259463 -0.294690
v -0.778183 0.272582 -0.300639
v -0.532072 0.624353 -0.179534
v -0.638356 0.780679 -0.297095
v -0.227399 0.889986 -0.131371
v -0.096610 0.697617 -0.062808
v -0.425789 0.468026 -0.128498
v -0.760345 0.246346 -0.300639
v -0.448246 0.463926 -0.523687
v -0.433525 0.446018 -0.524548
v -0.465881 0.478780 -0.521137
v -0.485753 0.490009 -0.516996
v -0.507099 0.497180 -0.511422
v -0.590630 0.482300 -0.479733
v -0.571682 0.492433 -0.488476
v -0.550906 0.498416 -0.496883
v -0.529098 0.500019 -0.504631
v -0.411824 0.381271 -0.516996
v -0.413006 0.358783 -0.511422
v -0.414957 0.403880 -0.521137
v -0.422285 0.425743 -0.523687
v -0.457562 0.286577 -0.479732
v -0.635187 0.410094 -0.448043
v -0.607021 0.468406 -0.470989
v -0.620226 0.451286 -0.462582
v -0.629736 0.431596 -0.454834
v -0.418456 0.337281 -0.504630
v -0.427966 0.317592 -0.496882
v -0.441170 0.300471 -0.488475
v -0.476509 0.276445 -0.470989
v -0.497286 0.270461 -0.462582
v -0.519093 0.268858 -0.454834
v -0.541093 0.271698 -0.448043
v -0.614667 0.322859 -0.434916
v -0.625907 0.343135 -0.435777
v -0.633235 0.364997 -0.438328
v -0.636368 0.387607 -0.442470
v -0.599947 0.304951 -0.435777
v -0.582311 0.290098 -0.438327
v -0.562439 0.278869 -0.442468
v 0.426980 0.641262 -0.297090
v 0.426980 0.641262 -0.342439
v 0.134031 0.358383 -0.350227
v 0.134031 0.358383 -0.289304
v -0.236755 0.189990 -0.342441
v -0.236755 0.189990 -0.297093
v -0.638356 0.780679 -0.297095
v -0.638356 0.780679 -0.342443
v -0.358186 1.082355 -0.350230
v -0.358187 1.082355 -0.289306
v 0.025379 1.231952 -0.342441
v 0.025379 1.231952 -0.297092
v -0.493717 0.513694 -0.135015
v -0.488154 0.517477 -0.151455
v -0.514120 0.526201 -0.158235
v -0.519684 0.522418 -0.141796
v -0.540882 0.529654 -0.166497
v -0.546445 0.525872 -0.150057
v -0.567410 0.527704 -0.175923
v -0.572973 0.523922 -0.159483
v -0.592685 0.520426 -0.186150
v -0.598248 0.516643 -0.169710
v -0.615734 0.508099 -0.196786
v -0.621297 0.504317 -0.180346
v -0.423420 0.303954 -0.159482
v -0.417856 0.307736 -0.175922
v -0.406288 0.331688 -0.166496
v -0.411851 0.327905 -0.150057
v -0.399658 0.357844 -0.158235
v -0.405221 0.354062 -0.141795
v -0.398221 0.385200 -0.151455
v -0.403784 0.381417 -0.135015
v -0.402032 0.412704 -0.146417
v -0.407596 0.408922 -0.129977
v -0.410946 0.439299 -0.143315
v -0.416509 0.435516 -0.126875
v -0.424619 0.463963 -0.142267
v -0.430182 0.460181 -0.125828
v -0.442527 0.485748 -0.143315
v -0.448090 0.481966 -0.126875
v -0.463980 0.503818 -0.146417
v -0.469543 0.500035 -0.129977
v -0.632630 0.288577 -0.233817
v -0.627066 0.292359 -0.250256
v -0.605613 0.274290 -0.247154
v -0.611176 0.270507 -0.230714
v -0.581438 0.260630 -0.242115
v -0.587001 0.256848 -0.225676
v -0.555471 0.251907 -0.235336
v -0.561035 0.248124 -0.218895
v -0.528710 0.248453 -0.227074
v -0.534273 0.244671 -0.210635
v -0.502182 0.250403 -0.217649
v -0.507745 0.246621 -0.201208
v -0.476908 0.257681 -0.207421
v -0.482471 0.253899 -0.190981
v -0.453859 0.270007 -0.196785
v -0.459422 0.266226 -0.180345
v -0.433919 0.286909 -0.186149
v -0.439482 0.283127 -0.169709
v -0.621297 0.504317 -0.180346
v -0.615734 0.508099 -0.196786
v -0.635673 0.491198 -0.207422
v -0.641236 0.487415 -0.190982
v -0.651736 0.470371 -0.217650
v -0.657299 0.466589 -0.201209
v -0.663305 0.446420 -0.227075
v -0.668868 0.442637 -0.210634
v -0.669935 0.420263 -0.235337
v -0.675498 0.416481 -0.218896
v -0.671371 0.392907 -0.242116
v -0.676934 0.389125 -0.225676
v -0.667560 0.365403 -0.247154
v -0.673123 0.361621 -0.230714
v -0.658646 0.338809 -0.250257
v -0.664210 0.335026 -0.233817
v -0.644974 0.314145 -0.251304
v -0.650537 0.310362 -0.234864
v -0.277898 0.052375 -0.319767
v -0.276682 0.068309 -0.357379
v -0.318938 0.071536 -0.345383
v -0.338728 0.073047 -0.319767
v -0.214635 0.063571 -0.319766
v -0.234425 0.065083 -0.345383
v -0.234425 0.065083 -0.294151
v -0.276682 0.068309 -0.282154
v -0.318939 0.071535 -0.294151
v -0.598246 0.516644 -0.469827
v -0.595385 0.510153 -0.469301
v -0.617297 0.498435 -0.459192
v -0.572972 0.523922 -0.480054
v -0.571360 0.517072 -0.479023
v -0.546444 0.525872 -0.489480
v -0.546143 0.518924 -0.487984
v -0.519682 0.522419 -0.497741
v -0.520704 0.515642 -0.495836
v -0.493715 0.513694 -0.504521
v -0.496020 0.507350 -0.502281
v -0.469541 0.500035 -0.509559
v -0.473040 0.494365 -0.507070
v -0.448088 0.481966 -0.512661
v -0.452647 0.477188 -0.510019
v -0.430181 0.460181 -0.513708
v -0.435624 0.456480 -0.511014
v -0.416507 0.435516 -0.512661
v -0.422627 0.433034 -0.510019
v -0.407594 0.408922 -0.509559
v -0.414154 0.407753 -0.507070
v -0.403783 0.381418 -0.504521
v -0.410531 0.381608 -0.502281
v -0.405220 0.354063 -0.497740
v -0.411897 0.355604 -0.495835
v -0.411850 0.327905 -0.489479
v -0.418199 0.330740 -0.487982
v -0.423419 0.303954 -0.480053
v -0.429197 0.307972 -0.479022
v -0.439481 0.283127 -0.469827
v -0.444465 0.288174 -0.469300
v -0.459421 0.266226 -0.459191
v -0.463419 0.272108 -0.459191
v -0.482471 0.253899 -0.448555
v -0.485331 0.260390 -0.449080
v -0.507745 0.246621 -0.438328
v -0.509356 0.253472 -0.439358
v -0.534272 0.244671 -0.428902
v -0.534573 0.251618 -0.430399
v -0.561034 0.248124 -0.420641
v -0.560013 0.254901 -0.422545
v -0.587001 0.256848 -0.413861
v -0.584697 0.263193 -0.416101
v -0.611176 0.270507 -0.408823
v -0.607677 0.276177 -0.411312
v -0.632629 0.288577 -0.405721
v -0.628069 0.293354 -0.408362
v -0.650536 0.310362 -0.404673
v -0.645092 0.314063 -0.407367
v -0.664209 0.335026 -0.405721
v -0.658090 0.337508 -0.408363
v -0.673123 0.361621 -0.408823
v -0.666563 0.362789 -0.411312
v -0.676934 0.389125 -0.413862
v -0.670186 0.388934 -0.416101
v -0.675497 0.416481 -0.420642
v -0.668820 0.414939 -0.422546
v -0.668867 0.442637 -0.428903
v -0.662517 0.439802 -0.430399
v -0.657298 0.466589 -0.438329
v -0.651521 0.462571 -0.439359
v -0.641235 0.487415 -0.448556
v -0.636251 0.482369 -0.449081
v -0.621296 0.504317 -0.459192
v 0.750927 1.273856 -0.300633
v 0.750927 1.273856 -0.338894
v 0.812435 1.168295 -0.344842
v 0.812435 1.168295 -0.294684
v 0.873943 1.062732 -0.338893
v 0.873942 1.062733 -0.300633
v -0.485755 0.490008 -0.122540
v -0.481181 0.493118 -0.136055
v -0.502528 0.500289 -0.141629
v -0.507100 0.497180 -0.128115
v -0.524526 0.503128 -0.148420
v -0.529101 0.500018 -0.134906
v -0.546333 0.501526 -0.156169
v -0.550907 0.498416 -0.142654
v -0.567110 0.495542 -0.164576
v -0.571684 0.492433 -0.151061
v -0.586058 0.485410 -0.173319
v -0.590631 0.482300 -0.159805
v -0.427967 0.317592 -0.142653
v -0.423394 0.320701 -0.156168
v -0.413884 0.340391 -0.148420
v -0.418458 0.337281 -0.134905
v -0.408434 0.361892 -0.141628
v -0.413007 0.358783 -0.128114
v -0.407253 0.384380 -0.136054
v -0.411826 0.381271 -0.122540
v -0.410385 0.406990 -0.131913
v -0.414959 0.403880 -0.118399
v -0.417714 0.428852 -0.129363
v -0.422287 0.425743 -0.115849
v -0.428953 0.449127 -0.128502
v -0.433527 0.446018 -0.114988
v -0.443674 0.467035 -0.129363
v -0.448247 0.463926 -0.115849
v -0.461310 0.481890 -0.131913
v -0.465883 0.478780 -0.118399
v -0.599948 0.304951 -0.203760
v -0.595374 0.308061 -0.217274
v -0.577739 0.293206 -0.214724
v -0.582312 0.290097 -0.201209
v -0.557866 0.281978 -0.210582
v -0.562439 0.278868 -0.197068
v -0.536520 0.274807 -0.205008
v -0.541093 0.271698 -0.191494
v -0.514521 0.271967 -0.198217
v -0.519094 0.268858 -0.184703
v -0.492714 0.273570 -0.190469
v -0.497287 0.270461 -0.176954
v -0.471937 0.279554 -0.182062
v -0.476510 0.276445 -0.168547
v -0.452989 0.289686 -0.173318
v -0.457563 0.286577 -0.159804
v -0.436598 0.303581 -0.164575
v -0.441171 0.300471 -0.151060
v -0.590631 0.482300 -0.159805
v -0.586058 0.485410 -0.173319
v -0.602449 0.471515 -0.182062
v -0.607022 0.468406 -0.168548
v -0.615654 0.454395 -0.190469
v -0.620227 0.451285 -0.176955
v -0.625164 0.434705 -0.198218
v -0.629737 0.431595 -0.184703
v -0.630615 0.413203 -0.205009
v -0.635188 0.410094 -0.191494
v -0.631796 0.390716 -0.210582
v -0.636369 0.387607 -0.197068
v -0.628662 0.368106 -0.214724
v -0.633235 0.364997 -0.201210
v -0.621335 0.346244 -0.217274
v -0.625908 0.343135 -0.203760
v -0.610095 0.325969 -0.218135
v -0.614668 0.322859 -0.204621
v -0.571682 0.492433 -0.488476
v -0.590630 0.482300 -0.479733
v -0.586057 0.485410 -0.466219
v -0.567109 0.495542 -0.474961
v -0.550906 0.498416 -0.496883
v -0.546332 0.501526 -0.483368
v -0.529098 0.500019 -0.504631
v -0.524525 0.503128 -0.491117
v -0.507099 0.497180 -0.511422
v -0.502526 0.500290 -0.497908
v -0.485753 0.490009 -0.516996
v -0.481180 0.493118 -0.503482
v -0.465881 0.478780 -0.521137
v -0.461308 0.481890 -0.507623
v -0.448246 0.463926 -0.523687
v -0.443673 0.467035 -0.510173
v -0.433525 0.446018 -0.524548
v -0.428952 0.449127 -0.511034
v -0.422285 0.425743 -0.523687
v -0.417712 0.428852 -0.510173
v -0.414957 0.403880 -0.521137
v -0.410384 0.406990 -0.507623
v -0.411824 0.381271 -0.516996
v -0.407251 0.384380 -0.503481
v -0.413006 0.358783 -0.511422
v -0.408433 0.361892 -0.497908
v -0.418456 0.337281 -0.504630
v -0.413883 0.340391 -0.491116
v -0.427966 0.317592 -0.496882
v -0.423393 0.320701 -0.483368
v -0.441170 0.300471 -0.488475
v -0.436597 0.303581 -0.474961
v -0.457562 0.286577 -0.479732
v -0.452988 0.289687 -0.466218
v -0.476509 0.276445 -0.470989
v -0.471936 0.279554 -0.457474
v -0.497286 0.270461 -0.462582
v -0.492713 0.273571 -0.449067
v -0.519093 0.268858 -0.454834
v -0.514520 0.271968 -0.441319
v -0.541093 0.271698 -0.448043
v -0.536520 0.274807 -0.434528
v -0.562439 0.278869 -0.442468
v -0.557865 0.281978 -0.428955
v -0.582311 0.290098 -0.438327
v -0.577738 0.293207 -0.424813
v -0.599947 0.304951 -0.435777
v -0.595374 0.308060 -0.422263
v -0.614667 0.322859 -0.434916
v -0.610094 0.325969 -0.421402
v -0.625907 0.343135 -0.435777
v -0.621334 0.346244 -0.422263
v -0.633235 0.364997 -0.438328
v -0.628662 0.368106 -0.424813
v -0.636368 0.387607 -0.442470
v -0.631795 0.390716 -0.428955
v -0.635187 0.410094 -0.448043
v -0.630614 0.413203 -0.434529
v -0.629736 0.431596 -0.454834
v -0.625163 0.434705 -0.441320
v -0.620226 0.451286 -0.462582
v -0.615653 0.454395 -0.449068
v -0.607021 0.468406 -0.470989
v -0.602448 0.471515 -0.457475
v -0.590630 0.482300 -0.479733
v -0.586057 0.485410 -0.466219
v -0.598246 0.516644 -0.469827
v -0.621296 0.504317 -0.459192
v -0.615733 0.508100 -0.442752
v -0.592683 0.520426 -0.453388
v -0.572972 0.523922 -0.480054
v -0.567409 0.527704 -0.463614
v -0.546444 0.525872 -0.489480
v -0.540881 0.529654 -0.473040
v -0.519682 0.522419 -0.497741
v -0.514119 0.526201 -0.481301
v -0.493715 0.513694 -0.504521
v -0.488152 0.517477 -0.488081
v -0.469541 0.500035 -0.509559
v -0.463978 0.503818 -0.493119
v -0.448088 0.481966 -0.512661
v -0.442525 0.485748 -0.496221
v -0.430181 0.460181 -0.513708
v -0.424618 0.463963 -0.497268
v -0.416507 0.435516 -0.512661
v -0.410944 0.439299 -0.496221
v -0.407594 0.408922 -0.509559
v -0.402031 0.412704 -0.493119
v -0.403783 0.381418 -0.504521
v -0.398219 0.385200 -0.488081
v -0.405220 0.354063 -0.497740
v -0.399657 0.357844 -0.481301
v -0.411850 0.327905 -0.489479
v -0.406287 0.331688 -0.473039
v -0.423419 0.303954 -0.480053
v -0.417855 0.307736 -0.463614
v -0.439481 0.283127 -0.469827
v -0.433918 0.286909 -0.453387
v -0.459421 0.266226 -0.459191
v -0.453858 0.270007 -0.442751
v -0.482471 0.253899 -0.448555
v -0.476908 0.257682 -0.432115
v -0.507745 0.246621 -0.438328
v -0.502182 0.250403 -0.421887
v -0.534272 0.244671 -0.428902
v -0.528709 0.248454 -0.412462
v -0.561034 0.248124 -0.420641
v -0.555471 0.251907 -0.404200
v -0.587001 0.256848 -0.413861
v -0.581438 0.260631 -0.397421
v -0.611176 0.270507 -0.408823
v -0.605613 0.274290 -0.392383
v -0.632629 0.288577 -0.405721
v -0.627066 0.292359 -0.389281
v -0.650536 0.310362 -0.404673
v -0.644973 0.314145 -0.388233
v -0.664209 0.335026 -0.405721
v -0.658646 0.338809 -0.389281
v -0.673123 0.361621 -0.408823
v -0.667560 0.365403 -0.392384
v -0.676934 0.389125 -0.413862
v -0.671371 0.392907 -0.397422
v -0.675497 0.416481 -0.420642
v -0.669934 0.420263 -0.404202
v -0.668867 0.442637 -0.428903
v -0.663304 0.446420 -0.412463
v -0.657298 0.466589 -0.438329
v -0.651735 0.470371 -0.421888
v -0.641235 0.487415 -0.448556
v -0.635672 0.491198 -0.432116
v -0.621296 0.504317 -0.459192
v -0.615733 0.508100 -0.442752
v -0.675498 0.416481 -0.218896
v -0.676934 0.389125 -0.225676
v -0.670186 0.388934 -0.223436
v -0.668821 0.414939 -0.216992
v -0.668868 0.442637 -0.210634
v -0.662518 0.439802 -0.209138
v -0.657299 0.466589 -0.201209
v -0.651521 0.462571 -0.200179
v -0.641236 0.487415 -0.190982
v -0.636252 0.482369 -0.190457
v -0.621297 0.504317 -0.180346
v -0.617298 0.498435 -0.180346
v -0.598248 0.516643 -0.169710
v -0.595388 0.510153 -0.170236
v -0.572973 0.523922 -0.159483
v -0.571362 0.517071 -0.160514
v -0.546445 0.525872 -0.150057
v -0.546144 0.518924 -0.151554
v -0.519684 0.522418 -0.141796
v -0.520706 0.515642 -0.143701
v -0.493717 0.513694 -0.135015
v -0.496022 0.507350 -0.137255
v -0.469543 0.500035 -0.129977
v -0.473042 0.494365 -0.132466
v -0.448090 0.481966 -0.126875
v -0.452648 0.477188 -0.129517
v -0.430182 0.460181 -0.125828
v -0.435626 0.456480 -0.128521
v -0.416509 0.435516 -0.126875
v -0.422628 0.433034 -0.129517
v -0.407596 0.408922 -0.129977
v -0.414155 0.407753 -0.132466
v -0.403784 0.381417 -0.135015
v -0.410532 0.381608 -0.137255
v -0.405221 0.354062 -0.141795
v -0.411898 0.355604 -0.143700
v -0.411851 0.327905 -0.150057
v -0.418200 0.330740 -0.151554
v -0.423420 0.303954 -0.159482
v -0.429198 0.307972 -0.160513
v -0.439482 0.283127 -0.169709
v -0.444467 0.288174 -0.170235
v -0.459422 0.266226 -0.180345
v -0.463421 0.272107 -0.180345
v -0.482471 0.253899 -0.190981
v -0.485332 0.260390 -0.190456
v -0.507745 0.246621 -0.201208
v -0.509357 0.253471 -0.200178
v -0.534273 0.244671 -0.210635
v -0.534574 0.251618 -0.209138
v -0.561035 0.248124 -0.218895
v -0.560014 0.254901 -0.216991
v -0.587001 0.256848 -0.225676
v -0.584698 0.263193 -0.223436
v -0.611176 0.270507 -0.230714
v -0.607678 0.276177 -0.228225
v -0.632630 0.288577 -0.233817
v -0.628070 0.293354 -0.231175
v -0.650537 0.310362 -0.234864
v -0.645092 0.314063 -0.232171
v -0.664210 0.335026 -0.233817
v -0.658090 0.337508 -0.231175
v -0.673123 0.361621 -0.230714
v -0.666564 0.362789 -0.228225
v -0.200864 0.245451 -0.357309
v -0.262795 0.250179 -0.374892
v -0.276682 0.068309 -0.357379
v -0.234425 0.065083 -0.345383
v -0.171861 0.243236 -0.319766
v -0.214635 0.063571 -0.319766
v -0.200865 0.245451 -0.282225
v -0.234425 0.065083 -0.294151
v -0.262795 0.250179 -0.264643
v -0.276682 0.068309 -0.282154
v -0.324726 0.254908 -0.282225
v -0.318939 0.071535 -0.294151
v -0.353729 0.257123 -0.319767
v -0.338728 0.073047 -0.319767
v -0.324726 0.254908 -0.357309
v -0.318938 0.071536 -0.345383
v -0.262795 0.250179 -0.374892
v -0.276682 0.068309 -0.357379
v 0.344613 0.384536 -0.319764
v 0.328318 0.373206 -0.345381
v 0.293523 0.349011 -0.357377
v 0.302645 0.335891 -0.319764
v 0.328317 0.373206 -0.294149
v 0.293523 0.349011 -0.282152
v 0.242432 0.313486 -0.319765
v 0.258727 0.324818 -0.294149
v 0.258727 0.324818 -0.345381
v 0.025379 1.231952 -0.297092
v 0.025379 1.231952 -0.342441
v 0.549288 1.175126 -0.338895
v 0.549288 1.175126 -0.300634
v 0.873943 1.062732 -0.338893
v 0.584963 1.122654 -0.338894
v 0.584963 1.122654 -0.300634
v 0.873942 1.062733 -0.300633
v 0.599839 1.465894 -0.300634
v 0.549288 1.175126 -0.300634
v 0.549288 1.175126 -0.338895
v 0.599839 1.465894 -0.338895
v 0.599839 1.465894 -0.338895
v 0.549288 1.175126 -0.338895
v 0.558207 1.162007 -0.344843
v 0.675383 1.369876 -0.344843
v 0.567125 1.148890 -0.338895
v 0.750927 1.273856 -0.338894
v 0.576045 1.135772 -0.344843
v 0.812435 1.168295 -0.344842
v 0.584963 1.122654 -0.338894
v 0.873943 1.062732 -0.338893
v -0.778182 0.272582 -0.338900
v -0.778183 0.272582 -0.300639
v -0.769263 0.259463 -0.294690
v -0.769263 0.259463 -0.344849
v -0.760345 0.246346 -0.300639
v -0.760345 0.246346 -0.338900
v -0.751426 0.233227 -0.294689
v -0.751426 0.233228 -0.344849
v -0.742507 0.220110 -0.300639
v -0.742507 0.220110 -0.338899
v 0.599839 1.465894 -0.300634
v 0.599839 1.465894 -0.338895
v 0.675383 1.369876 -0.344843
v 0.675383 1.369876 -0.294684
v 0.750927 1.273856 -0.338894
v 0.750927 1.273856 -0.300633
v -0.666417 0.674998 -0.334691
v -0.666417 0.674998 -0.304847
v -0.653599 0.656145 -0.304847
v -0.653599 0.656145 -0.334691
v -0.659511 0.805600 -0.334691
v -0.666417 0.674998 -0.334691
v -0.653599 0.656145 -0.334691
v -0.625892 0.766724 -0.334691
v -0.394379 1.138593 -0.334690
v -0.350790 1.074273 -0.334690
v 0.021717 1.329797 -0.334689
v 0.035205 1.218361 -0.334689
v 0.302549 1.323342 -0.334688
v 0.316261 1.181046 -0.334688
v 0.021717 1.329797 -0.304844
v 0.302549 1.323342 -0.304843
v 0.316261 1.181046 -0.304843
v 0.035204 1.218361 -0.304844
v -0.394379 1.138593 -0.304846
v -0.350791 1.074273 -0.304846
v -0.659511 0.805600 -0.304847
v -0.625892 0.766724 -0.304847
v -0.666417 0.674998 -0.304847
v -0.653599 0.656145 -0.304847
v 0.302549 1.323342 -0.304843
v 0.302549 1.323342 -0.334688
v 0.316261 1.181046 -0.334688
v 0.316261 1.181046 -0.304843
v -0.666417 0.674998 -0.304847
v -0.666417 0.674998 -0.334691
v -0.659511 0.805600 -0.334691
v -0.659511 0.805600 -0.304847
v 0.021717 1.329797 -0.304844
v 0.021717 1.329797 -0.334689
v 0.302549 1.323342 -0.334688
v 0.302549 1.323342 -0.304843
v -0.394379 1.138593 -0.304846
v -0.394379 1.138593 -0.334690
v 0.021717 1.329797 -0.334689
v 0.021717 1.329797 -0.304844
v -0.659511 0.805600 -0.304847
v -0.659511 0.805600 -0.334691
v -0.394379 1.138593 -0.334690
v -0.394379 1.138593 -0.304846
v 0.240389 0.534225 -0.357307
v 0.189395 0.498767 -0.374890
v 0.293523 0.349011 -0.357377
v 0.328318 0.373206 -0.345381
v 0.264271 0.550831 -0.319765
v 0.344613 0.384536 -0.319764
v 0.240389 0.534225 -0.282222
v 0.328317 0.373206 -0.294149
v 0.189394 0.498767 -0.264641
v 0.293523 0.349011 -0.282152
v 0.138400 0.463308 -0.282224
v 0.258727 0.324818 -0.294149
v 0.114517 0.446702 -0.319765
v 0.242432 0.313486 -0.319765
v 0.138400 0.463308 -0.357308
v 0.258727 0.324818 -0.345381
v 0.189395 0.498767 -0.374890
v 0.293523 0.349011 -0.357377
v -0.778183 0.272582 -0.300639
v -0.778182 0.272582 -0.338900
v -0.638356 0.780679 -0.342443
v -0.638356 0.780679 -0.297095
v 0.584963 1.122654 -0.300634
v 0.584963 1.122654 -0.338894
v 0.426980 0.641262 -0.342439
v 0.426980 0.641262 -0.297090
v 0.873942 1.062733 -0.300633
v 0.584963 1.122654 -0.300634
v 0.576045 1.135771 -0.294685
v 0.812435 1.168295 -0.294684
v 0.567125 1.148890 -0.300634
v 0.750927 1.273856 -0.300633
v 0.558207 1.162007 -0.294685
v 0.675383 1.369876 -0.294684
v 0.549288 1.175126 -0.300634
v 0.599839 1.465894 -0.300634
v 0.046450 1.010888 -0.001399
v 0.077847 0.996217 0.038538
v 0.041573 1.046008 0.002157
v 0.119319 0.960382 0.057332
v 0.090658 1.023326 0.034253
v 0.019550 1.051111 0.013437
v 0.127341 0.950320 0.075580
v 0.115230 1.012125 0.091914
v 0.038250 1.053717 0.077538
v -0.011045 1.053668 0.000285
v -0.013426 1.049553 0.081534
v 0.067250 1.033235 0.133741
v -0.008280 1.009493 0.156467
v 0.089830 1.011393 0.169965
v 0.041575 0.978959 0.204621
v 0.132051 0.992034 0.193630
v 0.099711 0.950388 0.238264
v 0.180979 0.966817 0.197717
v 0.169483 0.923994 0.240308
v 0.233762 0.935412 0.179577
v 0.237613 0.903761 0.207224
v 0.290788 0.896335 0.120576
v 0.293351 0.890058 0.125093
v 0.126658 0.999399 0.114857
v 0.152845 0.988619 0.127803
v 0.182491 0.969368 0.136206
v 0.223287 0.939359 0.138346
v 0.147757 0.940966 0.084026
v 0.172447 0.928756 0.096375
v 0.212868 0.911784 0.111274
v 0.283979 0.891353 0.107610
v 0.286915 0.897345 0.113251
v 0.211806 0.885321 0.121213
v 0.212868 0.911784 0.111274
v 0.172447 0.928756 0.096375
v 0.162334 0.892747 0.111779
v 0.216843 0.868902 0.148425
v 0.156193 0.871644 0.152946
v 0.223644 0.856384 0.177310
v 0.151879 0.855664 0.196779
v 0.232085 0.864480 0.203030
v 0.155146 0.868279 0.235099
v 0.076980 0.890158 0.231342
v 0.014400 0.923163 0.194885
v -0.008287 0.954444 0.141578
v 0.292850 0.881873 0.123885
v 0.289890 0.879713 0.118552
v 0.287409 0.882102 0.113685
v 0.284821 0.885083 0.109296
v 0.283979 0.891353 0.107610
v 0.147757 0.940966 0.084026
v 0.126850 0.903930 0.099775
v 0.104426 0.885497 0.143442
v 0.083533 0.872804 0.190075
v 0.029213 0.902108 0.159571
v -0.002577 0.932617 0.112526
v -0.012152 0.989666 0.054569
v -0.008168 1.006108 0.066660
v 0.003425 1.012037 -0.003053
v -0.009982 1.019869 -0.000841
v 0.127341 0.950320 0.075580
v 0.098735 0.918611 0.086143
v 0.063307 0.907400 0.121437
v 0.040867 0.930253 0.085398
v 0.020272 0.983120 0.044688
v 0.018838 1.006922 -0.003786
v 0.119319 0.960382 0.057332
v 0.085148 0.934075 0.061063
v 0.053137 0.981208 0.036467
v 0.034503 1.004337 -0.004002
v 0.077847 0.996217 0.038538
v 0.046450 1.010888 -0.001399
v 0.268758 0.827649 0.140933
v 0.256750 0.769410 0.088533
v 0.153781 0.798840 0.090379
v 0.174479 0.854472 0.142321
v 0.161732 0.813542 0.038108
v 0.254896 0.786801 0.036249
v 0.365826 0.782685 0.067222
v 0.366932 0.833353 0.114211
v 0.354134 0.905745 0.107677
v 0.279233 0.911063 0.129992
v 0.206240 0.931781 0.130943
v 0.281489 0.964875 0.064294
v 0.228154 0.980085 0.065147
v 0.336229 0.952395 0.053095
v 0.408085 0.945342 0.026601
v 0.431679 0.917550 0.060207
v 0.452595 0.872899 0.061306
v 0.456772 0.840377 0.028371
v 0.354419 0.797617 0.022828
v 0.259463 0.841157 0.001306
v 0.183156 0.863113 0.002962
v 0.114663 0.902430 0.000302
v 0.086671 0.863274 0.030499
v 0.073542 0.853379 0.076334
v 0.225276 0.966158 -0.012512
v 0.273686 0.952202 -0.013574
v 0.324909 0.941258 -0.014103
v 0.397463 0.936826 -0.017894
v 0.500785 0.946793 -0.030576
v 0.503232 0.948793 -0.022528
v 0.508576 0.944925 -0.017433
v 0.513444 0.938202 -0.017844
v 0.514562 0.932571 -0.024103
v 0.443110 0.848351 -0.000309
v 0.341224 0.844642 -0.005266
v 0.143396 0.945088 -0.023703
v 0.205683 0.916349 -0.025169
v 0.165890 0.986655 -0.011991
v 0.225276 0.966158 -0.012512
v 0.265233 0.899127 -0.026568
v 0.273686 0.952202 -0.013574
v 0.329172 0.894964 -0.027149
v 0.424442 0.876516 -0.016581
v 0.511106 0.933432 -0.029638
v 0.324909 0.941258 -0.014103
v 0.406774 0.907219 -0.028595
v 0.507227 0.937416 -0.031808
v 0.397463 0.936826 -0.017894
v 0.503282 0.941414 -0.033238
v 0.500785 0.946793 -0.030576
v 0.076909 0.978983 -0.023558
v 0.053778 0.947223 -0.005556
v 0.030674 0.918539 0.017068
v 0.017616 0.912740 0.052115
v 0.094926 0.901076 0.122586
v 0.031344 0.951026 0.087157
v 0.133717 0.964036 0.113508
v 0.061557 0.998942 0.080289
v 0.164225 1.001131 0.056475
v 0.088198 1.025361 0.037182
v 0.165890 0.986655 -0.011991
v 0.093479 1.011788 -0.014529
v 0.013994 1.024956 -0.020419
v 0.006769 1.039212 -0.001069
v -0.007011 1.018800 0.035514
v -0.020164 0.988269 0.040901
v -0.023058 0.962970 0.021325
v -0.014349 0.965838 0.000298
v -0.002938 0.983438 -0.013634
v 0.007782 1.003355 -0.024865
v 0.013994 1.024956 -0.020419
v 0.093479 1.011788 -0.014529
v 0.513444 0.938202 -0.017844
v 0.511106 0.933432 -0.029638
v 0.514562 0.932571 -0.024103
v 0.507227 0.937416 -0.031808
v 0.508576 0.944925 -0.017433
v 0.503232 0.948793 -0.022528
v 0.503282 0.941414 -0.033238
v 0.500785 0.946793 -0.030576
v -0.578663 0.928191 -0.077702
v -0.575955 0.927208 -0.082451
v -0.576783 0.933793 -0.073853
v -0.572598 0.929303 -0.084967
v -0.572032 0.938456 -0.074972
v -0.567504 0.939711 -0.079857
v -0.569080 0.931503 -0.086910
v -0.566161 0.936080 -0.085907
v 0.034991 0.934630 -0.082866
v 0.045470 0.883074 -0.122827
v -0.021310 0.931235 -0.082852
v -0.024584 0.980111 -0.034250
v 0.006988 0.983151 -0.032780
v -0.056168 0.981383 -0.036954
v -0.077491 0.933552 -0.086966
v -0.076491 0.998777 -0.046025
v -0.020359 0.880653 -0.121308
v 0.045706 0.827411 -0.162094
v 0.087536 0.849279 -0.192102
v 0.078364 0.792811 -0.232815
v 0.055809 0.836393 -0.286298
v 0.044519 0.785077 -0.318713
v -0.013289 0.801610 -0.336027
v -0.015459 0.853855 -0.310810
v -0.009232 0.747667 -0.374927
v -0.024465 1.048414 -0.065186
v -0.019229 1.030833 -0.165921
v 0.014439 1.035429 -0.056010
v 0.049162 1.010598 -0.145696
v -0.017239 0.975116 -0.238488
v 0.062354 0.954917 -0.211654
v -0.016533 0.911626 -0.282612
v 0.062580 0.893209 -0.254669
v 0.087545 0.907091 -0.151596
v 0.071104 0.960783 -0.102626
v 0.027369 1.001673 -0.039221
v 0.040692 0.770649 -0.207584
v 0.063367 0.741979 -0.282768
v 0.028953 0.734969 -0.366598
v -0.002045 0.686499 -0.450458
v 0.005874 0.683628 -0.449414
v 0.041964 0.701217 -0.351016
v 0.008718 0.675572 -0.447756
v 0.021994 0.683406 -0.344247
v 0.004204 0.670878 -0.447179
v -0.008850 0.680589 -0.345116
v -0.001667 0.670323 -0.447688
v -0.039691 0.681346 -0.348098
v -0.007578 0.670471 -0.447963
v -0.059795 0.697797 -0.357347
v -0.012285 0.674845 -0.449153
v -0.047233 0.732422 -0.371347
v -0.009813 0.683081 -0.450456
v -0.009232 0.747667 -0.374927
v -0.002045 0.686499 -0.450458
v -0.091700 0.737909 -0.290529
v -0.061950 0.717097 -0.271137
v -0.113124 0.790492 -0.239686
v -0.014543 0.716116 -0.266697
v -0.076838 0.769217 -0.211810
v -0.125241 0.849386 -0.197656
v -0.085065 0.827475 -0.165513
v -0.126507 0.907697 -0.156800
v -0.018142 0.767700 -0.206783
v 0.032934 0.719578 -0.266365
v -0.019763 0.825149 -0.160462
v -0.086023 0.883450 -0.126027
v -0.112558 0.959020 -0.109310
v -0.088503 1.009275 -0.150716
v -0.098157 0.955368 -0.215561
v -0.097017 0.893289 -0.258829
v -0.087879 0.834647 -0.291433
v -0.071638 0.782043 -0.324533
v -0.013289 0.801610 -0.336027
v -0.015459 0.853855 -0.310810
v -0.016533 0.911626 -0.282612
v -0.017239 0.975116 -0.238488
v -0.019229 1.030833 -0.165921
v -0.024465 1.048414 -0.065186
v -0.063425 1.033242 -0.061109
v -0.136075 0.984094 -0.033066
v -0.059189 1.038512 -0.035383
v -0.058752 1.059524 -0.011063
v -0.175964 1.004864 -0.013741
v -0.046536 1.056051 0.021057
v -0.216712 0.944710 -0.035677
v -0.232279 0.979629 0.022274
v -0.279969 0.915029 -0.042377
v -0.125255 1.007270 0.064932
v -0.030921 1.031773 0.038576
v -0.093956 0.968380 0.093247
v -0.215059 0.965986 0.094083
v -0.299872 0.953166 0.023615
v -0.327422 0.899807 -0.048486
v -0.346326 0.938344 0.017857
v -0.378429 0.894532 -0.053333
v -0.392659 0.927893 0.004887
v -0.456216 0.904894 -0.064565
v -0.464888 0.926943 -0.025440
v -0.566161 0.936080 -0.085907
v -0.567504 0.939711 -0.079857
v -0.492781 0.914739 0.012481
v -0.572032 0.938456 -0.074972
v -0.521343 0.877323 0.024561
v -0.576783 0.933793 -0.073853
v -0.531387 0.838849 0.002024
v -0.516705 0.835936 -0.026471
v -0.434559 0.776603 0.021194
v -0.451581 0.778432 0.065932
v -0.447572 0.840783 0.094545
v -0.422178 0.904490 0.067914
v -0.359682 0.910220 0.096623
v -0.293659 0.930498 0.104743
v -0.177359 0.913699 0.131598
v -0.070485 0.923215 0.076322
v -0.143630 0.856764 0.109370
v -0.075699 0.915921 0.039853
v -0.344367 0.762414 0.108930
v -0.359018 0.835234 0.136127
v -0.266016 0.863277 0.147646
v -0.234893 0.795268 0.122753
v -0.145533 0.850464 0.061126
v -0.230870 0.791644 0.068210
v -0.166715 0.874918 0.014428
v -0.243391 0.825567 0.014946
v -0.332564 0.760933 0.055246
v -0.326315 0.800182 0.004279
v -0.411547 0.809567 -0.017778
v -0.493517 0.854192 -0.048435
v -0.094977 0.932485 0.004838
v -0.115637 0.953287 -0.026873
v -0.190301 0.904487 -0.027902
v -0.258501 0.865085 -0.033300
v -0.322020 0.845191 -0.041529
v -0.389543 0.847634 -0.052038
v -0.470811 0.876032 -0.067111
v -0.378429 0.894532 -0.053333
v -0.456216 0.904894 -0.064565
v -0.578663 0.928191 -0.077702
v -0.575955 0.927208 -0.082451
v -0.572598 0.929303 -0.084967
v -0.569080 0.931503 -0.086910
v -0.566161 0.936080 -0.085907
v -0.327422 0.899807 -0.048486
v -0.279969 0.915029 -0.042377
v -0.216712 0.944710 -0.035677
v -0.136075 0.984094 -0.033066
v -0.059189 1.038512 -0.035383
v -0.050155 1.018630 -0.030642
v -0.039019 1.006048 -0.011871
v -0.028193 0.996508 0.008578
v -0.022631 1.002279 0.029887
v -0.529669 0.606899 -0.124616
v -0.527364 0.604656 -0.128746
v -0.530661 0.613583 -0.124647
v -0.525880 0.605980 -0.132842
v -0.529277 0.618000 -0.129214
v -0.526690 0.617842 -0.135214
v -0.524346 0.607783 -0.136632
v -0.524308 0.612491 -0.138819
v -0.169931 0.746584 0.048186
v -0.114843 0.837181 0.043236
v -0.114308 0.842733 -0.024876
v -0.166957 0.756467 -0.034810
v -0.120233 0.853690 -0.092034
v -0.171742 0.772862 -0.116626
v -0.206379 0.768285 0.104575
v -0.144347 0.855919 0.089638
v -0.278006 0.687735 0.096519
v -0.240816 0.663656 0.036813
v -0.233194 0.678885 -0.049806
v -0.233021 0.701703 -0.135020
v -0.281504 0.833270 0.081610
v -0.208303 0.906271 0.070466
v -0.346381 0.767797 0.074651
v -0.405569 0.711343 0.042815
v -0.361155 0.627893 0.057589
v -0.330187 0.604659 0.003830
v -0.317049 0.622821 -0.071386
v -0.309498 0.648688 -0.145002
v -0.314036 0.874311 -0.014341
v -0.237981 0.935996 -0.008518
v -0.371044 0.821314 -0.024488
v -0.413402 0.769388 -0.041309
v -0.459628 0.704069 -0.072688
v -0.465468 0.660932 -0.021149
v -0.448530 0.600411 -0.015827
v -0.429242 0.584092 -0.051766
v -0.415400 0.598064 -0.099236
v -0.404693 0.617711 -0.145347
v -0.525880 0.605980 -0.132842
v -0.524346 0.607783 -0.136632
v -0.527364 0.604656 -0.128746
v -0.529669 0.606899 -0.124616
v -0.530661 0.613583 -0.124647
v -0.529277 0.618000 -0.129214
v -0.526690 0.617842 -0.135214
v -0.435683 0.702121 -0.135438
v -0.380518 0.764841 -0.138345
v -0.336979 0.814071 -0.134405
v -0.283746 0.865311 -0.119005
v -0.214905 0.926441 -0.094432
v -0.327691 0.699182 -0.183740
v -0.265412 0.749388 -0.182018
v -0.408758 0.655117 -0.168105
v -0.524308 0.612491 -0.138819
v -0.435683 0.702121 -0.135438
v -0.526690 0.617842 -0.135214
v -0.380518 0.764841 -0.138345
v -0.336979 0.814071 -0.134405
v -0.283746 0.865311 -0.119005
v -0.209305 0.810923 -0.162699
v -0.214905 0.926441 -0.094432
v -0.153101 0.882771 -0.130137
v -0.131831 0.989884 -0.065666
v -0.092534 0.954897 -0.090822
v -0.039790 1.034950 -0.038580
v -0.023600 1.010937 -0.052649
v -0.071158 0.932419 -0.064370
v -0.014648 0.995451 -0.038108
v -0.066901 0.925017 -0.018198
v -0.012989 0.990781 -0.013366
v -0.145800 0.998860 -0.006112
v -0.126281 0.977139 0.048380
v -0.085146 0.937911 0.061331
v -0.066636 0.922033 0.028659
v -0.012839 0.989371 0.011819
v -0.020560 1.000863 0.030230
v -0.037508 1.027389 0.023548
v -0.045464 1.041529 -0.005999
v -0.131831 0.989884 -0.065666
v -0.039790 1.034950 -0.038580
v 0.112923 0.806121 -0.116714
v 0.133967 0.738852 -0.148494
v 0.073609 0.807311 -0.145343
v 0.053142 0.874374 -0.115494
v 0.087673 0.874020 -0.089796
v 0.021516 0.877982 -0.144481
v 0.174882 0.751833 -0.147690
v 0.190071 0.691219 -0.192420
v 0.153099 0.818927 -0.115957
v 0.122888 0.887484 -0.088090
v 0.107751 0.931223 -0.177439
v 0.137431 0.864025 -0.218514
v 0.136967 0.916938 -0.130756
v 0.170048 0.848693 -0.165523
v 0.191366 0.784817 -0.196869
v 0.202125 0.728059 -0.231451
v 0.204456 0.675951 -0.278495
v 0.199260 0.643750 -0.257723
v 0.154127 0.677675 -0.194343
v 0.093403 0.741450 -0.176992
v 0.037772 0.811687 -0.177918
v 0.014257 0.893977 -0.177862
v 0.157239 0.803060 -0.249604
v 0.169692 0.749467 -0.275140
v 0.179713 0.694901 -0.304532
v 0.196430 0.627876 -0.357696
v 0.202020 0.623358 -0.353295
v 0.201516 0.615275 -0.350359
v 0.174919 0.632212 -0.260840
v 0.117299 0.681630 -0.218585
v 0.056367 0.747347 -0.209461
v 0.030188 0.828034 -0.216070
v 0.055562 0.921816 -0.198048
v 0.077878 0.855533 -0.240624
v 0.107751 0.931223 -0.177439
v 0.048017 0.765711 -0.247382
v 0.083483 0.689098 -0.246080
v 0.148832 0.635981 -0.276259
v 0.196053 0.611996 -0.351606
v 0.137431 0.864025 -0.218514
v 0.096174 0.795241 -0.271715
v 0.074422 0.709887 -0.277147
v 0.124728 0.642801 -0.293604
v 0.190985 0.612835 -0.354548
v 0.157239 0.803060 -0.249604
v 0.115366 0.742107 -0.295107
v 0.116534 0.661232 -0.311833
v 0.186039 0.614379 -0.357315
v 0.169692 0.749467 -0.275140
v 0.142459 0.689111 -0.319091
v 0.183731 0.619479 -0.360537
v 0.179713 0.694901 -0.304532
v 0.188746 0.626527 -0.360910
v 0.196430 0.627876 -0.357696
v -0.041136 0.917214 0.237769
v -0.042659 0.903490 0.217003
v -0.052477 0.949835 0.169371
v -0.051776 0.966797 0.187157
v -0.009573 0.931042 0.243857
v -0.020341 0.978253 0.194973
v -0.049232 1.002599 0.113844
v -0.027541 1.008929 0.151975
v -0.049702 0.985096 0.101060
v -0.034930 0.969289 0.090471
v -0.035708 0.936155 0.152516
v -0.026934 0.895144 0.195794
v -0.018707 0.852769 0.248452
v -0.015952 0.861787 0.268683
v 0.010907 0.877055 0.272719
v 0.035954 0.882009 0.252305
v 0.021795 0.928874 0.224726
v 0.012714 0.969546 0.180995
v 0.002478 1.001669 0.144699
v -0.013871 1.038890 0.081691
v 0.008487 1.038533 0.066223
v -0.034323 1.037178 0.061739
v -0.037940 1.027599 0.053082
v -0.026605 1.012589 0.048412
v -0.013379 0.999714 0.044458
v -0.017722 0.955398 0.081185
v -0.016206 0.924480 0.137297
v -0.008391 0.888678 0.176349
v -0.007018 0.850676 0.227022
v 0.019746 0.802961 0.259025
v 0.023675 0.807208 0.274501
v 0.041689 0.820776 0.276859
v 0.025451 0.805481 0.242485
v 0.073701 0.758875 0.235822
v 0.007317 0.850221 0.207175
v 0.015549 0.892451 0.170676
v 0.008247 0.924780 0.134198
v 0.003974 0.953401 0.080890
v 0.004003 0.997162 0.045966
v -0.002205 1.031048 -0.006007
v -0.008932 1.031451 -0.006573
v -0.014655 1.032791 -0.007065
v -0.019076 1.035323 -0.005055
v 0.027242 0.857381 0.200292
v 0.033353 0.809208 0.227186
v 0.074913 0.760723 0.230177
v 0.046371 0.817676 0.221323
v 0.076298 0.763330 0.224826
v 0.080662 0.768091 0.222481
v -0.020111 1.047738 0.000866
v -0.007517 1.054380 0.003416
v 0.004133 1.047415 0.001528
v 0.016782 1.015619 0.057168
v 0.002574 1.037618 -0.003277
v 0.004003 0.997162 0.045966
v -0.002205 1.031048 -0.006007
v 0.056496 0.829773 0.260822
v 0.058856 0.828675 0.236865
v 0.043346 0.873690 0.221241
v 0.033022 0.912437 0.193375
v 0.025244 0.946834 0.154972
v 0.019203 0.974721 0.097554
v 0.003974 0.953401 0.080890
v 0.008247 0.924780 0.134198
v 0.015549 0.892451 0.170676
v 0.027242 0.857381 0.200292
v 0.046371 0.817676 0.221323
v 0.080662 0.768091 0.222481
v 0.085866 0.772101 0.228646
v 0.086179 0.770922 0.237258
v 0.082236 0.765994 0.242953
v 0.076021 0.760041 0.242009
v 0.005874 0.683628 -0.449414
v 0.004204 0.670878 -0.447179
v 0.008718 0.675572 -0.447756
v -0.001667 0.670323 -0.447688
v -0.002045 0.686499 -0.450458
v -0.009813 0.683081 -0.450456
v -0.007578 0.670471 -0.447963
v -0.012285 0.674845 -0.449153
v -0.309426 0.881882 0.116688
v -0.306406 0.879678 0.111405
v -0.309935 0.890033 0.117874
v -0.303890 0.882050 0.106535
v -0.307635 0.895792 0.113615
v -0.303571 0.895920 0.105197
v -0.301229 0.885062 0.102106
v -0.300669 0.890030 0.100572
v 0.086058 0.700360 0.181408
v 0.155885 0.705500 0.147967
v 0.136907 0.653326 0.131874
v 0.081347 0.636285 0.148853
v 0.089231 0.792543 0.186991
v 0.163401 0.792010 0.153103
v 0.000000 0.793008 0.195615
v 0.000000 0.695898 0.191440
v 0.000000 0.627805 0.157016
v 0.082620 0.886223 0.173482
v 0.150110 0.880158 0.141835
v 0.000001 0.891422 0.182771
v -0.082619 0.886224 0.173482
v -0.089230 0.792543 0.186991
v -0.086058 0.700361 0.181407
v -0.081347 0.636285 0.148852
v 0.075366 0.957100 0.138384
v 0.128255 0.937609 0.123409
v 0.000001 0.966704 0.145609
v -0.075365 0.957100 0.138383
v -0.128253 0.937610 0.123408
v -0.150109 0.880158 0.141834
v -0.163400 0.792010 0.153102
v -0.155884 0.705500 0.147966
v -0.136906 0.653326 0.131873
v -0.157107 0.636285 0.080626
v -0.198431 0.700361 0.085063
v -0.209410 0.792543 0.087584
v -0.190502 0.886224 0.081382
v -0.145556 0.957100 0.074704
v -0.078387 0.997424 0.077622
v 0.000001 1.010671 0.080831
v 0.078389 0.997423 0.077623
v 0.081755 1.010671 0.000001
v 0.154080 0.966704 0.000001
v 0.145558 0.957100 0.074705
v 0.203865 0.891422 0.000001
v -0.224708 0.793009 -0.000000
v -0.203863 0.891422 -0.000000
v -0.154078 0.966704 0.000000
v -0.081753 1.010671 0.000000
v 0.000001 1.024825 0.000001
v 0.190504 0.886223 0.081383
v 0.224710 0.793008 0.000001
v 0.209411 0.792543 0.087585
v 0.212906 0.695898 0.000001
v 0.198432 0.700361 0.085064
v 0.167260 0.627805 0.000001
v 0.157108 0.636285 0.080627
v 0.091577 0.594869 0.000001
v 0.086876 0.604732 0.085197
v 0.000001 0.586450 0.000001
v 0.000000 0.594869 0.089057
v -0.091576 0.594869 0.000000
v -0.086875 0.604732 0.085197
v -0.167259 0.627805 -0.000000
v -0.212904 0.695899 -0.000000
v -0.148166 0.995798 -0.054234
v -0.037107 1.045429 -0.001569
v -0.045290 1.035403 0.029591
v -0.158697 0.981231 0.006263
v -0.036591 1.009168 0.046231
v -0.229173 0.913425 -0.090777
v -0.131066 0.942898 0.042565
v -0.022678 0.994637 0.034857
v -0.238432 0.900929 -0.009459
v -0.277794 0.822617 -0.108669
v -0.284901 0.815146 -0.020077
v -0.192811 0.865143 0.042059
v -0.099792 0.922164 0.024424
v -0.011142 0.992318 0.012511
v -0.077140 0.918722 -0.017670
v -0.000788 0.993319 -0.010498
v -0.058104 0.919758 -0.061636
v -0.000213 1.006981 -0.029126
v -0.062830 0.938972 -0.098340
v -0.018047 1.033761 -0.026840
v -0.107574 0.978276 -0.099270
v -0.037107 1.045429 -0.001569
v -0.148166 0.995798 -0.054234
v -0.172576 0.895287 -0.148417
v -0.229173 0.913425 -0.090777
v -0.216317 0.804136 -0.170585
v -0.093616 0.840351 -0.093237
v -0.117602 0.840606 -0.034945
v -0.105028 0.857656 -0.143334
v -0.139950 0.771312 -0.163818
v -0.177192 0.688021 -0.162060
v -0.246985 0.718349 -0.168285
v -0.222639 0.614060 -0.143102
v -0.273510 0.641866 -0.147729
v -0.278332 0.551460 -0.114934
v -0.305203 0.571126 -0.117564
v -0.345929 0.493471 -0.087023
v -0.351265 0.498250 -0.087708
v -0.277794 0.822617 -0.108669
v -0.301877 0.738362 -0.111407
v -0.312971 0.661665 -0.104351
v -0.325638 0.585019 -0.093044
v -0.355023 0.501351 -0.082905
v -0.225933 0.613574 -0.060595
v -0.245733 0.622402 -0.018927
v -0.183568 0.684509 -0.053626
v -0.211309 0.692786 0.001397
v -0.279109 0.639243 -0.002941
v -0.256843 0.710618 0.022225
v -0.181192 0.767649 0.014215
v -0.231371 0.785985 0.036881
v -0.147471 0.844965 0.020411
v -0.149609 0.761488 -0.045789
v -0.124973 0.758620 -0.109234
v -0.162374 0.678878 -0.111854
v -0.211171 0.606953 -0.104757
v -0.271844 0.546520 -0.092741
v -0.279230 0.551198 -0.068121
v -0.289577 0.557359 -0.044990
v -0.307902 0.569491 -0.035818
v -0.327244 0.584565 -0.058284
v -0.315944 0.660781 -0.042595
v -0.306759 0.735301 -0.030071
v -0.344437 0.491911 -0.081870
v -0.345888 0.492707 -0.077497
v -0.347429 0.494072 -0.073318
v -0.351427 0.497424 -0.071333
v -0.355357 0.501195 -0.076066
v -0.355023 0.501351 -0.082905
v -0.325638 0.585019 -0.093044
v -0.312971 0.661665 -0.104351
v -0.301877 0.738362 -0.111407
v -0.309935 0.890033 0.117874
v -0.307635 0.895792 0.113615
v -0.254236 0.903745 0.207174
v -0.250289 0.935317 0.179841
v -0.303571 0.895920 0.105197
v -0.186050 0.923994 0.240306
v -0.300669 0.890030 0.100572
v -0.268730 0.940862 0.095025
v -0.197363 0.966852 0.197839
v -0.116278 0.950388 0.238264
v -0.093548 0.890158 0.231341
v -0.171714 0.868279 0.235097
v -0.248705 0.864497 0.203002
v -0.309426 0.881882 0.116688
v -0.228326 0.909482 0.111463
v -0.301229 0.885062 0.102106
v -0.219492 0.963001 0.088354
v -0.148565 0.992044 0.193642
v -0.058142 0.978959 0.204620
v -0.030968 0.923162 0.194884
v -0.045780 0.902107 0.159571
v -0.100101 0.872804 0.190074
v -0.168447 0.855664 0.196777
v -0.240207 0.856383 0.177331
v -0.306406 0.879678 0.111405
v -0.008287 0.954444 0.141578
v -0.013990 0.932613 0.112529
v -0.057433 0.930252 0.085398
v -0.079873 0.907400 0.121436
v -0.120993 0.885497 0.143441
v -0.172761 0.871644 0.152944
v -0.233307 0.868921 0.148404
v -0.303890 0.882050 0.106535
v -0.036664 0.983120 0.044688
v -0.004234 0.989701 0.054524
v -0.008168 1.006108 0.066660
v -0.009982 1.019869 -0.000841
v -0.019807 1.012243 -0.003102
v -0.035404 1.006923 -0.003789
v -0.008280 1.009493 0.156467
v -0.106377 1.011445 0.169852
v -0.190835 0.976324 0.079813
v -0.187801 0.926579 0.096430
v -0.228202 0.885335 0.121214
v -0.303890 0.882050 0.106535
v -0.233307 0.868921 0.148404
v -0.178901 0.892747 0.111777
v -0.172761 0.871644 0.152944
v -0.143417 0.903930 0.099773
v -0.120993 0.885497 0.143441
v -0.115302 0.918611 0.086142
v -0.079873 0.907400 0.121436
v -0.101692 0.934026 0.061105
v -0.134780 0.959936 0.056665
v -0.142724 0.948818 0.075223
v -0.127528 1.005896 0.060022
v -0.069433 0.981158 0.036505
v -0.096227 0.996922 0.036214
v -0.099166 1.023944 0.042523
v -0.054798 1.053681 0.077591
v -0.083805 1.033272 0.133641
v -0.158760 0.991180 0.069612
v -0.163249 0.939060 0.084005
v -0.050966 1.004314 -0.003995
v -0.063364 1.011221 -0.001272
v -0.072759 1.047800 0.014654
v -0.048954 1.049932 0.015765
v -0.011045 1.053668 0.000285
v -0.013426 1.049553 0.081534
v -0.057433 0.930252 0.085398
v -0.036664 0.983120 0.044688
v -0.035404 1.006923 -0.003789
v 0.256276 0.828768 -0.472771
v 0.251896 0.820892 -0.478143
v 0.256380 0.822699 -0.476005
v 0.247571 0.822363 -0.478720
v 0.251238 0.833025 -0.471869
v 0.244790 0.833208 -0.473688
v 0.243414 0.824077 -0.478794
v 0.241051 0.828474 -0.477284
v 0.024931 0.987202 -0.140779
v -0.006191 0.959096 -0.127752
v 0.001089 0.943159 -0.102297
v 0.026771 0.939852 -0.079141
v 0.054533 0.939850 -0.058246
v 0.081982 0.953615 -0.055053
v 0.090967 0.983114 -0.086353
v 0.066192 0.996950 -0.122682
v 0.031455 1.039735 -0.027063
v 0.011928 1.051821 -0.051992
v 0.027676 1.013861 -0.007916
v 0.008524 1.001484 -0.012059
v -0.011654 1.001369 -0.027280
v -0.030601 1.004241 -0.043765
v -0.037482 1.018442 -0.060744
v -0.017380 1.043168 -0.066655
v 0.011928 1.051821 -0.051992
v 0.066192 0.996950 -0.122682
v 0.184411 0.786897 -0.413016
v 0.171138 0.816290 -0.411976
v 0.122376 0.827325 -0.357062
v 0.243414 0.824077 -0.478794
v 0.241051 0.828474 -0.477284
v 0.247571 0.822363 -0.478720
v 0.244790 0.833208 -0.473688
v 0.199285 0.849085 -0.396274
v 0.171103 0.877180 -0.350689
v 0.152034 0.910366 -0.314974
v 0.245419 0.847024 -0.381925
v 0.251238 0.833025 -0.471869
v 0.241290 0.873964 -0.326539
v 0.234018 0.907776 -0.283190
v 0.215147 0.955632 -0.231231
v 0.132327 0.954646 -0.268874
v 0.176906 1.019213 -0.166733
v 0.088911 0.858012 -0.306099
v 0.137526 0.783366 -0.342787
v 0.216199 0.769983 -0.406101
v 0.251896 0.820892 -0.478143
v 0.103998 1.011202 -0.208473
v 0.106590 1.079785 -0.091146
v 0.064431 0.905856 -0.253021
v 0.101358 0.812678 -0.273513
v 0.183516 0.757372 -0.322146
v 0.249941 0.757452 -0.398350
v 0.256380 0.822699 -0.476005
v 0.073511 0.866154 -0.210218
v 0.152107 0.786131 -0.238564
v 0.232892 0.737619 -0.302063
v 0.278415 0.767785 -0.387804
v 0.256276 0.828768 -0.472771
v 0.279760 0.812699 -0.378144
v 0.251238 0.833025 -0.471869
v 0.245419 0.847024 -0.381925
v 0.287460 0.821306 -0.300717
v 0.241290 0.873964 -0.326539
v 0.281383 0.853425 -0.232494
v 0.234018 0.907776 -0.283190
v 0.258670 0.909514 -0.166051
v 0.215147 0.955632 -0.231231
v 0.213735 0.982907 -0.100083
v 0.277590 0.752775 -0.290554
v 0.261345 0.782165 -0.196337
v 0.207409 0.766033 -0.206099
v 0.122775 0.844695 -0.166435
v 0.049296 0.928796 -0.154052
v 0.042525 0.962749 -0.196654
v 0.015943 1.012206 -0.136774
v 0.055943 1.063772 -0.134940
v -0.019067 1.073145 -0.083732
v -0.026314 1.033191 -0.096937
v -0.030961 1.069764 -0.086015
v -0.024197 1.028044 -0.100119
v -0.077578 1.009214 -0.132814
v -0.085798 0.981896 -0.101929
v 0.023290 0.982644 -0.103646
v -0.017408 1.012625 -0.049892
v -0.034921 1.006163 -0.051746
v 0.091994 0.914305 -0.108184
v 0.054397 0.974813 -0.062356
v -0.002080 1.009097 -0.021335
v -0.051487 1.003164 -0.021491
v -0.114771 0.976156 -0.063322
v -0.155118 0.919602 -0.109257
v 0.177085 0.829213 -0.126055
v 0.139216 0.905623 -0.065332
v 0.088042 0.972795 -0.022485
v 0.013674 1.009616 0.007549
v -0.067661 1.004639 0.009768
v -0.145688 0.975960 -0.026072
v -0.199048 0.913156 -0.070538
v -0.237819 0.838374 -0.130011
v 0.232839 0.845774 -0.116111
v 0.189015 0.925184 -0.052280
v 0.121912 0.996807 -0.003830
v 0.024595 1.029270 0.027445
v -0.074517 1.026470 0.031724
v -0.175343 0.999944 -0.008038
v -0.217719 0.941588 -0.027521
v -0.290340 0.855036 -0.121949
v -0.319061 0.790442 -0.200445
v -0.336704 0.858732 -0.237372
v -0.342552 0.825191 -0.305065
v -0.312438 0.915487 -0.169965
v -0.265045 0.987612 -0.102860
v -0.185042 1.052449 -0.036908
v -0.070353 1.067555 0.019676
v 0.019640 1.069098 0.016891
v 0.135107 1.051764 -0.035230
v 0.176906 1.019213 -0.166733
v 0.106590 1.079785 -0.091146
v 0.000841 1.087546 -0.018051
v -0.050457 1.085967 -0.018072
v -0.157382 1.077192 -0.088954
v -0.229025 1.019960 -0.163855
v -0.268975 0.957831 -0.230579
v -0.288870 0.910030 -0.285628
v -0.296002 0.876232 -0.330306
v -0.298389 0.848481 -0.383715
v -0.332843 0.814537 -0.379974
v -0.302808 0.833016 -0.471925
v -0.307857 0.828762 -0.472822
v -0.331489 0.769527 -0.388534
v -0.307959 0.822682 -0.476031
v -0.302922 0.758880 -0.398135
v -0.303490 0.820873 -0.478139
v -0.269074 0.771043 -0.405352
v -0.299170 0.822329 -0.478715
v -0.237158 0.787602 -0.411874
v -0.295004 0.824037 -0.478790
v -0.223809 0.816815 -0.411194
v -0.292628 0.828416 -0.477299
v -0.252090 0.850018 -0.396963
v -0.296349 0.833172 -0.473736
v -0.298389 0.848481 -0.383715
v -0.302808 0.833016 -0.471925
v -0.177920 0.829144 -0.354634
v -0.225990 0.878573 -0.351594
v -0.296002 0.876232 -0.330306
v -0.239619 0.761380 -0.320540
v -0.289001 0.742620 -0.302010
v -0.212077 0.792790 -0.237450
v -0.161718 0.817491 -0.269852
v -0.193520 0.786288 -0.339902
v -0.148243 0.860682 -0.301695
v -0.208559 0.911488 -0.313466
v -0.288870 0.910030 -0.285628
v -0.137627 0.870954 -0.206623
v -0.127274 0.908116 -0.246996
v -0.189962 0.955217 -0.263930
v -0.268975 0.957831 -0.230579
v -0.106753 0.962845 -0.190206
v -0.161590 1.009993 -0.201651
v -0.229025 1.019960 -0.163855
v -0.111620 1.059582 -0.130387
v -0.157382 1.077192 -0.088954
v -0.050457 1.085967 -0.018072
v -0.333404 0.757989 -0.292737
v -0.266703 0.774322 -0.207697
v -0.185489 0.851848 -0.166563
v -0.114739 0.931558 -0.151043
v 0.000841 1.087546 -0.018051
v 0.202020 0.623358 -0.353295
v 0.196053 0.611996 -0.351606
v 0.201516 0.615275 -0.350359
v 0.190985 0.612835 -0.354548
v 0.196430 0.627876 -0.357696
v 0.188746 0.626527 -0.360910
v 0.186039 0.614379 -0.357315
v 0.183731 0.619479 -0.360537
v 0.155886 0.705500 -0.155884
v 0.163402 0.792010 -0.163400
v 0.086060 0.700361 -0.198432
v 0.089232 0.792543 -0.209411
v 0.000002 0.695899 -0.212905
v 0.150111 0.880158 -0.150109
v 0.000001 0.627805 -0.167260
v -0.081346 0.636285 -0.157108
v 0.081348 0.636285 -0.157108
v 0.136907 0.653326 -0.136906
v 0.157109 0.636285 -0.081346
v 0.198433 0.700361 -0.086057
v 0.086876 0.604732 -0.086875
v 0.000001 0.594869 -0.091576
v -0.086874 0.604732 -0.086875
v -0.136905 0.653326 -0.136907
v -0.086057 0.700361 -0.198432
v 0.000002 0.793009 -0.224710
v 0.082621 0.886224 -0.190503
v 0.128256 0.937610 -0.128254
v 0.075367 0.957100 -0.145556
v 0.000002 0.891422 -0.203864
v -0.089229 0.792543 -0.209411
v -0.155883 0.705501 -0.155885
v -0.157107 0.636285 -0.081347
v -0.091576 0.594869 0.000000
v 0.000001 0.586450 0.000001
v 0.091577 0.594869 0.000001
v 0.167260 0.627805 0.000001
v 0.212906 0.695898 0.000001
v -0.198431 0.700361 -0.086059
v -0.163398 0.792011 -0.163401
v -0.082618 0.886224 -0.190504
v 0.000002 0.966704 -0.154079
v 0.000002 1.010671 -0.081754
v 0.078389 0.997424 -0.078387
v 0.145558 0.957100 -0.075365
v 0.190505 0.886224 -0.082619
v 0.209412 0.792543 -0.089230
v -0.209409 0.792543 -0.089231
v -0.150108 0.880159 -0.150110
v -0.075364 0.957100 -0.145557
v -0.078386 0.997424 -0.078388
v -0.190502 0.886224 -0.082620
v -0.128252 0.937610 -0.128255
v -0.145555 0.957100 -0.075366
v 0.224710 0.793008 0.000001
v 0.203865 0.891422 0.000001
v 0.154080 0.966704 0.000001
v 0.081755 1.010671 0.000001
v 0.000001 1.024825 0.000001
v -0.081753 1.010671 0.000000
v -0.154078 0.966704 0.000000
v -0.203863 0.891422 -0.000000
v -0.224708 0.793009 -0.000000
v -0.212904 0.695899 -0.000000
v -0.167259 0.627805 -0.000000
v 0.453376 0.619485 -0.162177
v 0.453198 0.610983 -0.161738
v 0.366715 0.610333 -0.051837
v 0.379918 0.662996 -0.062296
v 0.450460 0.624627 -0.168114
v 0.369156 0.696512 -0.109001
v 0.346828 0.593440 -0.079927
v 0.450417 0.607834 -0.166582
v 0.254720 0.626071 -0.015264
v 0.290907 0.648763 0.025979
v 0.334587 0.717474 -0.000973
v 0.334897 0.760492 -0.082001
v 0.447913 0.609082 -0.171768
v 0.330186 0.602001 -0.120259
v 0.234699 0.636496 -0.081623
v 0.163793 0.703966 -0.055808
v 0.182087 0.696970 0.023629
v 0.228428 0.718703 0.070027
v 0.297914 0.779055 0.031303
v 0.312141 0.814708 -0.068542
v 0.316237 0.615591 -0.160092
v 0.445273 0.610948 -0.176606
v 0.220445 0.653385 -0.148042
v 0.153554 0.716818 -0.135905
v 0.110113 0.793470 -0.120888
v 0.116893 0.785960 -0.041502
v 0.132052 0.783448 0.037081
v 0.178538 0.803103 0.082179
v 0.253956 0.850489 0.042012
v 0.274145 0.875598 -0.057615
v 0.316977 0.646748 -0.182873
v 0.444135 0.616478 -0.179550
v 0.235373 0.693035 -0.189627
v 0.182199 0.750854 -0.188792
v 0.142949 0.819372 -0.174137
v 0.106940 0.892695 -0.145690
v 0.079295 0.870455 -0.100837
v 0.083803 0.866100 -0.034165
v 0.095052 0.866504 0.031876
v 0.132606 0.886269 0.070242
v 0.194798 0.928065 0.036723
v 0.212621 0.947603 -0.047003
v 0.062454 0.958314 -0.106857
v 0.047262 0.937146 -0.075744
v 0.050551 0.933882 -0.029210
v 0.057485 0.935340 0.017011
v 0.079191 0.955371 0.044865
v 0.114553 0.995822 0.022490
v 0.123836 1.013455 -0.035734
v -0.006196 0.985623 -0.047338
v -0.003693 0.983277 -0.022352
v -0.000480 0.984533 0.002627
v 0.006390 0.999372 0.018869
v 0.015347 1.028199 0.007931
v 0.015943 1.040590 -0.023341
v 0.446601 0.623674 -0.175517
v 0.450460 0.624627 -0.168114
v 0.369156 0.696512 -0.109001
v 0.342563 0.690158 -0.160520
v 0.293034 0.750663 -0.162711
v 0.263269 0.803145 -0.162938
v 0.227286 0.862706 -0.150362
v 0.175590 0.932904 -0.125248
v 0.102029 0.998040 -0.091179
v 0.008252 1.029556 -0.054185
v -0.003084 1.001177 -0.064066
v 0.015943 1.040590 -0.023341
v 0.123836 1.013455 -0.035734
v 0.212621 0.947603 -0.047003
v 0.274145 0.875598 -0.057615
v 0.312141 0.814708 -0.068542
v 0.334897 0.760492 -0.082001
v -0.351427 0.497424 -0.071333
v -0.347429 0.494072 -0.073318
v -0.355357 0.501195 -0.076066
v -0.345888 0.492707 -0.077497
v -0.355023 0.501351 -0.082905
v -0.351265 0.498250 -0.087708
v -0.344437 0.491911 -0.081870
v -0.345929 0.493471 -0.087023
v -0.205018 0.615276 -0.350361
v -0.199555 0.611997 -0.351608
v -0.205522 0.623359 -0.353297
v -0.194488 0.612836 -0.354549
v -0.199932 0.627877 -0.357698
v -0.192249 0.626528 -0.360912
v -0.189542 0.614379 -0.357316
v -0.187234 0.619480 -0.360539
v -0.307959 0.822682 -0.476031
v -0.303490 0.820873 -0.478139
v -0.307857 0.828762 -0.472822
v -0.299170 0.822329 -0.478715
v -0.302808 0.833016 -0.471925
v -0.296349 0.833172 -0.473736
v -0.295004 0.824037 -0.478790
v -0.292628 0.828416 -0.477299
v -0.199932 0.627877 -0.357698
v -0.183215 0.694902 -0.304534
v -0.207959 0.675952 -0.278497
v -0.205522 0.623359 -0.353297
v -0.205628 0.728060 -0.231453
v -0.173195 0.749468 -0.275142
v -0.193574 0.691219 -0.192421
v -0.202763 0.643751 -0.257725
v -0.205018 0.615276 -0.350361
v -0.199555 0.611997 -0.351608
v -0.178422 0.632213 -0.260842
v -0.157631 0.677676 -0.194345
v -0.137470 0.738853 -0.148496
v -0.178385 0.751834 -0.147692
v -0.194869 0.784818 -0.196870
v -0.160742 0.803062 -0.249605
v -0.173551 0.848694 -0.165524
v -0.140933 0.864025 -0.218515
v -0.156602 0.818927 -0.115958
v -0.116426 0.806122 -0.116715
v -0.077112 0.807311 -0.145344
v -0.096907 0.741450 -0.176993
v -0.120801 0.681631 -0.218587
v -0.152335 0.635982 -0.276261
v -0.194488 0.612836 -0.354549
v -0.140470 0.916938 -0.130757
v -0.111253 0.931223 -0.177439
v -0.126391 0.887484 -0.088091
v -0.091176 0.874021 -0.089796
v -0.056645 0.874374 -0.115495
v -0.025019 0.877982 -0.144481
v -0.041275 0.811687 -0.177919
v -0.059869 0.747348 -0.209462
v -0.086986 0.689099 -0.246081
v -0.128231 0.642801 -0.293606
v -0.189542 0.614379 -0.357316
v -0.077925 0.709887 -0.277148
v -0.120037 0.661233 -0.311834
v -0.187234 0.619480 -0.360539
v -0.069694 0.996950 -0.122682
v -0.094470 0.983114 -0.086354
v -0.085484 0.953615 -0.055053
v -0.058036 0.939851 -0.058247
v -0.030274 0.939852 -0.079141
v -0.004591 0.943159 -0.102297
v 0.002688 0.959096 -0.127752
v -0.017760 0.893977 -0.177862
v -0.033690 0.828035 -0.216071
v -0.051519 0.765712 -0.247382
v -0.034958 1.039735 -0.027063
v -0.015431 1.051821 -0.051992
v -0.031180 1.013861 -0.007916
v -0.012027 1.001484 -0.012059
v 0.008151 1.001369 -0.027280
v 0.027098 1.004241 -0.043765
v 0.033980 1.018442 -0.060743
v 0.013877 1.043168 -0.066655
v -0.028433 0.987202 -0.140779
v -0.059065 0.921816 -0.198049
v -0.081381 0.855533 -0.240625
v -0.015431 1.051821 -0.051992
v -0.069694 0.996950 -0.122682
v -0.111253 0.931223 -0.177439
v -0.140933 0.864025 -0.218515
v -0.099676 0.795242 -0.271716
v -0.160742 0.803062 -0.249605
v -0.118868 0.742108 -0.295108
v -0.173195 0.749468 -0.275142
v -0.145961 0.689112 -0.319092
v -0.183215 0.694902 -0.304534
v -0.192249 0.626528 -0.360912
v -0.199932 0.627877 -0.357698
v 0.082236 0.765994 0.242953
v 0.073701 0.758875 0.235822
v 0.076021 0.760041 0.242009
v 0.074913 0.760723 0.230177
v 0.086179 0.770922 0.237258
v 0.085866 0.772101 0.228646
v 0.076298 0.763330 0.224826
v 0.080662 0.768091 0.222481
v 0.453376 0.619485 -0.162177
v 0.450417 0.607834 -0.166582
v 0.453198 0.610983 -0.161738
v 0.447913 0.609082 -0.171768
v 0.450460 0.624627 -0.168114
v 0.446601 0.623674 -0.175517
v 0.445273 0.610948 -0.176606
v 0.444135 0.616478 -0.179550
v 0.293351 0.890058 0.125093
v 0.289890 0.879713 0.118552
v 0.292850 0.881873 0.123885
v 0.287409 0.882102 0.113685
v 0.290788 0.896335 0.120576
v 0.286915 0.897345 0.113251
v 0.284821 0.885083 0.109296
v 0.283979 0.891353 0.107610
v 0.055158 0.668837 0.182228
v 0.055158 0.672913 0.182228
v 0.036772 0.668838 0.182228
v -0.036771 0.676995 0.182228
v -0.055157 0.676996 0.182228
v -0.055157 0.672919 0.182228
v -0.036771 0.672918 0.182228
v -0.018385 0.676994 0.182228
v -0.018385 0.672917 0.182228
v 0.000001 0.676993 0.182228
v 0.000000 0.672916 0.182228
v 0.018386 0.676992 0.182228
v 0.018386 0.672915 0.182228
v 0.036772 0.676991 0.182228
v 0.036772 0.672914 0.182228
v 0.055158 0.676990 0.182228
v 0.018386 0.668839 0.182228
v -0.055157 0.668843 0.182228
v -0.036771 0.668842 0.182228
v -0.018385 0.668841 0.182228
v 0.000000 0.668840 0.182228
v -0.002051 0.644091 0.180832
v 0.002630 0.644091 0.180832
v -0.001940 0.668416 0.180832
v 0.002550 0.668415 0.180832
v -0.000011 0.670590 0.180832
v 0.016121 0.670589 0.180832
v 0.015729 0.668415 0.180832
v 0.029095 0.668414 0.180832
v 0.032254 0.670588 0.180832
v 0.036667 0.648463 0.180832
v 0.032980 0.647656 0.180832
v 0.038774 0.626339 0.180832
v 0.035016 0.626122 0.180832
v 0.034721 0.605263 0.180832
v 0.038411 0.604214 0.180832
v 0.030114 0.586281 0.180832
v 0.033041 0.582089 0.180832
v 0.016518 0.577987 0.180832
v 0.015740 0.582712 0.180832
v -0.000004 0.580984 0.180832
v -0.000005 0.576173 0.180832
v -0.016527 0.577988 0.180832
v -0.015747 0.582714 0.180832
v -0.030120 0.586285 0.180832
v -0.033050 0.582093 0.180832
v -0.038417 0.604218 0.180832
v -0.034725 0.605267 0.180832
v -0.038778 0.626343 0.180832
v -0.035018 0.626125 0.180832
v -0.032967 0.647660 0.180832
v -0.036656 0.648467 0.180832
v -0.029116 0.668417 0.180832
v -0.032277 0.670592 0.180832
v -0.016144 0.670591 0.180832
v -0.015750 0.668416 0.180832
vn 0.3290 -0.0000 0.9443
vn -0.3290 -0.0000 0.9443
vn 0.0200 -0.3557 -0.9344
vn -0.0801 0.9967 0.0149
vn -0.0000 1.0000 -0.0000
vn -0.0149 0.9967 0.0801
vn 0.0652 0.9957 0.0652
vn -0.0652 0.9957 -0.0652
vn 0.0149 0.9967 -0.0801
vn 0.0801 0.9967 -0.0149
vn 0.6941 -0.1907 -0.6941
vn 0.6922 -0.2043 -0.6922
vn -0.0000 -0.1786 -0.9839
vn 0.9839 -0.1786 -0.0000
vn 0.9814 -0.1918 -0.0000
vn 0.9742 -0.2257 -0.0000
vn 0.6864 -0.2401 -0.6864
vn -0.0000 -0.1918 -0.9814
vn -0.6941 -0.1907 -0.6941
vn -0.6922 -0.2043 -0.6922
vn -0.9839 -0.1786 -0.0000
vn -0.9814 -0.1918 -0.0000
vn -0.6941 -0.1907 0.6941
vn -0.6922 -0.2043 0.6922
vn -0.0000 -0.1786 0.9839
vn -0.0000 -0.1918 0.9814
vn -0.6864 -0.2401 0.6864
vn -0.0001 -0.2257 0.9742
vn -0.9742 -0.2257 -0.0000
vn -0.6864 -0.2401 -0.6864
vn -0.0000 -0.2257 -0.9742
vn -0.6816 -0.2664 0.6816
vn -0.0000 -0.2502 0.9682
vn -0.9682 -0.2502 -0.0000
vn -0.6816 -0.2664 -0.6816
vn -0.0000 -0.2502 -0.9682
vn 0.6816 -0.2664 -0.6816
vn 0.9682 -0.2502 -0.0000
vn 0.6816 -0.2664 0.6816
vn 0.6864 -0.2401 0.6864
vn 0.6922 -0.2043 0.6922
vn 0.6941 -0.1907 0.6941
vn -0.0000 -0.2258 0.9742
vn -0.6809 -0.2699 0.6809
vn -0.0001 -0.2534 0.9674
vn -0.9674 -0.2534 -0.0000
vn -0.6809 -0.2699 -0.6809
vn -0.0000 -0.2534 -0.9674
vn 0.6809 -0.2699 -0.6809
vn 0.9674 -0.2534 -0.0000
vn 0.6809 -0.2699 0.6809
vn 0.0001 -0.2534 0.9674
vn 0.0001 -0.2502 0.9682
vn 0.0519 -0.9973 -0.0519
vn 0.0637 -0.9979 0.0119
vn -0.0000 -1.0000 -0.0000
vn -0.0119 -0.9979 -0.0637
vn -0.0637 -0.9979 -0.0119
vn -0.0519 -0.9973 0.0519
vn 0.0119 -0.9979 0.0637
vn -0.0000 0.0807 0.9967
vn -0.0001 0.0807 0.9967
vn -0.7042 0.0900 0.7042
vn -0.9967 0.0807 -0.0000
vn -0.7042 0.0900 -0.7042
vn -0.0000 0.0807 -0.9967
vn 0.7042 0.0900 -0.7042
vn 0.9967 0.0807 -0.0000
vn 0.7042 0.0900 0.7042
vn 0.0001 0.0807 0.9967
vn -0.5527 0.7874 -0.2728
vn -0.5527 0.7874 -0.2729
vn 0.5527 -0.7874 0.2729
vn 0.8969 0.4179 -0.1448
vn 0.0200 0.2987 0.9541
vn -0.7564 -0.6181 0.2142
vn 0.0594 0.9982 -0.0000
vn 0.4865 -0.2872 0.8251
vn 0.4315 -0.1125 0.8951
vn 0.1457 0.1791 0.9730
vn 0.4480 -0.1671 0.8783
vn 0.2849 0.1095 0.9523
vn 0.3179 -0.4566 0.8309
vn 0.2144 0.1597 0.9636
vn 0.3253 0.2183 0.9201
vn 0.2454 -0.3507 0.9038
vn 0.0835 -0.5710 0.8167
vn -0.4123 0.1287 0.9019
vn -0.1516 -0.1696 0.9738
vn -0.5037 0.3294 0.7986
vn -0.4629 0.2043 0.8625
vn -0.3458 0.4959 0.7965
vn -0.2677 0.3826 0.8843
vn -0.1170 0.6027 0.7893
vn -0.0190 0.5059 0.8624
vn 0.1129 0.5172 0.8484
vn -0.0087 0.0124 0.9999
vn -0.0100 -0.4786 0.8780
vn -0.1238 -0.5138 0.8489
vn -0.3301 -0.2213 0.9176
vn -0.2331 -0.1319 0.9635
vn -0.2896 -0.1131 0.9504
vn -0.3132 -0.2131 0.9255
vn -0.3132 -0.2130 0.9255
vn -0.3132 -0.2129 0.9255
vn -0.3131 -0.2127 0.9256
vn -0.3131 -0.2130 0.9255
vn -0.3133 -0.2127 0.9255
vn -0.3133 -0.2129 0.9255
vn -0.3131 -0.2129 0.9255
vn -0.3134 -0.2129 0.9254
vn 0.0882 -0.5581 -0.8251
vn -0.0541 -0.4427 -0.8951
vn -0.2202 -0.0697 -0.9730
vn 0.0320 0.4308 -0.9019
vn 0.2134 0.0785 -0.9738
vn -0.1210 0.5895 -0.7986
vn -0.0198 0.5056 -0.8625
vn -0.3340 0.5040 -0.7965
vn -0.2573 0.3896 -0.8843
vn -0.5175 0.3305 -0.7893
vn -0.4634 0.2037 -0.8624
vn -0.5225 0.0853 -0.8484
vn -0.3227 -0.2222 -0.9201
vn -0.2273 -0.1406 -0.9636
vn -0.2066 -0.2246 -0.9523
vn -0.0094 -0.4781 -0.8783
vn 0.3077 -0.4635 -0.8309
vn 0.3272 0.2256 -0.9176
vn 0.5233 -0.0739 -0.8489
vn 0.4487 -0.1667 -0.8780
vn 0.5003 -0.2876 -0.8167
vn 0.2359 -0.3571 -0.9038
vn -0.0084 0.0126 -0.9999
vn 0.2084 0.1682 -0.9635
vn 0.2117 0.2277 -0.9504
vn -0.3132 -0.2129 -0.9255
vn -0.3132 -0.2130 -0.9255
vn -0.3127 -0.2130 -0.9257
vn -0.3133 -0.2129 -0.9255
vn -0.3131 -0.2130 -0.9255
vn -0.3131 -0.2129 -0.9255
vn -0.3137 -0.2120 -0.9256
vn -0.3131 -0.2131 -0.9255
vn -0.3133 -0.2130 -0.9255
vn -0.3135 -0.2129 -0.9254
vn -0.6946 0.7194 -0.0000
vn -0.5623 0.8270 -0.0000
vn -0.4135 0.9105 -0.0000
vn 0.7327 -0.6805 -0.0000
vn 0.5623 -0.8270 -0.0000
vn 0.3634 -0.9316 -0.0000
vn 0.3240 0.8921 0.3149
vn 0.1436 0.9527 0.2678
vn -0.0423 0.9767 0.2104
vn -0.2265 0.9632 0.1449
vn -0.4021 0.9126 0.0739
vn -0.5622 0.8270 -0.0000
vn 0.8123 -0.5649 0.1449
vn 0.8927 -0.3985 0.2104
vn 0.9388 -0.2168 0.2678
vn 0.9487 -0.0268 0.3149
vn 0.9223 0.1643 0.3499
vn 0.8604 0.3490 0.3714
vn 0.7654 0.5204 0.3787
vn 0.6410 0.6717 0.3714
vn 0.6410 0.6717 0.3715
vn 0.4919 0.7972 0.3499
vn -0.6410 -0.6717 -0.3715
vn -0.4919 -0.7972 -0.3499
vn -0.3240 -0.8921 -0.3149
vn -0.1436 -0.9527 -0.2678
vn 0.0423 -0.9767 -0.2104
vn 0.2266 -0.9632 -0.1449
vn 0.4021 -0.9126 -0.0739
vn 0.5622 -0.8270 -0.0000
vn 0.7008 -0.7096 0.0739
vn -0.5623 0.8269 -0.0000
vn -0.7008 0.7095 -0.0739
vn -0.8123 0.5649 -0.1449
vn -0.8927 0.3985 -0.2104
vn -0.9388 0.2168 -0.2678
vn -0.9487 0.0268 -0.3149
vn -0.9223 -0.1643 -0.3499
vn -0.8603 -0.3490 -0.3715
vn -0.7654 -0.5204 -0.3787
vn 0.0761 0.9971 -0.0000
vn 0.0320 0.9349 0.3534
vn 0.2714 0.9271 0.2586
vn 0.2738 0.9614 -0.0267
vn -0.1247 0.9918 0.0267
vn -0.1275 0.9575 -0.2587
vn 0.1103 0.9289 -0.3534
vn -0.3131 -0.2129 -0.9256
vn -0.8640 -0.5034 -0.0000
vn -0.2266 0.9631 0.1450
vn 0.8124 -0.5649 0.1449
vn 0.9488 -0.0268 0.3149
vn 0.8603 0.3490 0.3714
vn 0.4920 0.7972 0.3499
vn -0.7008 0.7096 -0.0739
vn -0.8604 -0.3490 -0.3714
vn -0.4021 0.9126 -0.0739
vn -0.2266 0.9631 -0.1450
vn -0.0423 0.9767 -0.2104
vn 0.1436 0.9527 -0.2678
vn 0.3240 0.8921 -0.3149
vn 0.4920 0.7972 -0.3499
vn 0.6410 0.6717 -0.3714
vn 0.7654 0.5204 -0.3787
vn 0.8604 0.3490 -0.3714
vn 0.9223 0.1643 -0.3499
vn 0.9488 -0.0268 -0.3149
vn 0.9388 -0.2168 -0.2678
vn 0.8927 -0.3985 -0.2104
vn 0.8124 -0.5649 -0.1449
vn 0.7008 -0.7096 -0.0738
vn 0.7008 -0.7096 -0.0739
vn 0.4021 -0.9126 0.0739
vn 0.2266 -0.9632 0.1449
vn 0.0423 -0.9767 0.2104
vn -0.1436 -0.9527 0.2678
vn -0.3240 -0.8921 0.3149
vn -0.4919 -0.7972 0.3499
vn -0.6410 -0.6717 0.3714
vn -0.7654 -0.5204 0.3787
vn -0.7654 -0.5203 0.3787
vn -0.8604 -0.3490 0.3714
vn -0.9223 -0.1643 0.3499
vn -0.9488 0.0268 0.3149
vn -0.9388 0.2168 0.2678
vn -0.8927 0.3985 0.2104
vn -0.8123 0.5649 0.1449
vn -0.7008 0.7096 0.0739
vn -0.5622 0.8270 -0.0001
vn -0.2265 0.9632 -0.1449
vn 0.4919 0.7972 -0.3499
vn 0.9487 -0.0268 -0.3149
vn 0.8123 -0.5649 -0.1449
vn -0.9487 0.0268 0.3149
vn -0.7008 0.7095 0.0739
vn -0.3134 -0.2132 0.9254
vn -0.5538 0.1571 0.8177
vn 0.0072 0.0953 0.9954
vn -0.5367 0.1547 0.8295
vn -0.9728 0.2316 -0.0000
vn -0.5537 0.1571 -0.8177
vn -0.5367 0.1547 -0.8295
vn 0.0073 0.0953 -0.9954
vn 0.5712 0.0712 -0.8177
vn 0.5539 0.0714 -0.8295
vn 0.9967 0.0812 -0.0000
vn 0.5712 0.0712 0.8177
vn 0.5539 0.0714 0.8295
vn 0.0073 0.0953 0.9954
vn -0.7232 0.6901 0.0267
vn -0.5709 0.8210 -0.0000
vn -0.5658 0.7450 0.3534
vn -0.7037 0.6617 -0.2587
vn -0.5014 0.7898 -0.3534
vn -0.3951 0.9182 -0.0267
vn -0.3753 0.8901 0.2587
vn -0.1078 -0.9942 -0.0000
vn 0.2030 0.9792 -0.0000
vn 0.9852 -0.1713 -0.0000
vn 0.0665 -0.0286 0.9974
vn 0.4675 -0.0813 0.8802
vn -0.0967 0.1035 0.9899
vn 0.0121 0.0021 0.9999
vn -0.0224 -0.0770 0.9968
vn -0.0053 -0.0120 0.9999
vn 0.0798 -0.0083 0.9968
vn 0.0096 0.0272 0.9996
vn -0.0416 0.3302 0.9430
vn 0.0133 0.0640 0.9979
vn 0.8270 0.5623 -0.0000
vn 0.8270 0.5622 -0.0000
vn 0.8269 0.5623 -0.0000
vn -0.7859 -0.6183 -0.0000
vn -0.0000 -0.0000 1.0000
vn -0.0000 -0.0000 -1.0000
vn -0.9954 -0.0959 -0.0000
vn 0.9986 -0.0528 -0.0000
vn -0.0230 -0.9997 -0.0000
vn 0.4175 -0.9087 -0.0000
vn 0.7823 -0.6229 -0.0000
vn -0.5285 -0.2280 0.8177
vn -0.0546 0.0785 0.9954
vn -0.0546 0.0784 0.9954
vn -0.5138 -0.2191 0.8295
vn -0.9004 -0.4350 -0.0000
vn -0.5285 -0.2280 -0.8177
vn -0.5138 -0.2191 -0.8295
vn -0.0545 0.0785 -0.9954
vn -0.0546 0.0785 -0.9954
vn 0.3978 0.4160 -0.8177
vn 0.3843 0.4053 -0.8295
vn 0.7213 0.6926 -0.0000
vn 0.3978 0.4160 0.8177
vn 0.3843 0.4053 0.8295
vn -0.0545 0.0785 0.9954
vn 0.9642 -0.2653 -0.0000
vn -0.9501 0.3118 -0.0000
vn -0.0022 0.0724 -0.9974
vn 0.0964 0.4647 -0.8802
vn 0.0607 -0.1279 -0.9899
vn 0.0064 0.0105 -0.9999
vn -0.0799 0.0075 -0.9968
vn -0.0131 -0.0005 -0.9999
vn 0.0216 0.0773 -0.9968
vn 0.0289 -0.0011 -0.9996
vn 0.2918 -0.1601 -0.9430
vn 0.0644 -0.0112 -0.9979
vn -0.3341 0.0272 0.9421
vn -0.3503 0.3358 0.8744
vn -0.1374 -0.6499 0.7475
vn -0.6900 0.1823 0.7005
vn -0.6578 -0.4242 0.6224
vn -0.1679 -0.7832 0.5987
vn -0.6555 0.1190 0.7457
vn -0.7583 -0.6440 0.1011
vn -0.1898 -0.9765 -0.1022
vn -0.0003 -0.6462 0.7632
vn -0.0090 -0.9668 -0.2554
vn -0.2064 -0.9166 -0.3424
vn 0.0016 -0.6409 -0.7677
vn -0.1699 -0.8858 -0.4319
vn 0.4075 -0.4675 -0.7844
vn -0.2752 -0.8444 -0.4596
vn 0.1069 -0.3560 -0.9283
vn -0.4708 -0.7696 -0.4313
vn -0.2773 -0.2400 -0.9303
vn -0.6220 -0.7218 -0.3035
vn -0.6527 -0.1855 -0.7345
vn -0.8466 -0.5162 0.1296
vn -0.9778 -0.1619 -0.1332
vn -0.6401 -0.7487 0.1722
vn -0.5377 -0.7943 0.2827
vn -0.5685 -0.7617 0.3108
vn -0.4798 -0.7926 0.3764
vn -0.4273 -0.0471 0.9029
vn -0.4136 -0.0620 0.9083
vn -0.2161 -0.1444 0.9656
vn -0.4009 -0.1224 0.9079
vn -0.6288 -0.5572 0.5423
vn 0.0348 0.6749 0.7371
vn -0.2162 -0.1444 0.9656
vn -0.4137 -0.0620 0.9083
vn -0.0186 0.7066 0.7074
vn 0.0563 0.8985 0.4353
vn 0.1208 0.9070 0.4034
vn -0.1401 0.9888 0.0512
vn 0.1183 0.9928 -0.0197
vn -0.4860 0.6305 -0.6052
vn -0.0279 0.6211 -0.7832
vn 0.4166 0.4999 -0.7593
vn 0.7873 0.2898 -0.5442
vn -0.0001 0.5498 -0.8353
vn -0.9021 0.4292 -0.0450
vn -0.6070 0.6908 0.3928
vn -0.5268 0.5787 0.6226
vn -0.3874 0.4532 0.8029
vn -0.4009 -0.1225 0.9079
vn -0.4273 -0.0472 0.9029
vn 0.0186 0.7149 0.6989
vn 0.2109 0.8902 0.4039
vn 0.3588 0.9334 -0.0043
vn 0.5229 0.8485 0.0815
vn 0.7309 0.6327 0.2559
vn 0.8990 0.2884 0.3297
vn -0.0012 -1.0000 -0.0046
vn 0.3052 0.3398 0.8896
vn -0.0067 0.0979 0.9952
vn -0.6556 0.1190 0.7457
vn -0.0265 0.7808 0.6242
vn 0.2418 0.8784 0.4122
vn 0.3039 0.7749 0.5542
vn 0.2750 0.7820 0.5594
vn 0.1032 0.3460 0.9325
vn -0.0410 0.6706 0.7407
vn -0.0670 0.6737 0.7360
vn -0.0924 0.3063 0.9474
vn -0.3502 0.3359 0.8743
vn -0.3341 0.0271 0.9421
vn -0.0981 0.3332 -0.9378
vn 0.0511 0.9620 -0.2683
vn 0.4213 0.8640 -0.2757
vn 0.2046 0.2489 -0.9467
vn 0.3229 0.7444 0.5845
vn 0.1168 0.8027 0.5849
vn -0.3690 0.9089 -0.1943
vn -0.4277 0.2846 -0.8580
vn -0.3409 -0.4660 -0.8165
vn -0.2162 -0.4334 -0.8749
vn -0.0805 -0.4735 -0.8771
vn -0.2683 -0.9267 -0.2632
vn -0.2728 -0.9264 -0.2595
vn -0.2186 -0.9456 -0.2408
vn -0.1154 -0.9710 -0.2094
vn -0.4136 -0.5545 -0.7221
vn -0.6871 0.1136 -0.7176
vn -0.7107 0.7006 -0.0639
vn -0.1292 0.7725 0.6218
vn 0.1050 0.4817 0.8700
vn 0.1889 0.4583 0.8685
vn 0.2213 0.4307 0.8750
vn 0.4386 0.6644 0.6051
vn 0.6650 0.7076 -0.2387
vn -0.2087 -0.6910 0.6920
vn -0.1600 -0.7052 0.6907
vn -0.0773 -0.7303 0.6788
vn 0.0644 -0.7519 0.6561
vn -0.2242 -0.7606 0.6093
vn -0.3690 -0.9276 0.0579
vn -0.6503 -0.7123 -0.2639
vn -0.9199 -0.2996 -0.2531
vn -0.9690 0.1202 0.2159
vn -0.3321 0.6492 0.6843
vn 0.0007 0.4628 0.8865
vn 0.0537 0.0896 0.9945
vn 0.0644 0.1090 0.9920
vn -0.2490 -0.6833 0.6864
vn -0.2087 -0.6911 0.6920
vn 0.0417 0.1205 0.9918
vn 0.0125 0.0943 0.9955
vn -0.0776 0.4015 0.9126
vn -0.6705 0.0918 0.7362
vn 0.0208 0.0388 0.9990
vn -0.5260 -0.1283 0.8407
vn 0.0643 -0.7519 0.6561
vn -0.3525 -0.2808 0.8927
vn -0.2242 -0.7606 0.6092
vn 0.0263 0.0850 0.9960
vn 0.1954 0.4406 0.8762
vn 0.4550 0.6355 0.6238
vn 0.7806 0.5962 -0.1878
vn 0.4209 0.1046 -0.9011
vn 0.5725 -0.0190 -0.8197
vn 0.0322 -0.5512 -0.8338
vn 0.1702 -0.6352 -0.7533
vn -0.2596 -0.9367 -0.2350
vn -0.1726 -0.9654 -0.1954
vn -0.2375 -0.6825 0.6912
vn 0.4174 -0.5008 0.7583
vn 0.4952 -0.8431 0.2095
vn 0.7347 -0.6161 -0.2840
vn 0.9394 -0.2361 -0.2486
vn 0.9859 0.1178 0.1186
vn 0.8097 0.1310 0.5720
vn 0.7317 0.0157 0.6814
vn 0.5979 -0.1205 0.7924
vn -0.9199 -0.2995 -0.2531
vn -0.6705 0.0918 0.7363
vn -0.5260 -0.1282 0.8408
vn -0.6503 -0.7123 -0.2640
vn -0.3524 -0.2808 0.8927
vn 0.9852 0.0108 0.1710
vn 0.7141 0.1753 0.6777
vn 0.8486 -0.4990 -0.1760
vn 0.5415 0.0132 0.8406
vn 0.5098 -0.8561 -0.0848
vn 0.1971 -0.9371 0.2880
vn 0.3297 -0.0894 0.9398
vn 0.1000 -0.6050 0.7900
vn -0.3854 0.5283 -0.7566
vn -0.3883 0.5212 -0.7600
vn 0.0207 0.6564 -0.7542
vn 0.0680 0.0276 -0.9973
vn -0.1082 0.0443 -0.9931
vn 0.2082 0.0279 -0.9777
vn 0.4197 0.5364 -0.7323
vn 0.4993 -0.2628 -0.8256
vn 0.0212 0.5910 -0.8064
vn -0.3785 0.5665 -0.7320
vn -0.9644 0.2003 -0.1728
vn -0.9473 0.3020 -0.1069
vn -0.7303 -0.2536 0.6343
vn -0.7227 -0.2990 0.6231
vn -0.0339 -0.5124 0.8581
vn -0.0281 -0.4411 0.8970
vn -0.0272 -0.6824 0.7305
vn 0.0423 -0.8802 -0.4726
vn -0.0121 -0.9110 0.4123
vn -0.3455 -0.7295 -0.5904
vn -0.6804 -0.7086 0.1871
vn -0.0210 -0.6886 0.7248
vn -0.7258 -0.5035 0.4688
vn -0.0223 -0.5084 0.8608
vn -0.7342 -0.3287 0.5941
vn -0.9665 0.0607 -0.2496
vn -0.9153 -0.0747 -0.3959
vn -0.4395 -0.2840 -0.8522
vn -0.3730 0.6650 -0.6470
vn -0.9332 0.3594 -0.0049
vn -0.7112 -0.4295 0.5566
vn -0.0464 -0.4447 0.8945
vn -0.5061 -0.2770 0.8168
vn -0.9244 0.3569 0.1347
vn -0.6998 0.3127 0.6422
vn -0.3953 0.8959 -0.2029
vn -0.3379 0.7785 0.5289
vn -0.0161 0.9649 -0.2620
vn -0.0668 0.8034 0.5917
vn 0.3553 0.9219 -0.1547
vn 0.2049 0.7977 0.5672
vn 0.8703 0.4232 0.2518
vn 0.5780 0.3564 0.7341
vn 0.6566 -0.3796 0.6518
vn 0.4052 -0.2429 0.8814
vn -0.0271 -0.6823 0.7305
vn 0.9107 0.4057 0.0777
vn 0.3829 0.8155 -0.4339
vn 0.9475 0.3160 -0.0494
vn 0.0048 0.8428 -0.5381
vn 0.4043 0.6714 -0.6211
vn 0.9727 0.1954 -0.1252
vn 0.4183 0.5649 -0.7112
vn 0.9777 0.0592 -0.2016
vn 0.0174 0.6959 -0.7179
vn -0.3790 0.7974 -0.4695
vn 0.0212 0.6026 -0.7978
vn 0.4255 0.5201 -0.7405
vn 0.9387 -0.0585 -0.3398
vn 0.6704 -0.7030 0.2375
vn 0.6977 -0.5060 0.5072
vn 0.7032 -0.3335 0.6280
vn 0.6921 -0.2497 0.6772
vn 0.6716 -0.2712 0.6895
vn -0.0338 -0.5124 0.8581
vn -0.0280 -0.4411 0.8970
vn -0.0209 -0.6887 0.7248
vn -0.0120 -0.9110 0.4123
vn 0.0422 -0.8802 -0.4726
vn 0.4179 -0.7088 -0.5683
vn 0.0628 -0.1631 0.9846
vn -0.3593 -0.4926 0.7926
vn -0.2192 -0.9212 0.3213
vn 0.3917 -0.8097 0.4370
vn -0.3908 -0.8912 -0.2301
vn 0.1564 -0.3296 0.9311
vn 0.4140 -0.9039 0.1076
vn 0.0487 -0.3972 0.9164
vn 0.1743 -0.8017 -0.5718
vn -0.7786 -0.4905 -0.3914
vn -0.3381 -0.2965 -0.8932
vn 0.2151 -0.7720 -0.5981
vn 0.3278 -0.9357 0.1305
vn -0.0242 -0.4118 0.9110
vn 0.2384 -0.9641 0.1172
vn -0.1109 -0.4551 0.8835
vn 0.0826 -0.9916 0.0996
vn -0.2375 -0.4940 0.8364
vn -0.0921 -0.9928 0.0763
vn 0.1000 -0.6049 0.7900
vn 0.2934 -0.8020 -0.5203
vn 0.6950 -0.2123 -0.6870
vn 0.8206 0.5303 -0.2131
vn 0.4320 0.7532 0.4961
vn 0.2032 0.9074 0.3679
vn 0.5243 0.7492 -0.4047
vn 0.5415 -0.0574 -0.8388
vn 0.3319 -0.7434 -0.5807
vn 0.3270 -0.7052 -0.6291
vn 0.2756 -0.7225 -0.6341
vn -0.1721 -0.2122 -0.9619
vn -0.7734 0.3931 -0.4974
vn -0.5911 0.5390 -0.6001
vn -0.6913 0.6654 0.2816
vn 0.0801 0.8232 -0.5621
vn 0.2823 0.0046 -0.9593
vn 0.0161 -0.0756 -0.9970
vn -0.3344 0.7090 -0.6209
vn -0.5805 0.7777 0.2414
vn -0.4290 0.8753 0.2231
vn -0.4326 0.6604 0.6138
vn -0.3679 0.7057 0.6054
vn -0.1333 0.9568 0.2583
vn -0.1976 0.7529 0.6278
vn 0.0071 0.7209 0.6930
vn 0.1421 0.6270 0.7660
vn -0.4906 0.6060 0.6262
vn -0.2999 0.3967 0.8676
vn -0.2834 0.4005 0.8714
vn -0.2792 0.4301 0.8585
vn -0.1925 0.4608 0.8664
vn -0.0793 0.4203 0.9039
vn -0.0310 0.3313 0.9430
vn -0.1108 -0.4551 0.8835
vn -0.2375 -0.4941 0.8364
vn 0.7141 0.1752 0.6778
vn 0.5416 0.0132 0.8406
vn 0.3297 -0.0895 0.9398
vn 0.1000 -0.6050 0.7899
vn 0.0487 -0.3973 0.9164
vn 0.1563 -0.3296 0.9311
vn 0.0628 -0.1630 0.9846
vn -0.3593 -0.4927 0.7926
vn -0.7502 -0.0550 0.6589
vn -0.8874 -0.0766 0.4546
vn -0.9249 -0.0239 0.3795
vn -0.9963 -0.0780 -0.0363
vn 0.8679 0.4783 -0.1339
vn 0.5908 0.7695 0.2426
vn 0.9888 -0.0759 -0.1282
vn 0.5413 0.6924 0.4770
vn 0.9146 -0.3611 0.1820
vn 0.7538 -0.3298 0.5684
vn 0.4512 0.6007 0.6599
vn 0.5528 0.0989 0.8275
vn -0.7661 0.5657 -0.3050
vn -0.8351 0.4557 -0.3081
vn -0.8601 0.5013 0.0945
vn -0.8128 0.5739 0.0995
vn -0.8086 0.3598 0.4656
vn -0.7656 0.4378 0.4714
vn -0.2901 0.1979 -0.9363
vn -0.3822 0.0391 -0.9232
vn -0.1023 0.4161 -0.9036
vn -0.5960 0.7553 -0.2725
vn -0.6776 0.7241 0.1286
vn -0.6355 0.5887 0.4996
vn 0.4148 -0.4269 -0.8035
vn 0.3299 -0.5331 -0.7791
vn 0.5396 -0.2872 -0.7914
vn 0.6937 -0.1760 -0.6984
vn 0.1900 0.5912 -0.7839
vn -0.3105 0.9319 -0.1875
vn -0.4442 0.8745 0.1947
vn -0.4027 0.7284 0.5543
vn 0.6614 -0.7384 -0.1315
vn 0.5976 -0.7920 -0.1254
vn 0.7400 -0.6613 -0.1225
vn 0.8038 -0.5890 -0.0831
vn 0.7999 -0.5991 -0.0345
vn 0.8139 -0.1634 -0.5575
vn 0.5009 0.6299 -0.5936
vn 0.0231 0.9982 -0.0553
vn -0.1677 0.9424 0.2893
vn -0.1367 0.7689 0.6246
vn 0.4513 0.6007 0.6599
vn 0.5818 -0.5456 0.6031
vn 0.5716 -0.5303 0.6262
vn 0.4944 -0.5989 0.6300
vn 0.4249 -0.6681 0.6108
vn 0.3824 -0.7098 0.5916
vn -0.0075 0.1138 0.9935
vn -0.1867 0.0080 0.9824
vn 0.1689 0.1089 0.9796
vn 0.5528 0.0989 0.8274
vn 0.5818 -0.5456 0.6032
vn 0.5715 -0.5302 0.6263
vn 0.4944 -0.5988 0.6301
vn -0.2854 -0.1176 0.9512
vn 0.3823 -0.7097 0.5917
vn -0.3182 -0.1946 0.9278
vn 0.2946 -0.7640 0.5740
vn -0.3378 -0.2099 0.9175
vn -0.3864 -0.8526 0.3518
vn -0.7347 -0.4198 0.5330
vn -0.7819 0.4035 0.4753
vn -0.9726 -0.0728 0.2208
vn -0.8223 0.5599 0.1022
vn -0.9969 -0.0746 0.0239
vn 0.4805 -0.8683 -0.1229
vn 0.2280 -0.6127 -0.7567
vn -0.4228 -0.0084 -0.9062
vn -0.8187 0.4890 -0.3010
vn -0.9867 -0.0394 -0.1577
vn -0.7791 -0.2938 -0.5538
vn -0.4220 -0.7467 -0.5141
vn -0.2679 -0.9576 -0.1058
vn 0.2947 -0.7641 0.5739
vn -0.3864 -0.8526 0.3519
vn 0.2191 0.4505 -0.8655
vn 0.1881 0.5506 -0.8133
vn 0.5745 0.4806 -0.6625
vn 0.5627 0.5189 -0.6435
vn 0.2148 0.4672 -0.8577
vn 0.8327 0.4309 -0.3478
vn -0.6326 0.2558 -0.7310
vn -0.6840 0.4317 -0.5881
vn -0.6012 0.1181 -0.7903
vn -0.5833 0.0586 -0.8101
vn -0.5017 -0.6619 0.5570
vn -0.5512 -0.5566 0.6216
vn -0.8813 -0.4655 -0.0821
vn -0.9314 -0.3624 -0.0334
vn -0.9664 -0.2569 0.0088
vn -0.9821 -0.1745 0.0704
vn -0.9742 -0.1776 0.1392
vn -0.7537 0.5523 -0.3563
vn 0.1113 0.7370 -0.6667
vn 0.5503 0.5543 -0.6244
vn 0.8392 0.4052 -0.3628
vn 0.9069 -0.0290 0.4203
vn -0.5769 -0.4850 0.6573
vn -0.5797 -0.4641 0.6698
vn -0.5499 -0.5383 0.6386
vn -0.5345 -0.2569 0.8052
vn -0.8468 -0.0083 0.5318
vn -0.7768 0.5679 0.2720
vn -0.0128 0.9137 -0.4063
vn 0.4814 0.7192 -0.5010
vn 0.8118 0.4835 -0.3274
vn 0.9020 0.0070 0.4317
vn 0.2085 -0.5314 0.8211
vn 0.1808 -0.4465 0.8763
vn 0.8843 0.0933 0.4576
vn 0.7383 0.6408 -0.2106
vn 0.3624 0.8917 -0.2712
vn -0.2873 0.9055 0.3121
vn -0.5511 -0.5566 0.6216
vn 0.1680 -0.3817 0.9089
vn 0.8275 0.2040 0.5231
vn 0.6133 0.7899 0.0052
vn -0.0710 0.8717 0.4849
vn -0.5768 -0.4850 0.6573
vn 0.1528 -0.3535 0.9229
vn 0.7249 0.2641 0.6363
vn 0.1594 0.7988 0.5801
vn -0.5796 -0.4641 0.6698
vn 0.1408 -0.4039 0.9039
vn 0.2703 0.3226 0.9071
vn -0.5499 -0.5383 0.6387
vn -0.0989 -0.1718 0.9802
vn -0.5345 -0.2570 0.8052
vn 0.7826 -0.1883 -0.5934
vn 0.9277 0.3684 0.0597
vn 0.9562 0.2620 0.1306
vn 0.8178 -0.4400 -0.3710
vn -0.0181 -0.6064 -0.7950
vn 0.0273 -0.7937 -0.6077
vn 0.9102 -0.3959 -0.1213
vn 0.3144 -0.7874 -0.5302
vn 0.9381 0.2150 0.2715
vn 0.7367 0.5024 0.4527
vn 0.7319 0.5808 0.3563
vn 0.7191 0.5774 0.3867
vn 0.8527 0.5221 -0.0142
vn 0.6473 0.1272 -0.7516
vn -0.1213 -0.3364 -0.9339
vn -0.7493 -0.4437 -0.4916
vn -0.7127 -0.5451 -0.4415
vn -0.7167 -0.6006 -0.3545
vn -0.6480 -0.6650 -0.3713
vn 0.0268 -0.9454 -0.3247
vn -0.6633 -0.7175 -0.2129
vn 0.6473 -0.7597 -0.0623
vn 0.9517 -0.0657 0.3000
vn 0.7272 0.4896 0.4811
vn 0.3961 0.6695 0.6284
vn 0.4007 0.6965 0.5953
vn 0.4123 0.7613 0.5004
vn 0.4055 0.6903 0.5993
vn 0.6930 0.6074 0.3885
vn 0.7085 0.7032 -0.0590
vn 0.3636 0.4893 -0.7927
vn -0.3346 -0.0065 -0.9423
vn 0.6712 0.6273 0.3949
vn 0.0761 0.9922 0.0992
vn 0.4088 0.6347 0.6558
vn -0.4721 0.5454 0.6925
vn -0.4887 0.6853 0.5400
vn -0.4340 0.6857 0.5844
vn -0.4987 0.6192 0.6066
vn -0.3307 0.2748 0.9028
vn -0.0146 0.3110 0.9503
vn 0.2668 0.2832 0.9212
vn 0.6261 0.0643 0.7771
vn -0.4342 0.3828 0.8154
vn 0.4665 0.5311 0.7073
vn -0.0147 0.9265 0.3760
vn -0.2953 0.0986 0.9503
vn -0.0372 0.7606 0.6481
vn -0.4806 0.3240 0.8149
vn 0.5603 -0.5840 0.5874
vn -0.0123 -0.8836 0.4680
vn -0.6232 -0.5245 0.5801
vn -0.9933 -0.0051 0.1158
vn -0.5727 -0.1390 0.8079
vn -0.4987 0.6191 0.6066
vn -0.8175 -0.3199 -0.4790
vn -0.8967 -0.3365 0.2876
vn -0.9587 -0.1821 0.2187
vn -0.9818 -0.0984 0.1623
vn -0.9913 -0.0583 0.1181
vn -0.9904 0.0675 0.1209
vn -0.4721 0.5454 0.6926
vn -0.4342 0.3828 0.8155
vn -0.4805 0.3241 0.8149
vn -0.9324 0.0468 0.3584
vn -0.9729 0.1415 -0.1829
vn -0.7197 0.4469 -0.5314
vn -0.2142 0.8697 -0.4446
vn -0.3379 0.7786 0.5288
vn -0.0668 0.8034 0.5916
vn 0.2050 0.7977 0.5671
vn 0.5781 0.3564 0.7340
vn 0.9039 0.4271 -0.0246
vn 0.5929 0.6993 0.3993
vn 0.9808 -0.1581 -0.1141
vn 0.5027 0.6029 0.6196
vn 0.8310 -0.5348 0.1533
vn 0.8049 -0.3926 0.4450
vn 0.3324 0.4845 0.8091
vn 0.4044 0.1087 0.9081
vn -0.2718 0.2540 -0.9282
vn -0.6339 0.2609 -0.7281
vn -0.5492 0.5853 -0.5965
vn -0.2567 0.6864 -0.6804
vn -0.2669 -0.0386 -0.9630
vn -0.6451 -0.0404 -0.7630
vn -0.0000 -0.0435 -0.9991
vn -0.0039 0.2590 -0.9659
vn -0.0035 0.7126 -0.7016
vn -0.2753 -0.3032 -0.9123
vn -0.6174 -0.3101 -0.7229
vn 0.0043 -0.2968 -0.9549
vn 0.2707 -0.2968 -0.9158
vn 0.2667 -0.0494 -0.9625
vn 0.2770 0.2620 -0.9245
vn 0.2665 0.6818 -0.6812
vn -0.2863 -0.6412 -0.7120
vn -0.5309 -0.5752 -0.6223
vn 0.0012 -0.6622 -0.7493
vn 0.2753 -0.6392 -0.7180
vn 0.5629 -0.5565 -0.6111
vn 0.6215 -0.3119 -0.7186
vn 0.6450 -0.0477 -0.7627
vn 0.6274 0.2594 -0.7342
vn 0.5192 0.5924 -0.6160
vn 0.6214 0.7239 -0.2998
vn 0.8787 0.3170 -0.3568
vn 0.9242 -0.0442 -0.3795
vn 0.8584 -0.3653 -0.3602
vn 0.6616 -0.6783 -0.3197
vn 0.3269 -0.8778 -0.3501
vn -0.0000 -0.9281 -0.3723
vn -0.3306 -0.8745 -0.3548
vn -0.3496 -0.9369 -0.0004
vn -0.6933 -0.7206 -0.0001
vn -0.6528 -0.6870 -0.3192
vn -0.9228 -0.3853 -0.0009
vn 0.9990 -0.0436 -0.0016
vn 0.9227 -0.3854 -0.0016
vn 0.6934 -0.7205 -0.0016
vn 0.3496 -0.9369 -0.0013
vn -0.0000 -1.0000 -0.0010
vn -0.8631 -0.3596 -0.3546
vn -0.9991 -0.0434 -0.0014
vn -0.9241 -0.0429 -0.3798
vn -0.9381 0.3465 -0.0016
vn -0.8738 0.3233 -0.3633
vn -0.6470 0.7625 -0.0042
vn -0.6253 0.7184 -0.3047
vn -0.2561 0.9666 -0.0069
vn -0.2597 0.9236 -0.2819
vn 0.0001 1.0000 -0.0012
vn -0.0054 0.9612 -0.2757
vn 0.2562 0.9666 0.0045
vn 0.2639 0.9210 -0.2866
vn 0.6468 0.7626 0.0025
vn 0.9380 0.3465 -0.0005
vn 0.4793 -0.8402 0.2537
vn -0.2693 -0.9574 -0.1046
vn -0.1769 -0.7951 -0.5801
vn 0.5812 -0.6735 -0.4568
vn -0.4255 -0.3035 -0.8526
vn 0.7000 -0.6177 0.3584
vn 0.1221 -0.0947 -0.9880
vn -0.7893 0.0336 -0.6131
vn 0.7671 -0.5066 -0.3935
vn 0.8285 -0.3818 0.4096
vn 0.8777 -0.3095 -0.3659
vn 0.1775 -0.0737 -0.9813
vn -0.5131 0.4820 -0.7102
vn -0.8989 0.0200 -0.4378
vn -0.7132 0.6003 -0.3620
vn -0.9690 0.0443 -0.2430
vn -0.8643 0.5029 0.0130
vn -0.9408 -0.2792 0.1922
vn -0.7034 -0.0443 0.7094
vn -0.5885 -0.7716 0.2414
vn -0.0090 -0.6405 0.7679
vn -0.2693 -0.9573 -0.1047
vn 0.4792 -0.8402 0.2538
vn 0.1690 -0.4476 0.8781
vn 0.7000 -0.6176 0.3585
vn 0.2796 -0.2139 0.9360
vn -0.9230 0.3849 -0.0037
vn -0.8043 0.4407 -0.3986
vn -0.6435 0.0084 0.7654
vn -0.5822 0.1632 0.7965
vn -0.5022 0.3611 0.7858
vn 0.3558 0.0033 0.9345
vn -0.3889 0.5356 0.7496
vn 0.4211 0.1374 0.8965
vn -0.2781 0.6223 0.7317
vn 0.4621 0.1294 0.8773
vn 0.1604 0.8169 0.5540
vn 0.6494 0.4160 0.6366
vn 0.8285 -0.3818 0.4097
vn 0.8914 -0.1847 0.4138
vn 0.9146 -0.0967 0.3927
vn 0.9081 -0.1728 0.3814
vn 0.9401 0.1882 0.2844
vn -0.7263 0.5639 -0.3931
vn -0.4865 0.5182 -0.7034
vn -0.7973 0.4524 -0.3995
vn -0.5565 0.4126 -0.7212
vn 0.2949 0.2636 -0.9185
vn 0.2562 0.1719 -0.9512
vn -0.5875 0.3391 -0.7348
vn 0.2224 0.0348 -0.9743
vn -0.5796 0.3513 -0.7353
vn -0.8241 0.3972 -0.4039
vn -0.9196 0.3928 0.0016
vn -0.8695 0.4940 0.0034
vn -0.7718 0.6359 0.0006
vn -0.6564 0.7544 0.0009
vn -0.6301 0.6739 -0.3859
vn -0.3989 0.6001 -0.6934
vn 0.3370 0.2596 -0.9050
vn 0.9256 -0.1453 -0.3496
vn 0.9354 -0.0637 -0.3479
vn 0.9252 -0.1357 -0.3544
vn -0.0722 0.9971 0.0252
vn 0.0488 0.9725 -0.2275
vn 0.1079 0.8686 -0.4837
vn 0.5750 0.5246 -0.6279
vn 0.9534 0.2031 -0.2233
vn 0.9400 0.1882 0.2844
vn 0.9082 -0.1728 0.3813
vn 0.9146 -0.0967 0.3926
vn 0.8915 -0.1848 0.4137
vn 0.8310 -0.5347 0.1533
vn 0.6648 -0.1806 -0.7249
vn 0.6443 -0.6573 -0.3910
vn 0.2773 -0.2395 -0.9305
vn 0.5042 -0.5076 0.6986
vn 0.4504 -0.7685 -0.4545
vn -0.1071 -0.3559 -0.9284
vn -0.4166 0.5000 -0.7593
vn 0.0281 0.6212 -0.7832
vn 0.4974 0.6267 -0.5999
vn -0.0044 0.3590 0.9333
vn 0.3325 0.4845 0.8092
vn 0.4384 -0.4906 0.7530
vn 0.2744 -0.8522 -0.4455
vn -0.4075 -0.4677 -0.7844
vn -0.7873 0.2897 -0.5442
vn -0.5229 0.8485 0.0815
vn -0.3588 0.9334 -0.0043
vn -0.1182 0.9928 -0.0197
vn 0.1417 0.9888 0.0462
vn 0.5929 0.6993 0.3994
vn -0.0002 0.5498 -0.8353
vn -0.7306 0.6333 0.2554
vn -0.3039 0.7752 0.5538
vn -0.2418 0.8785 0.4121
vn -0.2109 0.8902 0.4039
vn -0.1207 0.9070 0.4034
vn -0.0750 0.8997 0.4301
vn 0.5028 0.6028 0.6195
vn -0.2756 0.7819 0.5592
vn -0.8987 0.2899 0.3291
vn -0.0011 -1.0000 -0.0046
vn -0.3493 0.3069 0.8853
vn -0.1164 0.3512 0.9290
vn 0.1865 -0.8901 -0.4159
vn 0.4788 -0.4981 0.7229
vn 0.1946 0.3898 0.9001
vn -0.0705 0.6879 0.7224
vn 0.5028 0.6028 0.6196
vn 0.0157 0.7120 0.7020
vn -0.0224 0.7199 0.6937
vn 0.0214 0.7827 0.6221
vn 0.0367 0.6787 0.7335
vn 0.6682 0.2062 0.7148
vn 0.4068 0.3998 0.8214
vn 0.6310 -0.5817 0.5134
vn 0.0339 0.6813 0.7313
vn 0.5146 0.1733 0.8398
vn 0.7017 -0.5835 0.4090
vn 0.2147 -0.9703 -0.1119
vn 0.2354 -0.9201 -0.3130
vn 0.4918 -0.5066 0.7081
vn 0.2165 0.3729 0.9022
vn 0.0877 0.3325 0.9390
vn 0.3055 -0.0477 0.9510
vn 0.2750 -0.8623 0.4253
vn 0.3082 -0.7125 0.6304
vn -0.0012 -0.6462 0.7632
vn -0.0091 -0.9668 -0.2554
vn -0.2755 0.7819 0.5592
vn -0.7112 -0.5159 0.4775
vn -0.2456 0.3097 0.9186
vn -0.7031 0.0373 0.7102
vn -0.0072 0.1960 0.9806
vn -0.3710 -0.8122 0.4501
vn 0.0462 -0.8099 0.5848
vn 0.2136 0.1168 0.9699
vn 0.3500 -0.4053 0.8446
vn 0.2657 -0.6255 0.7336
vn 0.9088 -0.0161 0.4169
vn 0.7907 0.5426 -0.2834
vn 0.5091 0.6460 -0.5687
vn 0.1688 0.5816 -0.7958
vn -0.5817 0.0753 -0.8099
vn -0.8145 -0.5583 -0.1575
vn -0.4194 -0.7889 0.4491
vn -0.2618 -0.7801 -0.5683
vn 0.0384 -0.9900 -0.1355
vn -0.1133 -0.2460 -0.9626
vn 0.4124 0.0837 -0.9072
vn 0.6323 0.0475 -0.7732
vn 0.8089 0.0588 -0.5851
vn 0.9449 -0.3111 -0.1021
vn 0.5385 -0.8377 0.0909
vn -0.4193 -0.7889 0.4491
vn 0.5363 0.6155 0.5775
vn 0.7028 -0.1658 0.6918
vn 0.7922 -0.0425 0.6088
vn 0.2135 0.1168 0.9699
vn 0.3499 -0.4053 0.8446
vn 0.1835 -0.8601 0.4759
vn 0.1466 -0.7479 0.6474
vn 0.1421 -0.6928 0.7070
vn -0.4755 -0.8496 0.2282
vn -0.5563 -0.7361 0.3856
vn -0.5938 -0.6844 0.4230
vn -0.5904 -0.7047 0.3936
vn 0.1354 -0.6882 0.7127
vn -0.5304 -0.7894 0.3091
vn 0.8616 -0.0465 0.5055
vn 0.6630 0.7051 0.2516
vn 0.2717 0.8468 0.4572
vn -0.2457 0.3097 0.9186
vn 0.1432 -0.7198 0.6793
vn -0.3048 -0.9469 0.1025
vn 0.8793 -0.0957 0.4665
vn 0.7718 0.6353 -0.0259
vn 0.4043 0.9121 0.0685
vn -0.1178 0.9063 0.4058
vn -0.7030 0.0373 0.7102
vn 0.8311 0.5336 -0.1567
vn 0.5180 0.8168 -0.2540
vn 0.0228 0.9990 -0.0377
vn -0.8111 0.5296 0.2483
vn -0.9368 -0.3259 0.1272
vn -0.3709 -0.8123 0.4502
vn -0.4756 -0.8496 0.2281
vn -0.9764 -0.2078 0.0587
vn -0.5564 -0.7360 0.3856
vn -0.9771 -0.2022 -0.0657
vn -0.5939 -0.6844 0.4230
vn -0.9394 -0.2923 -0.1791
vn -0.5904 -0.7047 0.3935
vn -0.8450 -0.4438 -0.2983
vn -0.7378 0.6632 -0.1257
vn -0.6495 0.5925 -0.4765
vn 0.1517 0.8964 -0.4164
vn 0.5846 0.6962 -0.4167
vn 0.8422 0.5151 -0.1591
vn 0.8691 -0.1164 0.4807
vn 0.8036 -0.0177 0.5950
vn 0.2123 -0.7938 0.5700
vn 0.1721 -0.8249 0.5384
vn -0.9384 0.1110 0.3271
vn -0.0827 -0.7490 0.6574
vn -0.8462 0.1188 0.5194
vn -0.7503 0.0587 0.6585
vn -0.6573 0.7536 0.0042
vn 0.7355 0.6769 -0.0297
vn 0.0520 0.9825 0.1786
vn -0.3571 0.9258 0.1239
vn 0.6019 0.6677 -0.4380
vn 0.5073 0.8030 -0.3126
vn 0.1337 0.9894 -0.0571
vn -0.1981 0.9764 -0.0859
vn -0.4379 0.8523 -0.2861
vn -0.5693 0.6936 -0.4413
vn 0.2331 0.7434 -0.6269
vn 0.2697 0.6651 -0.6963
vn 0.2294 0.7307 -0.6430
vn 0.0635 0.8677 -0.4930
vn -0.0713 0.8666 -0.4938
vn -0.2335 0.7561 -0.6114
vn -0.3505 0.7420 -0.5715
vn -0.2060 0.7356 -0.6453
vn -0.5769 0.4196 -0.7008
vn -0.5024 0.2448 -0.8292
vn -0.3740 0.1209 -0.9195
vn -0.1753 0.1869 -0.9666
vn 0.1612 0.1935 -0.9678
vn 0.3861 0.0525 -0.9210
vn 0.3360 0.3438 -0.8769
vn 0.6016 0.3831 -0.7010
vn 0.6673 0.5668 -0.4831
vn 0.9723 -0.2278 -0.0519
vn 0.9729 -0.2151 0.0849
vn 0.9279 -0.3271 -0.1790
vn 0.8393 -0.4556 -0.2967
vn 0.5848 -0.6511 -0.4838
vn 0.2074 -0.6442 -0.7362
vn -0.2148 -0.6386 -0.7389
vn -0.5942 -0.6344 -0.4945
vn -0.0610 -0.9860 -0.1549
vn 0.0880 -0.9878 -0.1285
vn 0.2780 -0.9535 0.1162
vn 0.4963 -0.8109 0.3101
vn 0.5583 -0.7305 0.3934
vn 0.5654 -0.7061 0.4263
vn 0.5351 -0.7406 0.4064
vn 0.4651 -0.8461 0.2605
vn 0.9322 -0.3254 0.1582
vn 0.3660 -0.8070 0.4636
vn 0.7041 -0.5140 0.4900
vn 0.8055 0.5352 0.2546
vn 0.6973 0.0405 0.7156
vn 0.1102 0.9160 0.3858
vn 0.2414 0.3169 0.9172
vn -0.2795 0.8587 0.4296
vn 0.0034 0.2058 0.9786
vn -0.5497 0.6317 0.5466
vn -0.2191 0.1271 0.9674
vn -0.7265 -0.1428 0.6722
vn -0.3576 -0.3956 0.8460
vn -0.2041 -0.8475 0.4901
vn -0.0498 -0.8036 0.5931
vn 0.4650 -0.8461 0.2605
vn -0.8279 -0.0331 0.5599
vn -0.1872 -0.7471 0.6378
vn 0.5350 -0.7406 0.4065
vn -0.4059 0.9137 0.0210
vn -0.0201 0.9970 -0.0750
vn -0.5060 0.8099 -0.2966
vn -0.7721 0.6306 -0.0785
vn -0.6756 0.7106 0.1968
vn -0.8911 -0.0522 0.4507
vn -0.1860 -0.7070 0.6823
vn 0.5653 -0.7062 0.4263
vn -0.8204 0.5385 -0.1924
vn -0.8999 -0.0955 0.4255
vn -0.1750 -0.7011 0.6913
vn -0.8791 -0.0864 0.4688
vn -0.1766 -0.7187 0.6725
vn 0.4962 -0.8109 0.3101
vn -0.2170 -0.7715 0.5980
vn 0.2779 -0.9535 0.1163
vn 0.0879 -0.9878 -0.1284
vn 0.7438 0.6557 -0.1298
vn -0.1332 0.8829 -0.4502
vn -0.5628 0.6982 -0.4425
vn -0.8180 0.5498 -0.1689
vn -0.0609 -0.9861 -0.1548
vn -0.2872 0.9056 0.3121
vn -0.0710 0.8717 0.4848
vn 0.2704 0.3226 0.9071
vn -0.6727 0.2882 0.6815
vn -0.7066 -0.0424 0.7064
vn -0.3404 0.3282 0.8811
vn -0.3540 -0.0433 0.9343
vn -0.0004 0.3466 0.9380
vn -0.6690 -0.3379 0.6620
vn 0.0016 0.7625 0.6469
vn 0.2807 0.7291 0.6242
vn -0.2913 0.7200 0.6299
vn -0.5446 0.6130 0.5724
vn -0.6259 0.7264 0.2840
vn -0.8854 0.3217 0.3356
vn -0.2676 0.9257 0.2676
vn 0.0058 0.9666 0.2563
vn 0.2638 0.9278 0.2638
vn 0.5729 0.6120 0.5451
vn 0.3356 0.3217 0.8854
vn 0.0002 -0.0435 0.9991
vn -0.3324 -0.3642 0.8700
vn -0.5851 -0.5868 0.5598
vn -0.2975 -0.6888 0.6611
vn 0.0003 -0.3855 0.9227
vn 0.3539 -0.0427 0.9343
vn 0.6815 0.2882 0.6727
vn 0.6282 0.7228 0.2880
vn 0.2562 0.9666 0.0046
vn -0.2561 0.9666 -0.0068
vn -0.9381 0.3465 -0.0015
vn 0.8811 0.3282 0.3404
vn 0.7064 -0.0424 0.7066
vn 0.3367 -0.3696 0.8661
vn 0.0005 -0.7206 0.6934
vn -0.0005 -0.9369 0.3496
vn -0.3301 -0.8843 0.3301
vn -0.6642 -0.6835 0.3029
vn -0.8661 -0.3695 0.3367
vn -0.9343 -0.0427 0.3539
vn 0.9343 -0.0433 0.3540
vn 0.6620 -0.3379 0.6690
vn 0.3081 -0.6851 0.6601
vn 0.3338 -0.8816 0.3338
vn 0.8700 -0.3642 0.3324
vn 0.5537 -0.5984 0.5791
vn 0.6571 -0.6904 0.3026
vn -0.9991 -0.0434 -0.0013
vn -0.9228 -0.3854 -0.0008
vn -0.6933 -0.7206 -0.0000
vn -0.3496 -0.9369 -0.0003
vn -0.0000 -1.0000 -0.0009
vn 0.6935 -0.7205 -0.0015
vn 0.9990 -0.0436 -0.0015
vn 0.9380 0.3466 -0.0005
vn 0.6468 0.7626 0.0026
vn -0.9711 -0.2162 -0.1011
vn -0.9030 0.4019 -0.1522
vn -0.5201 0.5853 -0.6220
vn -0.8383 -0.2283 -0.4952
vn -0.8304 -0.4985 0.2490
vn -0.7639 -0.6405 0.0795
vn 0.0029 0.9886 -0.1505
vn -0.6239 0.7456 0.2341
vn 0.3586 0.8744 -0.3270
vn -0.2483 0.5424 -0.8026
vn -0.8148 -0.1411 -0.5623
vn -0.8813 -0.4606 0.1055
vn -0.5461 0.6809 0.4879
vn 0.2156 0.9601 0.1781
vn 0.5386 0.8420 0.0317
vn 0.7789 0.6240 -0.0627
vn 0.6339 0.6330 -0.4443
vn -0.0095 0.3332 -0.9428
vn -0.7299 -0.2250 -0.6455
vn -0.8754 -0.4755 0.0867
vn 0.2433 0.8182 0.5208
vn -0.4137 0.6040 0.6812
vn 0.5410 0.7396 0.4004
vn 0.7763 0.5405 0.3243
vn 0.8846 0.3594 0.2972
vn 0.8889 0.4479 -0.0959
vn 0.7697 0.4132 -0.4867
vn 0.1321 0.0783 -0.9881
vn -0.6278 -0.3983 -0.6687
vn -0.8008 -0.5951 0.0678
vn 0.0153 0.1895 0.9818
vn -0.4158 0.0755 0.9063
vn 0.1686 0.2353 0.9572
vn 0.3260 0.1130 0.9386
vn 0.4051 -0.0518 0.9128
vn 0.4422 -0.1562 0.8832
vn 0.9044 0.3089 0.2942
vn 0.9041 0.4164 -0.0961
vn 0.8079 0.3306 -0.4879
vn 0.2148 -0.0986 -0.9717
vn -0.5047 -0.5647 -0.6529
vn -0.6799 -0.7314 0.0535
vn 0.4902 -0.1485 0.8589
vn 0.8287 0.4655 0.3109
vn 0.7943 0.6027 -0.0767
vn 0.7381 0.4795 -0.4746
vn 0.2782 -0.1119 -0.9540
vn -0.2978 -0.7014 -0.6475
vn -0.4325 -0.9013 0.0248
vn 0.9934 0.1030 0.0496
vn 0.9910 0.0798 -0.1077
vn 0.9544 0.1107 -0.2774
vn 0.7529 -0.1968 -0.6280
vn 0.4868 -0.6946 -0.5297
vn 0.4194 -0.9046 -0.0755
vn -0.6215 -0.4314 0.6539
vn -0.8304 -0.4984 0.2490
vn -0.7638 -0.6405 0.0796
vn -0.4572 -0.5304 0.7139
vn -0.5385 -0.3641 0.7599
vn -0.4998 -0.3862 0.7753
vn -0.4331 -0.4963 0.7524
vn -0.3461 -0.6119 0.7112
vn -0.1547 -0.7346 0.6606
vn 0.5867 -0.7227 0.3654
vn 0.8834 -0.2034 0.4221
vn 0.4194 -0.9047 -0.0756
vn -0.4324 -0.9013 0.0249
vn -0.6798 -0.7314 0.0535
vn -0.8008 -0.5951 0.0679
vn -0.8754 -0.4755 0.0868
vn -0.8813 -0.4606 0.1056
vn 0.1078 0.8685 -0.4837
vn 0.9534 0.2030 -0.2233
vn 0.0487 0.9726 -0.2275
vn -0.0722 0.9971 0.0251
vn 0.7769 0.5679 0.2719
vn 0.2874 0.9056 0.3121
vn 0.8468 -0.0083 0.5318
vn 0.0710 0.8717 0.4849
vn 0.5345 -0.2569 0.8052
vn 0.0988 -0.1718 0.9802
vn -0.1594 0.7989 0.5800
vn -0.2704 0.3227 0.9071
vn 0.6974 0.0404 0.7156
vn 0.2414 0.3170 0.9172
vn 0.0033 0.2059 0.9786
vn 0.3659 -0.8069 0.4636
vn -0.0498 -0.8035 0.5932
vn -0.2191 0.1272 0.9674
vn 0.5499 -0.5382 0.6387
vn 0.9742 -0.1776 0.1392
vn 0.8468 -0.0082 0.5318
vn 0.9821 -0.1745 0.0704
vn 0.5797 -0.4640 0.6698
vn 0.6840 0.4317 -0.5880
vn 0.7537 0.5523 -0.3563
vn 0.7768 0.5679 0.2720
vn 0.2873 0.9055 0.3121
vn 0.0128 0.9137 -0.4063
vn -0.1112 0.7370 -0.6667
vn -0.1881 0.5506 -0.8133
vn 0.6326 0.2558 -0.7310
vn 0.9664 -0.2569 0.0088
vn 0.5768 -0.4850 0.6573
vn 0.9314 -0.3624 -0.0334
vn 0.5511 -0.5566 0.6216
vn 0.6012 0.1181 -0.7903
vn -0.2191 0.4505 -0.8655
vn -0.5745 0.4806 -0.6625
vn -0.5503 0.5543 -0.6244
vn -0.4814 0.7192 -0.5010
vn -0.3624 0.8917 -0.2712
vn 0.8813 -0.4655 -0.0821
vn 0.5017 -0.6619 0.5569
vn 0.5833 0.0586 -0.8101
vn -0.2148 0.4672 -0.8577
vn -0.5627 0.5189 -0.6435
vn -0.8327 0.4309 -0.3478
vn -0.8392 0.4052 -0.3628
vn -0.8118 0.4835 -0.3274
vn -0.7383 0.6408 -0.2106
vn -0.6133 0.7899 0.0052
vn -0.1594 0.7988 0.5801
vn -0.8275 0.2040 0.5231
vn -0.7249 0.2641 0.6362
vn -0.2703 0.3227 0.9071
vn 0.4194 -0.7890 0.4491
vn 0.8145 -0.5583 -0.1575
vn 0.5817 0.0753 -0.8099
vn -0.1688 0.5816 -0.7958
vn -0.5091 0.6460 -0.5687
vn -0.7907 0.5426 -0.2834
vn -0.9088 -0.0161 0.4169
vn -0.9069 -0.0290 0.4203
vn -0.9020 0.0070 0.4317
vn -0.8843 0.0933 0.4576
vn 0.2644 -0.7810 -0.5658
vn -0.0403 -0.9902 -0.1337
vn 0.1133 -0.2422 -0.9636
vn -0.4134 0.0826 -0.9068
vn -0.6299 0.0475 -0.7752
vn -0.8095 0.0593 -0.5841
vn -0.9437 -0.3145 -0.1026
vn -0.5407 -0.8366 0.0882
vn -0.2657 -0.6255 0.7336
vn -0.2085 -0.5314 0.8211
vn -0.1808 -0.4465 0.8763
vn -0.0402 -0.9902 -0.1338
vn 0.4193 -0.7889 0.4492
vn 0.5017 -0.6619 0.5570
vn 0.5511 -0.5566 0.6217
vn -0.1680 -0.3817 0.9089
vn -0.1528 -0.3535 0.9229
vn 0.5796 -0.4641 0.6699
vn -0.1408 -0.4039 0.9039
vn 0.0989 -0.1718 0.9802
vn 0.5345 -0.2569 0.8051
vn -0.7196 0.4469 -0.5314
vn 0.0762 0.9921 0.0993
vn -0.0146 0.9265 0.3760
vn -0.0372 0.7606 0.6482
vn -0.4805 0.3240 0.8149
vn -0.6238 0.7457 0.2341
vn -0.9030 0.4019 -0.1523
vn -0.5461 0.6810 0.4879
vn -0.8304 -0.4985 0.2489
vn -0.4136 0.6040 0.6813
vn -0.6069 0.6909 0.3929
vn -0.9021 0.4292 -0.0451
vn -0.5267 0.5788 0.6226
vn -0.6289 -0.5572 0.5423
vn -0.3873 0.4532 0.8029
vt 0.000000 1.000000
vt 0.725462 0.581889
vt 0.694536 0.575646
vt 0.705545 0.422585
vt 0.774688 0.436541
vt 0.964411 0.163193
vt 0.904328 0.246713
vt 0.801442 0.246713
vt 0.841167 0.123468
vt 0.717922 0.186630
vt 0.964411 0.060306
vt 0.880891 0.000223
vt 0.717922 0.083743
vt 0.778005 0.000223
vt 0.325992 0.720117
vt 0.264445 0.709084
vt 0.333641 0.616371
vt 0.297135 0.820112
vt 0.238099 0.798339
vt 0.179780 0.776662
vt 0.203429 0.698100
vt 0.270800 0.616371
vt 0.325992 0.512624
vt 0.264444 0.523657
vt 0.297135 0.412629
vt 0.238098 0.434402
vt 0.254304 0.317775
vt 0.199879 0.349241
vt 0.193403 0.232964
vt 0.144061 0.272937
vt 0.145927 0.380889
vt 0.095383 0.314148
vt 0.179780 0.456080
vt 0.203429 0.534641
vt 0.208765 0.616371
vt 0.091538 0.413541
vt 0.047609 0.357055
vt 0.121121 0.478121
vt 0.141508 0.545864
vt 0.146281 0.616371
vt 0.141508 0.686877
vt 0.121121 0.754620
vt 0.091538 0.819200
vt 0.145927 0.851852
vt 0.199879 0.883500
vt 0.254304 0.914966
vt 0.095383 0.918594
vt 0.144061 0.959804
vt 0.193403 0.999777
vt 0.036673 0.447042
vt 0.000223 0.400534
vt 0.061512 0.500688
vt 0.078418 0.557366
vt 0.082612 0.616371
vt 0.078418 0.675375
vt 0.061511 0.732053
vt 0.036673 0.785699
vt 0.000223 0.832208
vt 0.047609 0.875686
vt 0.034295 0.232518
vt 0.000223 0.185115
vt 0.070149 0.162592
vt 0.092672 0.232518
vt 0.140075 0.140069
vt 0.106004 0.092666
vt 0.047626 0.092666
vt 0.000223 0.126737
vt 0.140075 0.198447
vt 0.533333 0.565088
vt 0.354240 0.613434
vt 0.363957 0.652650
vt 0.545992 0.616177
vt 0.370099 0.692584
vt 0.553993 0.668199
vt 0.374576 0.732737
vt 0.559826 0.720509
vt 0.375416 0.773131
vt 0.560920 0.773131
vt 0.374576 0.813525
vt 0.559826 0.825754
vt 0.370099 0.853679
vt 0.553993 0.878063
vt 0.363957 0.893612
vt 0.545992 0.930086
vt 0.354240 0.932829
vt 0.533333 0.981175
vt 0.282579 0.086753
vt 0.262477 0.051706
vt 0.222075 0.051706
vt 0.234803 0.099482
vt 0.282579 0.127155
vt 0.247532 0.147257
vt 0.187028 0.112210
vt 0.207129 0.147257
vt 0.187028 0.071808
vt 0.709488 0.403049
vt 0.778631 0.417006
vt 0.723698 0.590626
vt 0.692772 0.584384
vt 0.789640 0.263945
vt 0.798548 0.264265
vt 0.798548 0.417721
vt 0.758714 0.257702
vt 0.750379 0.254542
vt 0.690853 0.395983
vt 0.263180 0.529519
vt 0.257227 0.543380
vt 0.047880 0.452460
vt 0.055729 0.434590
vt 0.000175 0.812158
vt 0.017662 0.474003
vt 0.026061 0.468634
vt 0.104042 0.715905
vt 0.032771 0.462186
vt 0.215550 0.999825
vt 0.170197 0.647700
vt 0.041000 0.457833
vt 0.272505 0.841857
vt 0.500451 0.992286
vt 0.691266 0.686920
vt 0.693097 0.695346
vt 0.475261 0.623420
vt 0.475004 0.688828
vt 0.365009 0.587386
vt 0.336741 0.664710
vt 0.214976 0.594037
vt 0.309857 0.738684
vt 0.482011 0.852525
vt 0.700675 0.722399
vt 0.697653 0.712998
vt 0.474882 0.758283
vt 0.696615 0.703855
vt 0.383337 0.550447
vt 0.341844 0.528269
vt 0.419706 0.580294
vt 0.471731 0.658156
vt 0.449553 0.616663
vt 0.158156 0.971731
vt 0.158156 0.528269
vt 0.250000 0.510000
vt 0.203178 0.514612
vt 0.296822 0.514612
vt 0.203178 0.985388
vt 0.250000 0.990000
vt 0.296822 0.985388
vt 0.341844 0.971731
vt 0.471731 0.841844
vt 0.490000 0.750000
vt 0.485388 0.703178
vt 0.485388 0.796822
vt 0.419706 0.919706
vt 0.383337 0.949553
vt 0.449553 0.883337
vt 0.050447 0.883337
vt 0.080294 0.919706
vt 0.028269 0.841844
vt 0.116663 0.949553
vt 0.028269 0.658156
vt 0.080294 0.580294
vt 0.116663 0.550447
vt 0.050447 0.616663
vt 0.014612 0.796822
vt 0.010000 0.750000
vt 0.014612 0.703178
vt 0.668027 0.356370
vt 0.721289 0.643210
vt 0.714628 0.649619
vt 0.055223 0.425948
vt 0.269905 0.466301
vt 0.371242 0.570465
vt 0.398183 0.497300
vt 0.479768 0.609094
vt 0.515359 0.556776
vt 0.696413 0.668388
vt 0.702249 0.662209
vt 0.550688 0.504288
vt 0.709324 0.656783
vt 0.599737 0.440426
vt 0.503178 0.218832
vt 0.053861 0.407998
vt 0.052918 0.398611
vt 0.281683 0.321596
vt 0.285323 0.211407
vt 0.455322 0.344153
vt 0.422932 0.430600
vt 0.277151 0.402916
vt 0.053281 0.417065
vt 0.276676 0.184781
vt 0.517025 0.184781
vt 0.691103 0.343523
vt 0.843750 0.000000
vt 0.843750 0.253086
vt 0.875000 0.253086
vt 0.875000 0.000000
vt 0.906250 0.253086
vt 0.906250 0.000000
vt 0.937500 0.253086
vt 0.937500 0.000000
vt 0.968750 0.253086
vt 0.968750 0.000000
vt 1.000000 0.253086
vt 1.000000 0.000000
vt 0.562500 0.000000
vt 0.562500 0.253086
vt 0.593750 0.253086
vt 0.593750 0.000000
vt 0.625000 0.253086
vt 0.625000 0.000000
vt 0.656250 0.253086
vt 0.656250 0.000000
vt 0.687500 0.253086
vt 0.687500 0.000000
vt 0.718750 0.253086
vt 0.718750 0.000000
vt 0.750000 0.253086
vt 0.750000 0.000000
vt 0.781250 0.253086
vt 0.781250 0.000000
vt 0.812500 0.253086
vt 0.812500 0.000000
vt 0.281250 0.000000
vt 0.281250 0.253086
vt 0.312500 0.253086
vt 0.312500 0.000000
vt 0.343750 0.253086
vt 0.343750 0.000000
vt 0.375000 0.253086
vt 0.375000 0.000000
vt 0.406250 0.253086
vt 0.406250 0.000000
vt 0.437500 0.253086
vt 0.437500 0.000000
vt 0.468750 0.253086
vt 0.468750 0.000000
vt 0.500000 0.253086
vt 0.500000 0.000000
vt 0.531250 0.253086
vt 0.531250 0.000000
vt 0.000000 0.000000
vt 0.000000 0.253086
vt 0.031250 0.253086
vt 0.031250 0.000000
vt 0.062500 0.253086
vt 0.062500 0.000000
vt 0.093750 0.253086
vt 0.093750 0.000000
vt 0.125000 0.253086
vt 0.125000 0.000000
vt 0.156250 0.253086
vt 0.156250 0.000000
vt 0.187500 0.253086
vt 0.187500 0.000000
vt 0.218750 0.253086
vt 0.218750 0.000000
vt 0.250000 0.253086
vt 0.250000 0.000000
vt 0.029626 0.157280
vt 0.012556 0.152184
vt 0.023604 0.135330
vt 0.037732 0.130129
vt 0.021521 0.184431
vt 0.012556 0.172336
vt 0.035649 0.179230
vt 0.046697 0.162376
vt 0.046697 0.142223
vt 0.294508 0.526242
vt 0.250000 0.521858
vt 0.337306 0.539224
vt 0.376749 0.560307
vt 0.411321 0.588679
vt 0.439693 0.623251
vt 0.460775 0.662694
vt 0.473758 0.705492
vt 0.478142 0.750000
vt 0.473758 0.794508
vt 0.460776 0.837306
vt 0.439693 0.876749
vt 0.411321 0.911321
vt 0.376749 0.939693
vt 0.337306 0.960776
vt 0.294508 0.973758
vt 0.250000 0.978142
vt 0.205492 0.973758
vt 0.162694 0.960776
vt 0.123251 0.939693
vt 0.088679 0.911321
vt 0.060307 0.876749
vt 0.039224 0.837306
vt 0.026242 0.794508
vt 0.021858 0.750000
vt 0.026242 0.705492
vt 0.039224 0.662694
vt 0.060307 0.623251
vt 0.088679 0.588679
vt 0.123251 0.560307
vt 0.162694 0.539224
vt 0.205492 0.526242
vt 0.949978 0.429159
vt 0.967000 0.429159
vt 0.969646 0.483512
vt 0.947331 0.483513
vt 0.967000 0.537866
vt 0.949978 0.537866
vt 0.891116 0.614136
vt 0.901325 0.587094
vt 0.977307 0.618062
vt 0.970341 0.636513
vt 0.885041 0.634516
vt 0.966195 0.650419
vt 0.882975 0.655682
vt 0.964786 0.664861
vt 0.882223 0.684577
vt 0.964273 0.684577
vt 0.882975 0.713472
vt 0.964786 0.704292
vt 0.885041 0.734637
vt 0.966195 0.718734
vt 0.891116 0.755017
vt 0.970341 0.732640
vt 0.901325 0.782059
vt 0.977307 0.751091
vt 0.072183 0.130213
vt 0.081135 0.142289
vt 0.081135 0.162410
vt 0.064091 0.157322
vt 0.058077 0.135406
vt 0.047047 0.152234
vt 0.055998 0.184431
vt 0.047047 0.172355
vt 0.070104 0.179238
vt 0.742739 0.639317
vt 0.940375 0.221772
vt 0.809484 0.211435
vt 0.810824 0.194466
vt 0.941715 0.204802
vt 0.799434 0.040656
vt 0.791081 0.171689
vt 0.774093 0.170606
vt 0.782446 0.039573
vt 0.774093 0.361551
vt 0.786411 0.230831
vt 0.792309 0.226139
vt 0.817838 0.329183
vt 0.798079 0.221290
vt 0.861705 0.296980
vt 0.803848 0.216440
vt 0.900969 0.259301
vt 0.084132 0.156202
vt 0.101154 0.156202
vt 0.103800 0.163259
vt 0.081485 0.163259
vt 0.101154 0.170317
vt 0.084132 0.170317
vt 0.103800 0.177374
vt 0.081485 0.177374
vt 0.101154 0.184431
vt 0.084132 0.184431
vt 0.949978 0.320451
vt 0.967000 0.320451
vt 0.969646 0.374805
vt 0.947331 0.374805
vt 0.807050 0.988750
vt 0.821548 0.988526
vt 0.821719 0.999601
vt 0.807221 0.999825
vt 0.808127 0.933811
vt 0.800444 0.997055
vt 0.791432 0.944762
vt 0.807397 0.787646
vt 0.777449 0.790254
vt 0.806565 0.616754
vt 0.759931 0.620746
vt 0.805901 0.502630
vt 0.743089 0.496769
vt 0.818488 0.616711
vt 0.819180 0.502644
vt 0.881872 0.496769
vt 0.865111 0.620522
vt 0.819059 0.787661
vt 0.849008 0.790041
vt 0.819339 0.933954
vt 0.836141 0.944582
vt 0.828269 0.996628
vt 0.000175 0.126806
vt 0.012205 0.126806
vt 0.012205 0.184431
vt 0.000175 0.184431
vt 0.990945 0.972825
vt 0.980752 0.999825
vt 0.904889 0.968905
vt 0.911844 0.950482
vt 0.997011 0.952477
vt 0.915983 0.936598
vt 0.999073 0.931344
vt 0.917390 0.922179
vt 0.999825 0.902494
vt 0.917902 0.902494
vt 0.999073 0.873644
vt 0.917390 0.882809
vt 0.997011 0.852511
vt 0.915983 0.868389
vt 0.990945 0.832163
vt 0.911844 0.854505
vt 0.980752 0.805163
vt 0.904889 0.836083
vt 0.038070 0.380404
vt 0.806044 0.188639
vt 0.908688 0.161553
vt 0.801107 0.182944
vt 0.875825 0.118178
vt 0.796170 0.177249
vt 0.837556 0.079490
vt 0.240715 0.180458
vt 0.238676 0.129038
vt 0.253433 0.183426
vt 0.248486 0.081609
vt 0.265425 0.139840
vt 0.265103 0.190453
vt 0.261692 0.069393
vt 0.277642 0.108544
vt 0.284979 0.152581
vt 0.275736 0.197616
vt 0.299891 0.162384
vt 0.299986 0.128709
vt 0.316534 0.141163
vt 0.312013 0.116722
vt 0.327424 0.127832
vt 0.322493 0.103795
vt 0.336635 0.113998
vt 0.332819 0.089984
vt 0.346533 0.100376
vt 0.348786 0.073453
vt 0.359170 0.082542
vt 0.384977 0.048495
vt 0.387766 0.050704
vt 0.289800 0.097829
vt 0.302201 0.086175
vt 0.315067 0.073204
vt 0.337535 0.057488
vt 0.275930 0.056193
vt 0.295683 0.044433
vt 0.330647 0.035180
vt 0.382877 0.041391
vt 0.383225 0.045395
vt 0.403022 0.098776
vt 0.419495 0.101581
vt 0.419495 0.138403
vt 0.397639 0.127570
vt 0.387835 0.094238
vt 0.379113 0.117736
vt 0.376361 0.091335
vt 0.365809 0.111143
vt 0.368552 0.088787
vt 0.357310 0.107042
vt 0.347615 0.121229
vt 0.339057 0.135430
vt 0.329874 0.149500
vt 0.390257 0.052591
vt 0.392226 0.053331
vt 0.394875 0.054173
vt 0.397542 0.054958
vt 0.399949 0.055216
vt 0.411443 0.160248
vt 0.388621 0.146290
vt 0.370053 0.134702
vt 0.356285 0.126490
vt 0.347055 0.141057
vt 0.338686 0.155829
vt 0.319536 0.177958
vt 0.311749 0.170448
vt 0.290427 0.209690
vt 0.284454 0.205147
vt 0.401370 0.176584
vt 0.378897 0.161890
vt 0.359956 0.149520
vt 0.352125 0.165579
vt 0.329862 0.189194
vt 0.297936 0.215803
vt 0.393025 0.192589
vt 0.371867 0.177266
vt 0.343771 0.201457
vt 0.305435 0.222039
vt 0.355293 0.216340
vt 0.310466 0.228414
vt 0.652388 0.849805
vt 0.671754 0.848764
vt 0.672922 0.876298
vt 0.651710 0.876454
vt 0.688403 0.876429
vt 0.686333 0.847442
vt 0.670348 0.820892
vt 0.652394 0.822396
vt 0.628801 0.821507
vt 0.627357 0.848813
vt 0.625578 0.875009
vt 0.593498 0.844819
vt 0.590921 0.872081
vt 0.598566 0.816311
vt 0.613241 0.778341
vt 0.634537 0.786193
vt 0.651940 0.788193
vt 0.666738 0.787340
vt 0.683104 0.818194
vt 0.708048 0.844578
vt 0.711364 0.875043
vt 0.712656 0.909212
vt 0.689249 0.907874
vt 0.672903 0.906167
vt 0.546799 0.871985
vt 0.547846 0.836864
vt 0.561581 0.802180
vt 0.593195 0.762796
vt 0.648693 0.728365
vt 0.651121 0.730977
vt 0.654142 0.732325
vt 0.657435 0.732628
vt 0.660368 0.732593
vt 0.676615 0.783938
vt 0.701846 0.813924
vt 0.741134 0.908584
vt 0.739839 0.871247
vt 0.768700 0.908433
vt 0.769215 0.867165
vt 0.735329 0.839921
vt 0.765027 0.834431
vt 0.726255 0.808282
vt 0.689768 0.778093
vt 0.662250 0.732001
vt 0.752009 0.800703
vt 0.706208 0.771097
vt 0.664615 0.731053
vt 0.721351 0.762368
vt 0.666961 0.730055
vt 0.668794 0.728859
vt 0.733068 0.952032
vt 0.709071 0.948103
vt 0.687815 0.943325
vt 0.672036 0.939998
vt 0.650463 0.905679
vt 0.650056 0.939743
vt 0.624230 0.905193
vt 0.626255 0.941814
vt 0.591761 0.905696
vt 0.600388 0.946658
vt 0.555358 0.912580
vt 0.573456 0.957586
vt 0.602485 0.999705
vt 0.618349 0.992357
vt 0.636327 0.986866
vt 0.654577 0.982193
vt 0.672014 0.980042
vt 0.683765 0.982523
vt 0.697854 0.987959
vt 0.711859 0.993521
vt 0.722578 0.999705
vt 0.754114 0.957162
vt 0.965959 0.959190
vt 0.969477 0.958554
vt 0.968390 0.959898
vt 0.969477 0.956432
vt 0.964803 0.956703
vt 0.965665 0.954099
vt 0.969232 0.954325
vt 0.967998 0.953115
vt 0.964642 0.937779
vt 0.963737 0.936892
vt 0.966353 0.937057
vt 0.963557 0.935346
vt 0.966985 0.935148
vt 0.966137 0.933324
vt 0.963557 0.933790
vt 0.964354 0.932804
vt 0.830640 0.672668
vt 0.849095 0.652099
vt 0.847659 0.690309
vt 0.823373 0.716466
vt 0.810926 0.705352
vt 0.835858 0.727592
vt 0.866351 0.706451
vt 0.844162 0.738095
vt 0.866625 0.670735
vt 0.868391 0.634718
vt 0.855521 0.620166
vt 0.877069 0.605161
vt 0.862191 0.580643
vt 0.889326 0.568489
vt 0.881133 0.536363
vt 0.846491 0.544222
vt 0.921378 0.536519
vt 0.760145 0.690722
vt 0.760145 0.636396
vt 0.780857 0.692996
vt 0.792810 0.646785
vt 0.780351 0.591254
vt 0.812857 0.616654
vt 0.812338 0.560895
vt 0.836916 0.595645
vt 0.835384 0.636945
vt 0.817018 0.659438
vt 0.799740 0.698166
vt 0.888773 0.617961
vt 0.900586 0.589872
vt 0.923419 0.556810
vt 0.973897 0.544293
vt 0.974043 0.547662
vt 0.929905 0.572195
vt 0.975223 0.550267
vt 0.936847 0.579790
vt 0.976587 0.551629
vt 0.945623 0.587843
vt 0.978278 0.553224
vt 0.954159 0.596066
vt 0.979970 0.554817
vt 0.962064 0.602468
vt 0.981408 0.556096
vt 0.977594 0.608071
vt 0.984072 0.557127
vt 0.997870 0.609187
vt 0.987445 0.557100
vt 0.946070 0.632698
vt 0.935278 0.623524
vt 0.931811 0.657284
vt 0.923171 0.611781
vt 0.918725 0.646458
vt 0.917504 0.679895
vt 0.902620 0.667770
vt 0.901584 0.700736
vt 0.903789 0.632287
vt 0.910589 0.600329
vt 0.885164 0.651667
vt 0.885840 0.687660
vt 0.880554 0.719545
vt 0.894631 0.743472
vt 0.923004 0.722186
vt 0.942490 0.697014
vt 0.956334 0.670659
vt 0.967409 0.642651
vt 0.999705 0.649522
vt 0.993101 0.684453
vt 0.978300 0.719270
vt 0.950224 0.752945
vt 0.906500 0.775855
vt 0.852136 0.777618
vt 0.849978 0.756868
vt 0.286634 0.312209
vt 0.316456 0.259291
vt 0.333253 0.264356
vt 0.314561 0.321867
vt 0.351097 0.268887
vt 0.267207 0.366913
vt 0.306002 0.372195
vt 0.261928 0.413938
vt 0.340938 0.325522
vt 0.369016 0.272530
vt 0.365281 0.326649
vt 0.340144 0.371014
vt 0.306420 0.410962
vt 0.266489 0.447416
vt 0.309850 0.436958
vt 0.280963 0.478991
vt 0.315653 0.463046
vt 0.315912 0.517477
vt 0.334303 0.501649
vt 0.373587 0.552839
vt 0.375170 0.550983
vt 0.355144 0.494009
vt 0.377241 0.549937
vt 0.373081 0.491777
vt 0.379547 0.549600
vt 0.387817 0.492714
vt 0.397724 0.495949
vt 0.403972 0.459755
vt 0.391655 0.457381
vt 0.373081 0.456456
vt 0.349079 0.456902
vt 0.346269 0.430994
vt 0.343477 0.405272
vt 0.367713 0.368900
vt 0.387525 0.325515
vt 0.390639 0.367135
vt 0.403259 0.322185
vt 0.392313 0.429360
vt 0.373216 0.428991
vt 0.371107 0.401846
vt 0.392340 0.400785
vt 0.406953 0.365013
vt 0.407337 0.400086
vt 0.429727 0.363301
vt 0.429035 0.400919
vt 0.406144 0.430143
vt 0.426455 0.432083
vt 0.421738 0.463117
vt 0.410605 0.501264
vt 0.424199 0.317434
vt 0.447498 0.313042
vt 0.457131 0.363183
vt 0.455781 0.404075
vt 0.451816 0.435460
vt 0.444824 0.467227
vt 0.426240 0.507464
vt 0.469815 0.473068
vt 0.440671 0.515156
vt 0.381596 0.549633
vt 0.382901 0.550091
vt 0.384513 0.550801
vt 0.386113 0.551540
vt 0.387381 0.552368
vt 0.480297 0.439802
vt 0.483783 0.407788
vt 0.483783 0.362922
vt 0.467657 0.307901
vt 0.434216 0.258458
vt 0.424019 0.264215
vt 0.410496 0.268912
vt 0.396893 0.273326
vt 0.385695 0.274890
vt 0.965887 0.946960
vt 0.964982 0.946073
vt 0.967599 0.946238
vt 0.964803 0.944527
vt 0.968231 0.944329
vt 0.967383 0.942505
vt 0.964803 0.942971
vt 0.965600 0.941985
vt 0.401354 0.744998
vt 0.400451 0.707303
vt 0.427757 0.703962
vt 0.428849 0.743918
vt 0.457791 0.703436
vt 0.459483 0.746290
vt 0.380761 0.747294
vt 0.379447 0.710481
vt 0.382207 0.776850
vt 0.401161 0.776617
vt 0.427271 0.778121
vt 0.455916 0.781585
vt 0.349527 0.749676
vt 0.348314 0.710753
vt 0.353412 0.779371
vt 0.358118 0.806013
vt 0.384108 0.803834
vt 0.400701 0.806034
vt 0.422897 0.809962
vt 0.448414 0.813301
vt 0.307028 0.753480
vt 0.309488 0.707447
vt 0.311539 0.787632
vt 0.320251 0.816606
vt 0.340113 0.851991
vt 0.365228 0.840390
vt 0.385815 0.836869
vt 0.398992 0.839604
vt 0.415172 0.844577
vt 0.434006 0.848961
vt 0.397518 0.898589
vt 0.399259 0.899017
vt 0.395763 0.898197
vt 0.394372 0.897960
vt 0.392365 0.898538
vt 0.390202 0.899855
vt 0.388880 0.902042
vt 0.313273 0.879171
vt 0.272271 0.840380
vt 0.255560 0.802664
vt 0.249527 0.756183
vt 0.261611 0.696587
vt 0.472542 0.817620
vt 0.482426 0.786181
vt 0.451730 0.855156
vt 0.400693 0.899525
vt 0.476696 0.880699
vt 0.401925 0.901429
vt 0.518731 0.840314
vt 0.536696 0.800493
vt 0.541558 0.752078
vt 0.487763 0.749925
vt 0.529162 0.692425
vt 0.484779 0.703058
vt 0.495896 0.632961
vt 0.467667 0.649334
vt 0.448594 0.587534
vt 0.436750 0.600291
vt 0.446979 0.653690
vt 0.426313 0.605134
vt 0.422226 0.657215
vt 0.412433 0.608327
vt 0.325469 0.652564
vt 0.354071 0.661222
vt 0.380407 0.664061
vt 0.398804 0.661495
vt 0.398477 0.611176
vt 0.387179 0.611181
vt 0.371278 0.605531
vt 0.354692 0.597310
vt 0.294850 0.636737
vt 0.338827 0.587534
vt 0.695942 0.155605
vt 0.694380 0.184278
vt 0.677143 0.155050
vt 0.676786 0.121865
vt 0.695962 0.122129
vt 0.657506 0.122460
vt 0.708112 0.185455
vt 0.703106 0.210684
vt 0.711323 0.156931
vt 0.711505 0.122501
vt 0.760269 0.117653
vt 0.763702 0.160525
vt 0.734267 0.121161
vt 0.734611 0.158612
vt 0.729617 0.189559
vt 0.721338 0.215888
vt 0.708478 0.242952
vt 0.695658 0.237404
vt 0.691523 0.209818
vt 0.677404 0.183746
vt 0.658081 0.156084
vt 0.641749 0.123010
vt 0.758081 0.197452
vt 0.745147 0.227699
vt 0.722922 0.254846
vt 0.684720 0.278621
vt 0.682450 0.276359
vt 0.680036 0.275297
vt 0.687151 0.236637
vt 0.677438 0.209719
vt 0.660180 0.184292
vt 0.642280 0.157621
vt 0.618635 0.121623
vt 0.618017 0.159389
vt 0.592411 0.117761
vt 0.645730 0.185700
vt 0.663027 0.209530
vt 0.677104 0.236615
vt 0.678283 0.275173
vt 0.588237 0.160804
vt 0.622819 0.190267
vt 0.650738 0.210273
vt 0.666779 0.236262
vt 0.676151 0.275051
vt 0.593189 0.198128
vt 0.631216 0.216042
vt 0.657722 0.236766
vt 0.674019 0.274934
vt 0.606214 0.228996
vt 0.643996 0.242634
vt 0.672242 0.274908
vt 0.629872 0.254633
vt 0.669820 0.275983
vt 0.667678 0.278331
vt 0.838449 0.912657
vt 0.831152 0.911662
vt 0.831656 0.887029
vt 0.839370 0.888689
vt 0.849000 0.913771
vt 0.850765 0.889982
vt 0.839090 0.856126
vt 0.851677 0.856398
vt 0.831246 0.855341
vt 0.821507 0.854129
vt 0.821215 0.885228
vt 0.821263 0.910741
vt 0.831581 0.933872
vt 0.838124 0.933902
vt 0.846985 0.934552
vt 0.857582 0.935811
vt 0.861452 0.914156
vt 0.863973 0.889696
vt 0.865705 0.856064
vt 0.850590 0.826788
vt 0.859485 0.826467
vt 0.842790 0.827196
vt 0.837071 0.826980
vt 0.829610 0.826035
vt 0.821483 0.825032
vt 0.811486 0.852861
vt 0.809559 0.883479
vt 0.809820 0.909771
vt 0.822859 0.934198
vt 0.832908 0.955935
vt 0.837403 0.955095
vt 0.844023 0.955565
vt 0.827036 0.957535
vt 0.833454 0.988306
vt 0.813091 0.934661
vt 0.799103 0.909908
vt 0.799103 0.882905
vt 0.802545 0.851429
vt 0.814522 0.822987
vt 0.829449 0.796857
vt 0.832548 0.797681
vt 0.836467 0.797926
vt 0.840316 0.798179
vt 0.803818 0.935932
vt 0.820115 0.959387
vt 0.831141 0.988833
vt 0.813858 0.961105
vt 0.828776 0.989318
vt 0.826854 0.989706
vt 0.843426 0.798079
vt 0.848208 0.797939
vt 0.853419 0.797725
vt 0.869484 0.825487
vt 0.858657 0.797294
vt 0.879711 0.822404
vt 0.863299 0.795790
vt 0.851621 0.957808
vt 0.859982 0.962171
vt 0.870296 0.938272
vt 0.876357 0.914243
vt 0.879098 0.887979
vt 0.880459 0.854610
vt 0.894575 0.851637
vt 0.895419 0.885751
vt 0.893128 0.915179
vt 0.884336 0.943002
vt 0.868150 0.968252
vt 0.846115 0.992869
vt 0.843912 0.990597
vt 0.841178 0.988939
vt 0.838169 0.988065
vt 0.835283 0.987903
vt 0.963056 0.946450
vt 0.959539 0.947086
vt 0.960625 0.945742
vt 0.959539 0.949208
vt 0.964212 0.948937
vt 0.963350 0.951541
vt 0.959783 0.951315
vt 0.961017 0.952525
vt 0.961017 0.959898
vt 0.959783 0.958688
vt 0.963350 0.958914
vt 0.959539 0.956581
vt 0.964212 0.956310
vt 0.963056 0.953823
vt 0.959539 0.954459
vt 0.960625 0.953115
vt 0.787608 0.850187
vt 0.817216 0.872854
vt 0.794281 0.891478
vt 0.766745 0.877818
vt 0.815181 0.816993
vt 0.845840 0.840907
vt 0.781924 0.791298
vt 0.754771 0.827311
vt 0.733446 0.855593
vt 0.840703 0.779699
vt 0.870251 0.802648
vt 0.810134 0.753886
vt 0.776908 0.731597
vt 0.748073 0.766393
vt 0.723744 0.802033
vt 0.702918 0.829692
vt 0.863598 0.747515
vt 0.883517 0.771289
vt 0.835057 0.720831
vt 0.801552 0.700732
vt 0.773216 0.688121
vt 0.746716 0.709502
vt 0.716648 0.743495
vt 0.693807 0.779803
vt 0.682211 0.806976
vt 0.650054 0.810656
vt 0.654884 0.765218
vt 0.681343 0.716674
vt 0.722485 0.675989
vt 0.770432 0.655855
vt 0.818659 0.662635
vt 0.860809 0.686678
vt 0.895519 0.720588
vt 0.944515 0.690299
vt 0.967724 0.755177
vt 0.915304 0.765090
vt 0.968431 0.828782
vt 0.627202 0.675355
vt 0.694583 0.622298
vt 0.765543 0.602731
vt 0.834303 0.607197
vt 0.898630 0.636518
vt 0.909136 0.816726
vt 0.935956 0.908158
vt 0.881337 0.867472
vt 0.871415 0.961242
vt 0.841944 0.906263
vt 0.807168 0.979624
vt 0.799589 0.923406
vt 0.739393 0.975403
vt 0.753911 0.914804
vt 0.667687 0.942806
vt 0.708577 0.888576
vt 0.616622 0.882832
vt 0.670889 0.852205
vt 0.593920 0.818833
vt 0.593920 0.752008
vt 0.121993 0.205580
vt 0.188379 0.200917
vt 0.190126 0.216165
vt 0.130835 0.233251
vt 0.193528 0.230109
vt 0.065179 0.228481
vt 0.143317 0.255973
vt 0.198760 0.237931
vt 0.087554 0.259920
vt 0.024821 0.265849
vt 0.058928 0.290886
vt 0.108361 0.283601
vt 0.155692 0.268906
vt 0.207252 0.246072
vt 0.172363 0.283995
vt 0.215992 0.253938
vt 0.188806 0.299096
vt 0.224154 0.258549
vt 0.202523 0.310108
vt 0.238238 0.260869
vt 0.225660 0.320667
vt 0.253494 0.261435
vt 0.253494 0.327630
vt 0.202239 0.365096
vt 0.234150 0.385163
vt 0.173325 0.395849
vt 0.163282 0.332657
vt 0.144562 0.314751
vt 0.178110 0.346962
vt 0.153045 0.373279
vt 0.127359 0.392842
vt 0.142489 0.416230
vt 0.099596 0.409965
vt 0.109307 0.430347
vt 0.066150 0.427077
vt 0.070712 0.440347
vt 0.025139 0.444821
vt 0.025806 0.446778
vt 0.199660 0.427195
vt 0.158621 0.451293
vt 0.115371 0.460508
vt 0.071313 0.456759
vt 0.025810 0.449137
vt 0.077070 0.387310
vt 0.064327 0.374459
vt 0.098939 0.364483
vt 0.082340 0.348747
vt 0.052739 0.364581
vt 0.067759 0.336639
vt 0.101370 0.323769
vt 0.084652 0.310470
vt 0.124584 0.297619
vt 0.120896 0.340728
vt 0.139170 0.358448
vt 0.115188 0.379803
vt 0.089932 0.399389
vt 0.060339 0.420092
vt 0.052470 0.412436
vt 0.044510 0.404607
vt 0.037099 0.398764
vt 0.023154 0.394726
vt 0.030169 0.355721
vt 0.041635 0.322560
vt 0.024248 0.443740
vt 0.023040 0.442518
vt 0.021821 0.441308
vt 0.020727 0.440416
vt 0.018744 0.439829
vt 0.016399 0.439980
vt 0.006627 0.395091
vt 0.000295 0.352455
vt 0.003577 0.309293
vt 0.166282 0.157502
vt 0.163465 0.158882
vt 0.147929 0.123016
vt 0.136553 0.130859
vt 0.161383 0.161199
vt 0.135692 0.103199
vt 0.160506 0.164266
vt 0.125208 0.143725
vt 0.121842 0.114184
vt 0.123150 0.088748
vt 0.135206 0.077976
vt 0.148605 0.095428
vt 0.159228 0.118059
vt 0.169001 0.156604
vt 0.117880 0.160929
vt 0.161459 0.166326
vt 0.106352 0.129834
vt 0.110062 0.101614
vt 0.109538 0.075515
vt 0.120013 0.062634
vt 0.127915 0.051812
vt 0.146317 0.068846
vt 0.160138 0.090625
vt 0.168610 0.117274
vt 0.170973 0.156652
vt 0.102972 0.050856
vt 0.108905 0.038658
vt 0.116951 0.016856
vt 0.142369 0.030901
vt 0.169137 0.050870
vt 0.181982 0.083576
vt 0.183262 0.118280
vt 0.173592 0.156952
vt 0.076707 0.012505
vt 0.075915 0.030095
vt 0.073833 0.041539
vt 0.035321 0.032652
vt 0.036526 0.026201
vt 0.037178 0.017620
vt 0.093137 0.065949
vt 0.097357 0.091037
vt 0.094219 0.119833
vt 0.092422 0.152801
vt 0.120557 0.174917
vt 0.163229 0.168517
vt 0.127411 0.191563
vt 0.090376 0.173463
vt 0.091479 0.200326
vt 0.068462 0.166855
vt 0.058359 0.195665
vt 0.050222 0.156892
vt 0.030907 0.179825
vt 0.040492 0.141490
vt 0.056004 0.128878
vt 0.065172 0.137824
vt 0.070867 0.106557
vt 0.021055 0.110009
vt 0.036491 0.103971
vt 0.051251 0.087233
vt 0.060773 0.069902
vt 0.082686 0.083939
vt 0.082527 0.112047
vt 0.077649 0.145241
vt 0.009516 0.070536
vt 0.016907 0.069724
vt 0.024394 0.062278
vt 0.029325 0.052215
vt 0.033110 0.042155
vt 0.068054 0.054968
vt 0.015229 0.154921
vt 0.000295 0.112274
vt 0.000295 0.068908
vt 0.962118 0.933324
vt 0.959539 0.933790
vt 0.960335 0.932804
vt 0.959539 0.935346
vt 0.962966 0.935148
vt 0.962334 0.937057
vt 0.959718 0.936892
vt 0.960623 0.937779
vt 0.626287 0.078079
vt 0.645746 0.081706
vt 0.659398 0.082257
vt 0.676523 0.082238
vt 0.693659 0.082161
vt 0.707330 0.081549
vt 0.726819 0.077936
vt 0.747203 0.071642
vt 0.711488 0.029677
vt 0.725574 0.023434
vt 0.697990 0.034751
vt 0.688502 0.036167
vt 0.676563 0.036217
vt 0.664627 0.035982
vt 0.655151 0.034463
vt 0.641608 0.029464
vt 0.627421 0.023434
vt 0.605905 0.071722
vt 0.141713 0.963951
vt 0.132724 0.964299
vt 0.125705 0.942074
vt 0.148473 0.996921
vt 0.147400 0.996863
vt 0.149742 0.997074
vt 0.146026 0.997664
vt 0.119035 0.971562
vt 0.105048 0.951280
vt 0.094431 0.933605
vt 0.107289 0.986587
vt 0.145044 0.999382
vt 0.083076 0.971795
vt 0.065095 0.954297
vt 0.048406 0.926318
vt 0.082001 0.910013
vt 0.033647 0.886257
vt 0.119169 0.922469
vt 0.138273 0.941309
vt 0.151442 0.964611
vt 0.151009 0.997237
vt 0.068177 0.874940
vt 0.021475 0.835594
vt 0.110929 0.898485
vt 0.134680 0.919687
vt 0.152189 0.941824
vt 0.160497 0.964775
vt 0.152039 0.997374
vt 0.129648 0.893387
vt 0.152293 0.918853
vt 0.165109 0.942077
vt 0.168073 0.965673
vt 0.153405 0.998123
vt 0.179737 0.971700
vt 0.154641 0.999705
vt 0.192369 0.985144
vt 0.192356 0.949353
vt 0.218013 0.967220
vt 0.202355 0.927870
vt 0.233615 0.944051
vt 0.212192 0.900720
vt 0.246635 0.911554
vt 0.219673 0.863895
vt 0.175559 0.943099
vt 0.181731 0.921086
vt 0.168759 0.919333
vt 0.151435 0.890718
vt 0.124009 0.858648
vt 0.101256 0.864410
vt 0.094760 0.814223
vt 0.054410 0.825339
vt 0.045930 0.759991
vt 0.081377 0.742814
vt 0.046692 0.750974
vt 0.087086 0.737844
vt 0.083490 0.681606
vt 0.113932 0.680618
vt 0.120401 0.812192
vt 0.136206 0.757035
vt 0.135952 0.741481
vt 0.150748 0.856055
vt 0.151735 0.813890
vt 0.159743 0.764661
vt 0.159146 0.730799
vt 0.146325 0.677068
vt 0.142111 0.629022
vt 0.172253 0.892083
vt 0.175146 0.857811
vt 0.177727 0.817108
vt 0.178550 0.769646
vt 0.177525 0.723269
vt 0.173633 0.673092
vt 0.168758 0.625919
vt 0.163456 0.585537
vt 0.188120 0.894908
vt 0.193350 0.860756
vt 0.195944 0.819429
vt 0.191918 0.770942
vt 0.190494 0.721732
vt 0.192866 0.670598
vt 0.188630 0.622145
vt 0.181219 0.581465
vt 0.172384 0.550580
vt 0.195598 0.541819
vt 0.182692 0.517060
vt 0.208105 0.574261
vt 0.217327 0.618240
vt 0.219121 0.671206
vt 0.208814 0.727077
vt 0.210041 0.766637
vt 0.220662 0.818324
vt 0.253587 0.866655
vt 0.248415 0.813368
vt 0.227061 0.759674
vt 0.227599 0.734890
vt 0.248231 0.675652
vt 0.253587 0.615249
vt 0.246168 0.562309
vt 0.230800 0.522650
vt 0.211647 0.494917
vt 0.180933 0.475530
vt 0.166825 0.492195
vt 0.135687 0.461099
vt 0.134329 0.463074
vt 0.153578 0.500038
vt 0.132753 0.464041
vt 0.144840 0.501609
vt 0.131540 0.464254
vt 0.134382 0.502445
vt 0.130053 0.464527
vt 0.123237 0.503932
vt 0.128565 0.464792
vt 0.112873 0.504226
vt 0.127303 0.464956
vt 0.096356 0.496999
vt 0.125599 0.464156
vt 0.080995 0.480401
vt 0.124251 0.462209
vt 0.106569 0.530217
vt 0.082258 0.521637
vt 0.054042 0.500135
vt 0.136943 0.528617
vt 0.151793 0.527330
vt 0.138855 0.555412
vt 0.118627 0.555741
vt 0.120996 0.530206
vt 0.100671 0.553735
vt 0.071344 0.543661
vt 0.035564 0.524656
vt 0.115338 0.587235
vt 0.093705 0.583216
vt 0.059776 0.573973
vt 0.020255 0.561177
vt 0.086514 0.624651
vt 0.049005 0.617930
vt 0.009842 0.611354
vt 0.041138 0.677893
vt 0.005123 0.673381
vt 0.000295 0.747451
vt 0.163746 0.525347
vt 0.157656 0.553550
vt 0.140111 0.588531
vt 0.112420 0.628438
vt 0.003351 0.772462
vt 0.963350 0.939353
vt 0.959783 0.939579
vt 0.961017 0.938369
vt 0.959539 0.941686
vt 0.964212 0.941957
vt 0.963056 0.944444
vt 0.959539 0.943808
vt 0.960625 0.945152
vt 0.579550 0.259186
vt 0.556394 0.294573
vt 0.547913 0.237502
vt 0.524419 0.271063
vt 0.518064 0.213845
vt 0.527398 0.328599
vt 0.539877 0.184892
vt 0.507531 0.162429
vt 0.570390 0.209789
vt 0.592174 0.232037
vt 0.626882 0.227970
vt 0.621853 0.274448
vt 0.605299 0.185657
vt 0.566877 0.149056
vt 0.521099 0.122218
vt 0.480138 0.147627
vt 0.487092 0.191678
vt 0.492659 0.247564
vt 0.497388 0.304687
vt 0.501312 0.351192
vt 0.472976 0.337759
vt 0.466087 0.282833
vt 0.461312 0.223517
vt 0.457523 0.167249
vt 0.474474 0.113143
vt 0.536065 0.059110
vt 0.609655 0.092277
vt 0.661833 0.153866
vt 0.684921 0.219571
vt 0.684921 0.288056
vt 0.431186 0.130796
vt 0.429896 0.199266
vt 0.436448 0.258773
vt 0.440804 0.316391
vt 0.412042 0.354566
vt 0.455283 0.378841
vt 0.504329 0.385872
vt 0.553154 0.365179
vt 0.594815 0.323750
vt 0.391253 0.170383
vt 0.405186 0.236522
vt 0.411391 0.291360
vt 0.376783 0.319697
vt 0.362922 0.221854
vt 0.390664 0.267828
vt 0.356497 0.274493
vt 0.651013 0.366584
vt 0.581980 0.420773
vt 0.509343 0.440626
vt 0.439098 0.436086
vt 0.373089 0.406267
vt 0.326221 0.351043
vt 0.302484 0.284775
vt 0.301533 0.209479
vt 0.334582 0.128178
vt 0.400712 0.073927
vt 0.466540 0.055038
vt 0.773203 0.548749
vt 0.770583 0.549779
vt 0.745128 0.491227
vt 0.765214 0.482550
vt 0.776785 0.548755
vt 0.795233 0.479265
vt 0.735741 0.499950
vt 0.769175 0.551034
vt 0.713326 0.471284
vt 0.724759 0.459570
vt 0.749050 0.444443
vt 0.796759 0.427008
vt 0.767464 0.552587
vt 0.725501 0.510934
vt 0.699836 0.486242
vt 0.677578 0.466124
vt 0.694011 0.448844
vt 0.707613 0.435921
vt 0.733829 0.417077
vt 0.782073 0.389547
vt 0.714130 0.521935
vt 0.765758 0.554147
vt 0.684842 0.501100
vt 0.661784 0.484904
vt 0.637851 0.468094
vt 0.653951 0.445805
vt 0.672541 0.426850
vt 0.688816 0.412983
vt 0.714204 0.390020
vt 0.753510 0.353675
vt 0.704556 0.532708
vt 0.764401 0.555523
vt 0.672377 0.514741
vt 0.649470 0.501800
vt 0.625918 0.487700
vt 0.598351 0.466312
vt 0.611441 0.447001
vt 0.627982 0.424139
vt 0.647057 0.404205
vt 0.663019 0.388909
vt 0.682942 0.362095
vt 0.704756 0.322312
vt 0.569967 0.433617
vt 0.583366 0.419140
vt 0.598962 0.399980
vt 0.615052 0.381528
vt 0.626911 0.366320
vt 0.636895 0.340498
vt 0.641425 0.308665
vt 0.557374 0.382582
vt 0.566554 0.372340
vt 0.575332 0.361745
vt 0.579629 0.351755
vt 0.579365 0.335224
vt 0.577214 0.317619
vt 0.763610 0.558268
vt 0.764255 0.561801
vt 0.696837 0.587292
vt 0.696556 0.556140
vt 0.657752 0.545112
vt 0.632044 0.534077
vt 0.604612 0.519021
vt 0.573054 0.491245
vt 0.545202 0.447484
vt 0.531637 0.390514
vt 0.548116 0.388341
vt 0.513828 0.390989
vt 0.513828 0.456113
vt 0.534930 0.517736
vt 0.571311 0.562985
vt 0.610133 0.587102
vt 0.647707 0.593144
vt 0.965887 0.952525
vt 0.964982 0.951638
vt 0.967599 0.951803
vt 0.964803 0.950092
vt 0.968231 0.949894
vt 0.967383 0.948070
vt 0.964803 0.948536
vt 0.965600 0.947550
vt 0.966282 0.974643
vt 0.965048 0.973434
vt 0.968615 0.973660
vt 0.964803 0.971327
vt 0.969477 0.971056
vt 0.968320 0.968569
vt 0.964803 0.969205
vt 0.965889 0.967861
vt 0.968660 0.937779
vt 0.967755 0.936892
vt 0.970371 0.937057
vt 0.967576 0.935346
vt 0.971003 0.935148
vt 0.970155 0.933324
vt 0.967576 0.933790
vt 0.968372 0.932804
vt 0.882030 0.273970
vt 0.843828 0.250195
vt 0.858272 0.238301
vt 0.884300 0.271708
vt 0.845412 0.211237
vt 0.821603 0.223048
vt 0.863644 0.206033
vt 0.871093 0.232754
vt 0.886714 0.270646
vt 0.888467 0.270522
vt 0.879599 0.231986
vt 0.875227 0.205168
vt 0.872370 0.179628
vt 0.858639 0.180804
vt 0.837133 0.184908
vt 0.808669 0.192801
vt 0.832139 0.153962
vt 0.803048 0.155874
vt 0.855427 0.152280
vt 0.870808 0.150954
vt 0.889607 0.150399
vt 0.889346 0.179096
vt 0.889312 0.205069
vt 0.889646 0.231964
vt 0.890599 0.270400
vt 0.832484 0.116510
vt 0.806481 0.113002
vt 0.855245 0.117850
vt 0.870788 0.117478
vt 0.889965 0.117214
vt 0.909244 0.117809
vt 0.908670 0.151433
vt 0.906570 0.179641
vt 0.903723 0.204879
vt 0.899971 0.231612
vt 0.892731 0.270283
vt 0.916012 0.205622
vt 0.909028 0.232116
vt 0.894508 0.270257
vt 0.819547 0.066991
vt 0.839931 0.073285
vt 0.859420 0.076899
vt 0.873091 0.077510
vt 0.890228 0.077588
vt 0.907352 0.077607
vt 0.921005 0.077056
vt 0.925001 0.118360
vt 0.924470 0.152970
vt 0.921020 0.181050
vt 0.855262 0.025027
vt 0.841176 0.018784
vt 0.868760 0.030101
vt 0.878248 0.031516
vt 0.890187 0.031566
vt 0.902123 0.031332
vt 0.911599 0.029812
vt 0.925142 0.024813
vt 0.940463 0.073428
vt 0.948115 0.116972
vt 0.948733 0.154739
vt 0.939329 0.018784
vt 0.960845 0.067071
vt 0.974339 0.113110
vt 0.978513 0.156154
vt 0.943931 0.185616
vt 0.973561 0.193478
vt 0.935534 0.211391
vt 0.960536 0.224345
vt 0.922754 0.237983
vt 0.936878 0.249982
vt 0.896930 0.271332
vt 0.899072 0.273680
vt 0.960695 0.966563
vt 0.964212 0.965927
vt 0.963126 0.967271
vt 0.964212 0.963805
vt 0.959539 0.964076
vt 0.960401 0.961472
vt 0.963968 0.961697
vt 0.962734 0.960488
vt 0.963350 0.968845
vt 0.959783 0.969070
vt 0.961017 0.967861
vt 0.959539 0.971178
vt 0.964212 0.971448
vt 0.963056 0.973936
vt 0.959539 0.973300
vt 0.960625 0.974643
vt 0.965959 0.966563
vt 0.969477 0.965927
vt 0.968390 0.967271
vt 0.969477 0.963805
vt 0.964803 0.964076
vt 0.965665 0.961472
vt 0.969232 0.961698
vt 0.967998 0.960488
vt 1.000000 1.000000
vt 1.000000 0.500000
vt 0.833333 1.000000
vt 0.166667 0.000000
vt 0.000000 0.500000
vt 0.166667 0.500000
vt 0.333333 0.000000
vt 0.333333 0.500000
vt 0.500000 0.500000
vt 0.666667 0.000000
vt 0.666667 0.500000
vt 0.833333 0.000000
vt 0.833333 0.500000
vt 0.666667 1.000000
vt 0.166667 1.000000
vt 0.333333 1.000000
vt 0.500000 1.000000
vt 0.471951 0.250000
vt 0.500000 0.250000
vt 0.469536 0.040752
vt 0.500000 0.040752
vt 0.748434 0.040752
vt 0.959535 0.040752
vt 1.000000 0.250000
vt 0.960622 0.253765
vt 0.962543 0.503174
vt 0.963443 0.744757
vt 1.000000 0.750000
vt 0.956271 0.959265
vt 0.750000 1.000000
vt 0.739140 0.965406
vt 0.500000 0.967731
vt 0.250000 1.000000
vt 0.260860 0.965406
vt 0.043729 0.959265
vt 0.000000 0.750000
vt 0.036557 0.744757
vt 0.037312 0.503174
vt 0.039378 0.253765
vt 0.000000 0.250000
vt 0.040465 0.040752
vt 0.251566 0.040752
s 0
usemtl chip_outline
f 1/1/1 2/1/1 3/1/1
f 4/1/1 1/1/1 3/1/1
f 5/1/1 4/1/1 3/1/1
f 6/1/1 5/1/1 3/1/1
f 7/1/1 6/1/1 3/1/1
f 8/1/1 7/1/1 3/1/1
f 9/1/1 8/1/1 3/1/1
f 10/1/1 9/1/1 3/1/1
f 11/1/1 10/1/1 3/1/1
f 12/1/1 11/1/1 3/1/1
f 13/1/1 12/1/1 3/1/1
f 14/1/1 13/1/1 3/1/1
f 15/1/1 16/1/1 3/1/1
f 17/1/1 15/1/1 3/1/1
f 18/1/1 17/1/1 3/1/1
f 19/1/1 18/1/1 3/1/1
f 20/1/1 19/1/1 3/1/1
f 21/1/1 20/1/1 3/1/1
f 22/1/1 21/1/1 3/1/1
f 23/1/1 22/1/1 3/1/1
f 24/1/1 23/1/1 3/1/1
f 25/1/1 24/1/1 3/1/1
f 26/1/1 25/1/1 3/1/1
f 27/1/1 26/1/1 3/1/1
f 28/1/1 27/1/1 3/1/1
f 29/1/1 28/1/1 3/1/1
f 30/1/1 29/1/1 3/1/1
f 31/1/1 30/1/1 3/1/1
f 32/1/1 31/1/1 3/1/1
f 2/1/1 32/1/1 3/1/1
f 33/1/2 34/1/2 35/1/2
f 34/1/2 33/1/2 36/1/2
f 37/1/2 34/1/2 36/1/2
f 37/1/2 36/1/2 38/1/2
f 39/1/2 37/1/2 38/1/2
f 39/1/2 38/1/2 40/1/2
f 41/1/2 39/1/2 40/1/2
f 41/1/2 40/1/2 42/1/2
f 43/1/2 41/1/2 42/1/2
f 44/1/2 43/1/2 42/1/2
f 45/1/2 44/1/2 42/1/2
f 44/1/2 45/1/2 46/1/2
f 47/1/2 44/1/2 46/1/2
f 47/1/2 46/1/2 48/1/2
f 49/1/2 47/1/2 48/1/2
f 49/1/2 48/1/2 50/1/2
f 51/1/2 49/1/2 50/1/2
f 51/1/2 50/1/2 52/1/2
f 53/1/2 51/1/2 52/1/2
f 53/1/2 52/1/2 54/1/2
f 55/1/2 53/1/2 54/1/2
f 55/1/2 54/1/2 56/1/2
f 57/1/2 55/1/2 56/1/2
f 58/1/2 57/1/2 56/1/2
f 59/1/2 58/1/2 56/1/2
f 60/1/2 58/1/2 59/1/2
f 61/1/2 60/1/2 59/1/2
f 60/1/2 61/1/2 62/1/2
f 63/1/2 60/1/2 62/1/2
s 1
f 64/1/2 63/1/2 62/1/2
s 0
f 65/1/2 64/1/2 62/1/2
s 1
f 66/1/2 64/1/2 65/1/2
s 0
f 67/1/2 66/1/2 65/1/2
f 68/1/2 66/1/2 67/1/2
f 69/1/2 68/1/2 67/1/2
f 70/1/2 68/1/2 69/1/2
f 71/1/2 70/1/2 69/1/2
f 72/1/2 70/1/2 71/1/2
f 73/1/2 72/1/2 71/1/2
f 72/1/2 73/1/2 74/1/2
f 75/1/2 72/1/2 74/1/2
f 76/1/2 75/1/2 74/1/2
f 77/1/2 76/1/2 74/1/2
f 78/1/2 76/1/2 77/1/2
f 79/1/2 78/1/2 77/1/2
f 80/1/2 78/1/2 79/1/2
f 81/1/2 80/1/2 79/1/2
f 82/1/2 80/1/2 81/1/2
f 83/1/2 82/1/2 81/1/2
f 82/1/2 83/1/2 84/1/2
f 85/1/2 82/1/2 84/1/2
f 85/1/2 84/1/2 86/1/2
f 87/1/2 85/1/2 86/1/2
f 88/1/2 87/1/2 86/1/2
f 89/1/2 88/1/2 86/1/2
f 90/1/2 88/1/2 89/1/2
f 91/1/2 90/1/2 89/1/2
f 90/1/2 91/1/2 92/1/2
f 93/1/2 90/1/2 92/1/2
f 94/1/2 93/1/2 92/1/2
f 95/1/2 94/1/2 92/1/2
f 35/1/2 96/1/2 95/1/2
f 34/1/2 96/1/2 35/1/2
f 96/1/2 94/1/2 95/1/2
f 97/1/2 98/1/2 99/1/2
f 100/1/2 97/1/2 99/1/2
f 101/1/2 100/1/2 99/1/2
f 102/1/2 101/1/2 99/1/2
f 103/1/2 102/1/2 99/1/2
f 104/1/2 103/1/2 99/1/2
f 105/1/2 104/1/2 99/1/2
f 106/1/2 105/1/2 99/1/2
f 107/1/2 106/1/2 99/1/2
f 108/1/2 107/1/2 99/1/2
s 1
f 109/1/2 108/1/2 99/1/2
s 0
f 110/1/2 109/1/2 99/1/2
f 111/1/2 112/1/2 99/1/2
f 113/1/2 111/1/2 99/1/2
s 1
f 114/1/2 113/1/2 99/1/2
s 0
f 115/1/2 114/1/2 99/1/2
f 116/1/2 115/1/2 99/1/2
s 1
f 117/1/2 116/1/2 99/1/2
s 0
f 118/1/2 117/1/2 99/1/2
s 1
f 119/1/2 118/1/2 99/1/2
s 0
f 120/1/2 119/1/2 99/1/2
f 121/1/2 120/1/2 99/1/2
f 122/1/2 121/1/2 99/1/2
f 123/1/2 122/1/2 99/1/2
f 124/1/2 123/1/2 99/1/2
f 125/1/2 124/1/2 99/1/2
f 126/1/2 125/1/2 99/1/2
f 127/1/2 126/1/2 99/1/2
f 128/1/2 127/1/2 99/1/2
f 98/1/2 128/1/2 99/1/2
f 129/1/1 130/1/1 131/1/1
f 132/1/1 130/1/1 129/1/1
f 133/1/1 132/1/1 129/1/1
f 134/1/1 132/1/1 133/1/1
f 135/1/1 134/1/1 133/1/1
f 136/1/1 134/1/1 135/1/1
f 137/1/1 136/1/1 135/1/1
f 137/1/1 138/1/1 136/1/1
s 1
f 138/1/1 139/1/1 136/1/1
f 138/1/1 140/1/1 139/1/1
s 0
f 140/1/1 141/1/1 139/1/1
f 142/1/1 141/1/1 140/1/1
f 143/1/1 142/1/1 140/1/1
f 144/1/1 142/1/1 143/1/1
f 145/1/1 144/1/1 143/1/1
s 1
f 146/1/1 144/1/1 145/1/1
s 0
f 147/1/1 146/1/1 145/1/1
f 147/1/1 148/1/1 146/1/1
s 1
f 148/1/1 149/1/1 146/1/1
s 0
f 148/1/1 150/1/1 149/1/1
f 150/1/1 151/1/1 149/1/1
f 152/1/1 151/1/1 150/1/1
f 153/1/1 152/1/1 150/1/1
f 154/1/1 152/1/1 153/1/1
f 155/1/1 154/1/1 153/1/1
f 155/1/1 156/1/1 154/1/1
s 1
f 156/1/1 157/1/1 154/1/1
s 0
f 158/1/1 157/1/1 156/1/1
f 159/1/1 158/1/1 156/1/1
f 160/1/1 158/1/1 159/1/1
f 161/1/1 160/1/1 159/1/1
f 162/1/1 160/1/1 161/1/1
f 163/1/1 162/1/1 161/1/1
f 164/1/1 162/1/1 163/1/1
f 165/1/1 164/1/1 163/1/1
f 165/1/1 166/1/1 164/1/1
f 166/1/1 167/1/1 164/1/1
f 166/1/1 168/1/1 167/1/1
f 168/1/1 169/1/1 167/1/1
f 170/1/1 169/1/1 168/1/1
s 1
f 171/1/1 170/1/1 168/1/1
s 0
f 171/1/1 172/1/1 170/1/1
f 172/1/1 173/1/1 170/1/1
f 172/1/1 174/1/1 173/1/1
s 1
f 174/1/1 175/1/1 173/1/1
f 176/1/1 175/1/1 174/1/1
s 0
f 177/1/1 176/1/1 174/1/1
f 178/1/1 176/1/1 177/1/1
f 179/1/1 178/1/1 177/1/1
f 179/1/1 180/1/1 178/1/1
f 180/1/1 181/1/1 178/1/1
f 180/1/1 182/1/1 181/1/1
f 182/1/1 183/1/1 181/1/1
f 182/1/1 184/1/1 183/1/1
f 184/1/1 185/1/1 183/1/1
f 184/1/1 186/1/1 185/1/1
f 186/1/1 187/1/1 185/1/1
s 1
f 186/1/1 188/1/1 187/1/1
f 188/1/1 189/1/1 187/1/1
s 0
f 188/1/1 190/1/1 189/1/1
f 190/1/1 131/1/1 191/1/1
f 190/1/1 191/1/1 189/1/1
f 130/1/1 192/1/1 131/1/1
f 131/1/1 192/1/1 191/1/1
f 193/2/3 194/3/3 195/4/3
f 196/5/3 193/2/3 195/4/3
s 1
f 197/6/4 198/7/5 199/8/6
f 200/9/5 197/6/4 199/8/6
f 200/9/5 199/8/6 201/10/7
f 202/11/8 197/6/4 200/9/5
f 203/12/9 202/11/8 200/9/5
f 203/12/9 200/9/5 204/13/10
f 204/13/10 200/9/5 201/10/7
f 205/14/5 203/12/9 204/13/10
f 206/15/11 207/16/12 208/17/13
f 209/18/14 210/19/15 206/15/11
f 210/19/15 207/16/12 206/15/11
f 210/19/15 211/20/16 207/16/12
f 211/20/16 212/21/17 207/16/12
f 207/16/12 212/21/17 213/22/18
f 207/16/12 213/22/18 208/17/13
f 208/17/13 213/22/18 214/23/19
f 213/22/18 215/24/20 214/23/19
f 214/23/19 215/24/20 216/25/21
f 215/24/20 217/26/22 216/25/21
f 216/25/21 217/26/22 218/27/23
f 217/26/22 219/28/24 218/27/23
f 218/27/23 219/28/24 220/29/25
f 219/28/24 221/30/26 220/29/25
f 219/28/24 222/31/27 221/30/26
f 222/31/27 223/32/28 221/30/26
f 217/26/22 224/33/29 219/28/24
f 224/33/29 222/31/27 219/28/24
f 225/34/30 224/33/29 217/26/22
f 215/24/20 225/34/30 217/26/22
f 226/35/31 225/34/30 215/24/20
f 213/22/18 226/35/31 215/24/20
f 212/21/17 226/35/31 213/22/18
f 222/31/27 227/36/32 223/32/28
f 227/36/32 228/37/33 223/32/28
f 229/38/34 227/36/32 222/31/27
f 224/33/29 229/38/34 222/31/27
f 225/34/30 230/39/35 224/33/29
f 230/39/35 229/38/34 224/33/29
f 226/35/31 231/40/36 225/34/30
f 231/40/36 230/39/35 225/34/30
f 212/21/17 232/41/37 226/35/31
f 232/41/37 231/40/36 226/35/31
f 211/20/16 233/42/38 212/21/17
f 233/42/38 232/41/37 212/21/17
f 234/43/39 233/42/38 211/20/16
f 235/44/40 211/20/16 210/19/15
f 235/44/40 234/43/39 211/20/16
f 236/45/41 235/44/40 210/19/15
f 236/45/41 210/19/15 209/18/14
f 237/46/42 236/45/41 209/18/14
f 238/47/43 235/44/40 236/45/41
f 239/48/26 236/45/41 237/46/42
f 239/48/26 238/47/43 236/45/41
f 240/49/25 239/48/26 237/46/42
f 227/36/32 241/50/44 228/37/33
f 241/50/44 242/51/45 228/37/33
f 229/38/34 243/52/46 227/36/32
f 243/52/46 241/50/44 227/36/32
f 230/39/35 244/53/47 229/38/34
f 244/53/47 243/52/46 229/38/34
f 231/40/36 245/54/48 230/39/35
f 245/54/48 244/53/47 230/39/35
f 246/55/49 245/54/48 231/40/36
f 232/41/37 246/55/49 231/40/36
f 233/42/38 247/56/50 232/41/37
f 247/56/50 246/55/49 232/41/37
f 234/43/39 248/57/51 233/42/38
f 248/57/51 247/56/50 233/42/38
f 249/58/52 248/57/51 234/43/39
f 250/59/53 234/43/39 235/44/40
f 238/47/43 250/59/53 235/44/40
f 250/59/53 249/58/52 234/43/39
f 251/60/54 252/61/55 253/62/56
f 254/63/57 251/60/54 253/62/56
f 254/63/57 253/62/56 255/64/58
f 255/64/58 253/62/56 256/65/59
f 253/62/56 257/66/60 256/65/59
f 253/62/56 252/61/55 257/66/60
f 252/61/55 258/67/56 257/66/60
f 259/68/56 254/63/57 255/64/58
f 260/69/61 261/70/62 262/71/63
f 263/72/63 260/69/61 262/71/63
f 263/72/63 262/71/63 264/73/64
f 265/74/64 263/72/63 264/73/64
f 265/74/64 264/73/64 266/75/65
f 267/76/65 265/74/64 266/75/65
f 267/76/65 266/75/65 268/77/66
f 269/78/66 267/76/65 268/77/66
f 269/78/66 268/77/66 270/79/67
f 271/80/67 269/78/66 270/79/67
f 271/80/67 270/79/67 272/81/68
f 273/82/68 271/80/67 272/81/68
f 273/82/68 272/81/68 274/83/69
f 275/84/69 273/82/68 274/83/69
f 275/84/69 274/83/69 276/85/70
f 277/86/61 275/84/69 276/85/70
f 278/84/63 279/86/61 280/85/62
f 281/83/63 278/84/63 280/85/62
f 282/82/64 278/84/63 281/83/63
f 283/81/64 282/82/64 281/83/63
f 284/80/65 282/82/64 283/81/64
f 285/79/65 284/80/65 283/81/64
f 286/78/66 284/80/65 285/79/65
f 287/77/66 286/78/66 285/79/65
f 288/76/67 286/78/66 287/77/66
f 289/75/67 288/76/67 287/77/66
f 290/74/68 288/76/67 289/75/67
f 291/73/68 290/74/68 289/75/67
f 292/72/69 290/74/68 291/73/68
f 293/71/69 292/72/69 291/73/68
f 294/69/61 292/72/69 293/71/69
f 295/70/70 294/69/61 293/71/69
s 0
f 296/87/5 297/88/5 298/89/5
f 299/90/5 296/87/5 298/89/5
f 300/91/5 296/87/5 299/90/5
f 301/92/5 300/91/5 299/90/5
f 301/92/5 299/90/5 302/93/5
f 303/94/5 301/92/5 302/93/5
f 302/93/5 299/90/5 304/95/5
f 299/90/5 298/89/5 304/95/5
f 305/90/5 306/93/5 307/95/5
f 308/89/5 305/90/5 307/95/5
f 305/90/5 309/92/5 306/93/5
f 309/92/5 310/94/5 306/93/5
f 311/91/5 309/92/5 305/90/5
f 312/87/5 305/90/5 308/89/5
f 312/87/5 311/91/5 305/90/5
f 313/88/5 312/87/5 308/89/5
f 314/4/71 315/96/71 316/97/71
f 317/5/72 314/4/72 316/97/72
f 318/2/73 319/98/73 320/99/73
f 321/3/73 318/2/73 320/99/73
f 322/100/74 323/101/74 324/102/74
f 325/97/74 322/100/74 324/102/74
f 326/103/75 327/100/75 328/97/75
f 329/96/75 326/103/75 328/97/75
f 330/104/76 331/103/76 332/96/76
f 333/105/76 330/104/76 332/96/76
f 334/106/77 335/107/77 336/108/77
f 337/109/77 334/106/77 336/108/77
s 1
f 338/110/78 339/111/79 340/112/80
f 341/113/81 338/110/78 340/112/80
f 341/113/81 340/112/80 342/114/82
f 343/115/83 338/110/78 341/113/81
f 344/116/84 341/113/81 342/114/82
f 344/116/84 342/114/82 345/117/85
f 346/118/86 341/113/81 344/116/84
f 346/118/86 343/115/83 341/113/81
f 347/119/87 343/115/83 346/118/86
f 348/120/88 349/121/89 350/122/90
f 349/121/89 351/123/91 350/122/90
f 350/122/90 351/123/91 352/124/92
f 351/123/91 353/125/93 352/124/92
f 352/124/92 353/125/93 354/107/94
f 355/126/95 344/116/84 345/117/85
f 353/125/93 355/126/95 354/107/94
f 354/107/94 355/126/95 356/108/96
f 355/126/95 345/117/85 356/108/96
f 357/127/97 344/116/84 355/126/95
f 357/127/97 346/118/86 344/116/84
f 353/125/93 357/127/97 355/126/95
f 358/128/98 346/118/86 357/127/97
f 358/128/98 347/119/87 346/118/86
f 359/129/99 347/119/87 358/128/98
f 360/130/100 359/129/99 358/128/98
f 361/131/101 357/127/97 353/125/93
f 361/131/101 358/128/98 357/127/97
f 360/130/100 358/128/98 361/131/101
f 351/123/91 361/131/101 353/125/93
f 362/132/102 360/130/100 361/131/101
f 362/132/102 361/131/101 351/123/91
f 349/121/89 362/132/102 351/123/91
f 363/133/103 364/134/104 365/135/105
f 365/135/105 364/134/104 366/136/105
f 367/137/106 365/135/105 366/136/105
s 0
f 364/134/105 368/138/105 366/136/105
f 369/139/105 368/138/105 364/134/105
f 370/140/105 369/139/105 364/134/105
f 371/141/105 369/139/105 370/140/105
f 372/142/107 370/140/107 364/134/108
f 373/143/104 374/144/104 368/138/104
f 375/145/107 368/138/107 374/144/107
f 376/146/105 368/138/105 375/145/105
f 376/146/105 377/147/105 368/138/105
f 366/136/105 368/138/105 377/147/105
f 378/148/105 366/136/105 377/147/105
f 379/149/105 366/136/105 378/148/105
f 380/150/105 378/148/105 377/147/105
f 381/151/105 377/147/105 376/146/105
s 1
f 382/152/109 381/151/109 376/146/109
s 0
f 383/153/109 377/147/109 381/151/109
f 384/154/103 385/155/103 386/156/103
f 387/157/105 386/156/105 385/155/105
f 368/138/105 386/156/105 387/157/105
f 388/158/105 368/138/105 369/139/105
f 386/156/105 368/138/105 388/158/105
f 389/159/110 388/158/110 369/139/110
s 1
f 390/160/105 389/159/105 369/139/105
s 0
f 391/161/111 388/158/111 389/159/111
f 386/156/105 388/158/105 392/162/105
f 392/162/105 388/158/105 393/163/105
f 394/164/105 393/163/105 388/158/105
s 1
f 395/165/112 396/166/113 397/167/114
f 398/109/115 399/168/116 400/106/117
f 399/168/116 401/169/118 400/106/117
f 400/106/117 401/169/118 402/170/119
f 401/169/118 403/171/120 402/170/119
f 402/170/119 403/171/120 404/172/121
f 403/171/120 405/173/122 404/172/121
f 404/172/121 405/173/122 406/174/123
f 405/173/122 407/175/124 406/174/123
f 405/173/122 408/176/125 407/175/124
f 408/176/125 409/177/126 407/175/124
f 408/176/125 410/178/127 409/177/126
f 410/178/127 395/165/112 397/167/114
f 410/178/127 397/167/114 409/177/126
f 411/179/128 395/165/112 410/178/127
f 412/180/129 413/181/130 414/182/131
f 413/181/130 415/183/132 414/182/131
f 414/182/131 415/183/132 416/184/133
f 415/183/132 411/179/128 416/184/133
f 416/184/133 411/179/128 410/178/127
f 416/184/133 410/178/127 408/176/125
f 417/185/134 408/176/125 405/173/122
f 417/185/134 416/184/133 408/176/125
f 403/171/120 417/185/134 405/173/122
f 414/182/131 416/184/133 417/185/134
f 412/180/129 414/182/131 418/186/135
f 418/186/135 414/182/131 417/185/134
f 418/186/135 417/185/134 403/171/120
f 401/169/118 418/186/135 403/171/120
f 419/187/136 418/186/135 401/169/118
f 419/187/136 412/180/129 418/186/135
f 399/168/116 419/187/136 401/169/118
f 420/149/137 421/148/137 422/136/137
s 0
f 422/136/138 421/148/138 423/137/138
f 423/137/138 421/148/138 424/135/138
f 424/135/137 421/148/137 425/140/137
f 426/142/137 424/135/137 425/140/137
f 427/134/138 424/135/138 426/142/138
f 428/133/138 424/135/138 427/134/138
s 1
f 429/153/139 430/151/140 431/147/140
s 0
f 432/150/137 430/151/137 421/148/137
f 431/147/140 430/151/140 432/150/140
f 421/148/137 433/144/137 425/140/137
f 430/151/137 433/144/137 421/148/137
s 1
f 425/140/137 433/144/137 434/159/137
s 0
f 425/140/137 434/159/137 435/141/137
f 435/141/137 434/159/137 436/139/137
s 1
f 437/160/137 436/139/137 434/159/137
s 0
f 438/152/137 433/144/137 430/151/137
f 439/146/141 433/144/141 438/152/141
f 440/145/142 433/144/142 439/146/142
s 1
f 441/143/143 442/138/144 433/144/144
s 0
f 443/157/138 433/144/138 442/138/138
f 444/155/138 433/144/138 443/157/138
f 434/159/137 433/144/137 445/163/137
f 444/155/137 445/163/137 433/144/137
f 446/164/137 434/159/137 445/163/137
f 447/158/145 434/159/145 446/164/145
s 1
f 448/161/146 434/159/140 447/158/140
s 0
f 449/162/137 445/163/137 450/156/137
f 451/154/138 445/163/138 444/155/138
f 450/156/138 445/163/138 451/154/138
s 1
f 452/172/147 453/122/147 454/124/148
f 455/170/148 452/172/147 454/124/148
f 455/170/148 454/124/148 456/107/149
f 457/106/149 455/170/148 456/107/149
f 458/183/150 459/188/150 460/189/151
f 461/179/151 458/183/150 460/189/151
f 461/179/151 460/189/151 462/190/152
f 463/165/152 461/179/151 462/190/152
f 464/191/153 465/192/153 466/193/154
f 467/194/154 464/191/153 466/193/154
f 467/194/154 466/193/154 468/195/155
f 469/196/155 467/194/154 468/195/155
f 469/196/155 468/195/155 470/197/156
f 471/198/156 469/196/155 470/197/156
f 471/198/156 470/197/156 472/199/157
f 473/200/157 471/198/156 472/199/157
f 473/200/157 472/199/157 474/201/158
f 475/202/158 473/200/157 474/201/158
f 476/203/159 477/204/159 478/205/160
f 479/206/160 476/203/159 478/205/160
f 479/206/160 478/205/160 480/207/161
f 481/208/161 479/206/160 480/207/161
f 481/208/161 480/207/161 482/209/162
f 483/210/162 481/208/161 482/209/162
f 483/210/162 482/209/162 484/211/163
f 485/212/163 483/210/162 484/211/163
f 485/212/163 484/211/163 486/213/164
f 487/214/164 485/212/163 486/213/164
f 487/214/164 486/213/164 488/215/165
f 489/216/165 487/214/164 488/215/165
f 489/216/165 488/215/165 490/217/166
f 491/218/167 489/216/165 490/217/166
f 491/218/167 490/217/166 492/219/168
f 493/220/168 491/218/167 492/219/168
f 493/220/168 492/219/168 465/192/153
f 464/191/153 493/220/168 465/192/153
f 494/221/169 495/222/169 496/223/170
f 497/224/170 494/221/169 496/223/170
f 497/224/170 496/223/170 498/225/171
f 499/226/171 497/224/170 498/225/171
f 499/226/171 498/225/171 500/227/172
f 501/228/172 499/226/171 500/227/172
f 501/228/172 500/227/172 502/229/173
f 503/230/173 501/228/172 502/229/173
f 503/230/173 502/229/173 504/231/174
f 505/232/174 503/230/173 504/231/174
f 505/232/174 504/231/174 506/233/175
f 507/234/175 505/232/174 506/233/175
f 507/234/175 506/233/175 508/235/176
f 509/236/176 507/234/175 508/235/176
f 509/236/176 508/235/176 510/237/177
f 476/203/159 511/238/177 477/204/159
f 511/238/177 510/237/177 477/204/159
f 511/238/177 509/236/176 510/237/177
f 512/239/158 513/240/178 514/241/179
f 515/242/179 512/239/158 514/241/179
f 515/242/179 514/241/179 516/243/180
f 517/244/180 515/242/179 516/243/180
f 517/244/180 516/243/180 518/245/181
f 519/246/181 517/244/180 518/245/181
f 519/246/181 518/245/181 520/247/182
f 521/248/182 519/246/181 520/247/182
f 521/248/182 520/247/182 522/249/183
f 523/250/183 521/248/182 522/249/183
f 523/250/183 522/249/183 524/251/184
f 525/252/184 523/250/183 524/251/184
f 525/252/184 524/251/184 526/253/185
f 527/254/185 525/252/184 526/253/185
f 527/254/185 526/253/185 528/255/186
f 529/256/186 527/254/185 528/255/186
f 529/256/186 528/255/186 495/222/169
f 494/221/169 529/256/186 495/222/169
f 530/257/187 531/258/188 532/259/189
f 533/260/190 530/257/187 532/259/189
f 530/257/187 534/261/191 531/258/188
f 534/261/191 535/262/187 531/258/188
f 536/263/192 534/261/191 530/257/187
f 537/264/193 536/263/192 530/257/187
f 537/264/193 530/257/187 533/260/190
f 538/265/187 537/264/193 533/260/190
s 0
f 539/142/141 540/266/141 541/267/141
f 539/142/138 542/134/138 540/266/138
f 542/134/138 543/268/138 540/266/138
f 542/134/138 544/133/138 543/268/138
f 544/133/137 545/269/137 543/268/137
f 544/133/137 546/135/137 545/269/137
s 1
f 546/135/138 547/270/138 545/269/138
f 546/135/138 548/137/138 547/270/138
s 0
f 548/137/138 549/271/138 547/270/138
f 548/137/138 550/136/138 549/271/138
f 550/136/138 551/272/138 549/271/138
f 550/136/138 552/149/138 551/272/138
f 552/149/137 553/273/137 551/272/137
f 552/149/137 554/148/137 553/273/137
f 554/148/138 555/274/138 553/273/138
f 554/148/138 556/150/138 555/274/138
f 556/150/137 557/275/137 555/274/137
f 556/150/137 558/147/137 557/275/137
f 558/147/137 559/276/137 557/275/137
f 558/147/137 560/153/137 559/276/137
f 560/153/137 561/277/137 559/276/137
f 560/153/137 562/151/137 561/277/137
f 562/151/137 563/278/137 561/277/137
f 562/151/137 564/152/137 563/278/137
f 564/152/140 565/279/140 563/278/140
f 564/152/137 566/146/137 565/279/137
f 566/146/137 567/280/137 565/279/137
f 566/146/137 568/145/137 567/280/137
f 568/145/140 569/281/140 567/280/140
s 1
f 568/145/140 570/144/140 569/281/140
s 0
f 570/144/137 571/282/137 569/281/137
f 570/144/137 572/143/137 571/282/137
f 572/143/137 573/283/137 571/282/137
f 572/143/137 574/138/137 573/283/137
s 1
f 574/138/137 575/284/137 573/283/137
s 0
f 574/138/137 576/157/137 575/284/137
f 576/157/137 577/285/137 575/284/137
f 576/157/137 578/155/137 577/285/137
f 578/155/137 579/286/137 577/285/137
f 578/155/137 580/154/137 579/286/137
f 580/154/138 581/287/138 579/286/138
f 580/154/138 582/156/138 581/287/138
f 582/156/137 583/288/137 581/287/137
f 582/156/137 584/162/137 583/288/137
f 584/162/137 585/289/137 583/288/137
f 584/162/142 586/163/142 585/289/142
f 586/163/137 587/290/137 585/289/137
f 586/163/137 588/164/137 587/290/137
f 588/164/138 589/291/138 587/290/138
f 588/164/138 590/158/138 589/291/138
f 590/158/138 591/292/138 589/291/138
f 590/158/137 592/161/137 591/292/137
f 592/161/137 593/293/137 591/292/137
f 592/161/137 594/159/137 593/293/137
f 594/159/194 595/294/194 593/293/194
f 594/159/141 596/160/141 595/294/141
f 596/160/141 597/295/141 595/294/141
f 596/160/141 598/139/141 597/295/141
f 598/139/138 599/296/138 597/295/138
f 598/139/138 600/141/138 599/296/138
f 600/141/141 601/297/141 599/296/141
f 602/140/137 541/267/137 601/297/137
f 602/140/137 539/142/137 541/267/137
f 600/141/138 602/140/138 601/297/138
f 603/298/195 604/299/195 605/300/195
f 606/301/195 603/298/195 605/300/195
f 606/301/195 605/300/195 607/302/195
f 608/303/195 606/301/195 607/302/195
s 1
f 609/191/153 610/192/153 611/193/154
f 612/194/154 609/191/153 611/193/154
f 612/194/154 611/193/154 613/195/155
f 614/196/155 612/194/154 613/195/155
f 614/196/155 613/195/155 615/197/196
f 616/198/196 614/196/155 615/197/196
f 616/198/196 615/197/196 617/199/157
f 618/200/157 616/198/196 617/199/157
f 618/200/157 617/199/157 619/201/158
f 620/202/148 618/200/157 619/201/158
f 621/203/197 622/204/197 623/205/160
f 624/206/160 621/203/197 623/205/160
f 624/206/160 623/205/160 625/207/161
f 626/208/161 624/206/160 625/207/161
f 626/208/161 625/207/161 627/209/198
f 628/210/198 626/208/161 627/209/198
f 628/210/198 627/209/198 629/211/163
f 630/212/163 628/210/198 629/211/163
f 630/212/163 629/211/163 631/213/199
f 632/214/199 630/212/163 631/213/199
f 632/214/199 631/213/199 633/215/165
f 634/216/165 632/214/199 633/215/165
f 634/216/165 633/215/165 635/217/166
f 636/218/166 634/216/165 635/217/166
f 636/218/166 635/217/166 637/219/200
f 638/220/200 636/218/166 637/219/200
f 638/220/200 637/219/200 610/192/153
f 609/191/153 638/220/200 610/192/153
f 639/221/169 640/222/169 641/223/170
f 642/224/170 639/221/169 641/223/170
f 642/224/170 641/223/170 643/225/171
f 644/226/171 642/224/170 643/225/171
f 644/226/171 643/225/171 645/227/172
f 646/228/172 644/226/171 645/227/172
f 646/228/172 645/227/172 647/229/173
f 648/230/173 646/228/172 647/229/173
f 648/230/173 647/229/173 649/231/174
f 650/232/174 648/230/173 649/231/174
f 650/232/174 649/231/174 651/233/175
f 652/234/175 650/232/174 651/233/175
f 652/234/175 651/233/175 653/235/151
f 654/236/151 652/234/175 653/235/151
f 654/236/151 653/235/151 655/237/177
f 656/238/177 655/237/177 622/204/197
f 621/203/197 656/238/177 622/204/197
f 656/238/177 654/236/151 655/237/177
f 657/239/178 658/240/178 659/241/201
f 660/242/201 657/239/178 659/241/201
f 660/242/201 659/241/201 661/243/180
f 662/244/180 660/242/201 661/243/180
f 662/244/180 661/243/180 663/245/181
f 664/246/181 662/244/180 663/245/181
f 664/246/181 663/245/181 665/247/182
f 666/248/182 664/246/181 665/247/182
f 666/248/182 665/247/182 667/249/183
f 668/250/183 666/248/182 667/249/183
f 668/250/183 667/249/183 669/251/184
f 670/252/184 668/250/183 669/251/184
f 670/252/184 669/251/184 671/253/202
f 672/254/202 670/252/184 671/253/202
f 672/254/202 671/253/202 673/255/186
f 674/256/186 672/254/202 673/255/186
f 674/256/186 673/255/186 640/222/169
f 639/221/169 674/256/186 640/222/169
f 675/200/203 676/202/158 677/201/158
f 678/199/203 675/200/203 677/201/158
f 679/198/204 675/200/203 678/199/203
f 680/197/204 679/198/204 678/199/203
f 681/196/205 679/198/204 680/197/204
f 682/195/205 681/196/205 680/197/204
f 683/194/206 681/196/205 682/195/205
f 684/193/206 683/194/206 682/195/205
f 685/191/207 683/194/206 684/193/206
f 686/192/207 685/191/207 684/193/206
f 687/220/208 685/191/207 686/192/207
f 688/219/208 687/220/208 686/192/207
f 689/218/209 687/220/208 688/219/208
f 690/217/209 689/218/209 688/219/208
f 691/216/210 689/218/209 690/217/209
f 692/215/210 691/216/210 690/217/209
f 693/214/211 691/216/210 692/215/210
f 694/213/211 693/214/211 692/215/210
f 695/212/212 693/214/211 694/213/211
f 696/211/212 695/212/212 694/213/211
f 697/210/213 695/212/212 696/211/212
f 698/209/213 697/210/213 696/211/212
f 699/208/214 697/210/213 698/209/213
f 700/207/214 699/208/214 698/209/213
f 701/206/215 699/208/214 700/207/214
f 702/205/215 701/206/215 700/207/214
f 703/203/216 701/206/215 702/205/215
f 704/204/216 703/203/216 702/205/215
f 705/238/217 703/203/216 704/204/216
f 706/237/218 705/238/217 704/204/216
f 707/236/151 705/238/217 706/237/218
f 708/235/151 707/236/151 706/237/218
f 709/234/219 707/236/151 708/235/151
f 710/233/219 709/234/219 708/235/151
f 711/232/220 709/234/219 710/233/219
f 712/231/220 711/232/220 710/233/219
f 713/230/221 711/232/220 712/231/220
f 714/229/221 713/230/221 712/231/220
f 715/228/222 713/230/221 714/229/221
f 716/227/222 715/228/222 714/229/221
f 717/226/223 715/228/222 716/227/222
f 718/225/223 717/226/223 716/227/222
f 719/224/224 717/226/223 718/225/223
f 720/223/224 719/224/224 718/225/223
f 721/221/225 719/224/224 720/223/224
f 722/222/225 721/221/225 720/223/224
f 723/256/226 721/221/225 722/222/225
f 724/255/227 723/256/226 722/222/225
f 725/254/228 723/256/226 724/255/227
f 726/253/228 725/254/228 724/255/227
f 727/252/229 725/254/228 726/253/228
f 728/251/229 727/252/229 726/253/228
f 729/250/230 727/252/229 728/251/229
f 730/249/230 729/250/230 728/251/229
f 731/248/231 729/250/230 730/249/230
f 732/247/231 731/248/231 730/249/230
f 733/246/232 731/248/231 732/247/231
f 734/245/232 733/246/232 732/247/231
f 735/244/233 733/246/232 734/245/232
f 736/243/233 735/244/233 734/245/232
f 737/242/234 735/244/233 736/243/233
f 738/241/234 737/242/234 736/243/233
f 739/239/178 737/242/234 738/241/234
f 740/240/178 739/239/178 738/241/234
f 741/200/203 742/202/235 743/201/148
f 744/199/203 741/200/203 743/201/148
f 745/198/236 741/200/203 744/199/203
f 746/197/236 745/198/236 744/199/203
f 747/196/205 745/198/236 746/197/236
f 748/195/205 747/196/205 746/197/236
f 749/194/206 747/196/205 748/195/205
f 750/193/206 749/194/206 748/195/205
f 751/191/207 749/194/206 750/193/206
f 752/192/207 751/191/207 750/193/206
f 753/220/237 751/191/207 752/192/207
f 754/219/237 753/220/237 752/192/207
f 755/218/209 753/220/237 754/219/237
f 756/217/209 755/218/209 754/219/237
f 757/216/210 755/218/209 756/217/209
f 758/215/210 757/216/210 756/217/209
f 759/214/211 757/216/210 758/215/210
f 760/213/211 759/214/211 758/215/210
f 761/212/212 759/214/211 760/213/211
f 762/211/212 761/212/212 760/213/211
f 763/210/238 761/212/212 762/211/212
f 764/209/238 763/210/238 762/211/212
f 765/208/214 763/210/238 764/209/238
f 766/207/214 765/208/214 764/209/238
f 767/206/215 765/208/214 766/207/214
f 768/205/215 767/206/215 766/207/214
f 769/203/239 767/206/215 768/205/215
f 770/204/239 769/203/239 768/205/215
f 771/238/218 769/203/239 770/204/239
f 772/237/218 771/238/218 770/204/239
f 773/236/176 771/238/218 772/237/218
f 774/235/176 773/236/176 772/237/218
f 775/234/219 773/236/176 774/235/176
f 776/233/219 775/234/219 774/235/176
f 777/232/220 775/234/219 776/233/219
f 778/231/220 777/232/220 776/233/219
f 779/230/221 777/232/220 778/231/220
f 780/229/221 779/230/221 778/231/220
f 781/228/222 779/230/221 780/229/221
f 782/227/222 781/228/222 780/229/221
f 783/226/223 781/228/222 782/227/222
f 784/225/223 783/226/223 782/227/222
f 785/224/224 783/226/223 784/225/223
f 786/223/224 785/224/224 784/225/223
f 787/221/225 785/224/224 786/223/224
f 788/222/225 787/221/225 786/223/224
f 789/256/226 787/221/225 788/222/225
f 790/255/226 789/256/226 788/222/225
f 791/254/228 789/256/226 790/255/226
f 792/253/228 791/254/228 790/255/226
f 793/252/229 791/254/228 792/253/228
f 794/251/229 793/252/229 792/253/228
f 795/250/240 793/252/229 794/251/229
f 796/249/240 795/250/240 794/251/229
f 797/248/231 795/250/240 796/249/240
f 798/247/231 797/248/231 796/249/240
f 799/246/232 797/248/231 798/247/231
f 800/245/232 799/246/232 798/247/231
f 801/244/233 799/246/232 800/245/232
f 802/243/233 801/244/233 800/245/232
f 803/242/234 801/244/233 802/243/233
f 804/241/241 803/242/234 802/243/233
f 805/239/148 803/242/234 804/241/241
f 806/240/178 805/239/148 804/241/241
s 0
f 807/159/105 808/161/105 809/293/105
f 810/294/110 807/159/110 809/293/110
f 811/160/107 807/159/107 810/294/107
f 812/295/107 811/160/107 810/294/107
f 813/139/107 811/160/107 812/295/107
f 814/296/107 813/139/107 812/295/107
f 815/141/104 813/139/104 814/296/104
f 816/297/104 815/141/104 814/296/104
f 817/140/104 815/141/104 816/297/104
f 818/267/105 817/140/105 816/297/105
f 819/142/105 817/140/105 818/267/105
f 820/266/107 819/142/107 818/267/107
f 821/134/107 819/142/107 820/266/107
s 1
f 822/268/104 821/134/104 820/266/104
s 0
f 823/133/104 821/134/104 822/268/104
f 824/269/104 823/133/104 822/268/104
s 1
f 825/135/104 823/133/104 824/269/104
s 0
f 826/270/104 825/135/104 824/269/104
f 827/137/104 825/135/104 826/270/104
f 828/271/104 827/137/104 826/270/104
f 829/136/104 827/137/104 828/271/104
f 830/272/105 829/136/105 828/271/105
f 831/149/104 829/136/104 830/272/104
f 832/273/105 831/149/105 830/272/105
f 833/148/105 831/149/105 832/273/105
f 834/274/104 833/148/104 832/273/104
f 835/150/105 833/148/105 834/274/105
f 836/275/105 835/150/105 834/274/105
f 837/147/105 835/150/105 836/275/105
f 838/276/105 837/147/105 836/275/105
f 839/153/105 837/147/105 838/276/105
s 1
f 840/277/105 839/153/105 838/276/105
f 841/151/105 839/153/105 840/277/105
s 0
f 842/278/109 841/151/109 840/277/109
f 843/152/109 841/151/109 842/278/109
s 1
f 844/279/109 843/152/109 842/278/109
s 0
f 845/146/109 843/152/109 844/279/109
f 846/280/105 845/146/105 844/279/105
f 847/145/105 845/146/105 846/280/105
f 848/281/105 847/145/105 846/280/105
s 1
f 849/144/105 847/145/105 848/281/105
s 0
f 850/282/105 849/144/105 848/281/105
f 851/143/104 849/144/104 850/282/104
f 852/283/105 851/143/105 850/282/105
s 1
f 853/138/105 851/143/105 852/283/105
f 854/284/105 853/138/105 852/283/105
f 855/157/105 853/138/105 854/284/105
s 0
f 856/285/104 855/157/104 854/284/104
f 857/155/104 855/157/104 856/285/104
f 858/286/105 857/155/105 856/285/105
f 859/154/105 857/155/105 858/286/105
s 1
f 860/287/104 859/154/104 858/286/104
s 0
f 861/156/104 859/154/104 860/287/104
f 862/288/104 861/156/104 860/287/104
f 863/162/105 861/156/105 862/288/105
s 1
f 864/289/242 863/162/105 862/288/105
s 0
f 865/163/105 863/162/105 864/289/105
f 866/290/105 865/163/105 864/289/105
f 867/164/105 865/163/105 866/290/105
f 868/291/105 867/164/105 866/290/105
f 869/158/105 867/164/105 868/291/105
f 808/161/105 869/158/105 870/292/105
f 870/292/104 869/158/104 868/291/104
s 1
f 809/293/105 808/161/105 870/292/105
f 871/304/243 872/305/244 873/306/244
f 874/307/245 871/304/243 873/306/244
f 875/308/246 871/304/243 874/307/245
f 876/309/246 875/308/246 874/307/245
f 877/310/247 875/308/246 876/309/246
f 878/311/248 877/310/247 876/309/246
f 879/312/249 877/310/247 878/311/248
f 880/313/249 879/312/249 878/311/248
f 881/314/250 879/312/249 880/313/249
f 882/315/251 881/314/250 880/313/249
f 883/316/252 881/314/250 882/315/251
f 884/317/252 883/316/252 882/315/251
f 885/318/253 883/316/252 884/317/252
f 886/319/254 885/318/253 884/317/252
f 887/320/255 885/318/253 886/319/254
f 888/321/255 887/320/255 886/319/254
f 889/322/256 890/323/257 891/324/258
f 892/325/257 889/322/256 891/324/258
f 893/326/259 889/322/256 892/325/257
f 894/327/260 893/326/259 892/325/257
f 894/327/260 892/325/257 895/328/261
f 896/329/257 894/327/260 895/328/261
f 892/325/257 891/324/258 897/330/262
f 895/328/261 892/325/257 897/330/262
s 0
f 898/165/263 899/190/263 900/331/263
f 901/166/263 898/165/263 900/331/263
f 902/332/264 903/333/264 904/334/264
f 905/335/264 902/332/264 904/334/264
f 906/336/265 907/337/265 908/338/265
f 909/339/265 906/336/265 908/338/265
s 1
f 910/340/266 911/341/267 912/342/268
f 913/343/269 910/340/266 912/342/268
f 913/343/269 912/342/268 914/344/270
f 915/345/271 913/343/269 914/344/270
f 915/345/271 914/344/270 916/346/272
f 917/347/273 915/345/271 916/346/272
f 917/347/273 916/346/272 918/333/274
f 919/332/275 917/347/273 918/333/274
s 0
f 920/348/276 921/349/276 922/350/276
f 923/351/276 920/348/276 922/350/276
f 923/351/277 922/350/277 924/352/277
s 1
f 925/353/277 923/351/277 924/352/277
s 0
f 925/353/277 924/352/277 926/354/277
f 927/355/277 925/353/277 926/354/277
f 927/355/278 926/354/278 928/356/278
f 929/357/278 927/355/278 928/356/278
f 930/358/279 931/359/279 932/360/279
f 933/361/279 930/358/279 932/360/279
f 933/361/279 932/360/279 934/299/279
f 935/298/279 933/361/279 934/299/279
f 936/362/276 937/363/276 938/364/276
f 939/365/276 936/362/276 938/364/276
f 940/366/280 941/362/280 942/367/280
f 943/368/280 940/366/280 942/367/280
f 944/369/280 940/366/280 943/368/280
f 945/370/280 944/369/280 943/368/280
f 946/371/280 944/369/280 945/370/280
f 947/372/280 946/371/280 945/370/280
f 948/373/280 946/371/280 947/372/280
f 949/374/280 948/373/280 947/372/280
f 950/375/281 951/376/281 952/377/281
f 953/378/281 950/375/281 952/377/281
f 954/379/281 950/375/281 953/378/281
f 955/380/281 954/379/281 953/378/281
f 956/381/281 954/379/281 955/380/281
f 957/382/281 956/381/281 955/380/281
f 958/363/281 956/381/281 957/382/281
f 959/383/281 958/363/281 957/382/281
f 960/384/282 961/385/282 962/386/282
f 963/387/282 960/384/282 962/386/282
f 964/363/283 965/362/283 966/366/283
f 967/381/283 964/363/283 966/366/283
f 968/375/284 969/371/284 970/373/284
f 971/376/284 968/375/284 970/373/284
f 972/379/285 973/369/285 974/371/285
s 1
f 975/375/285 972/379/285 974/371/285
s 0
f 976/381/286 977/366/286 978/369/286
f 979/379/286 976/381/286 978/369/286
s 1
f 980/388/287 981/389/288 982/390/289
f 983/391/290 980/388/287 982/390/289
f 984/392/291 980/388/287 983/391/290
f 985/393/291 984/392/291 983/391/290
f 986/394/292 984/392/291 985/393/291
f 987/395/293 986/394/292 985/393/291
f 988/396/294 986/394/292 987/395/293
f 989/397/295 988/396/294 987/395/293
f 990/398/296 988/396/294 989/397/295
f 991/399/297 990/398/296 989/397/295
f 992/400/298 990/398/296 991/399/297
f 993/401/298 992/400/298 991/399/297
f 994/402/299 992/400/298 993/401/298
f 995/403/300 994/402/299 993/401/298
f 996/404/301 994/402/299 995/403/300
f 997/405/301 996/404/301 995/403/300
s 0
f 998/181/302 999/406/302 1000/188/302
f 1001/183/302 998/181/302 1000/188/302
f 1002/174/303 1003/120/303 1004/122/303
f 1005/172/303 1002/174/303 1004/122/303
s 1
f 1006/335/304 1007/334/305 1008/407/306
f 1009/408/307 1006/335/304 1008/407/306
f 1009/408/307 1008/407/306 1010/409/308
f 1011/410/309 1009/408/307 1010/409/308
f 1011/410/309 1010/409/308 1012/411/310
f 1013/412/311 1011/410/309 1012/411/310
f 1013/412/311 1012/411/310 1014/337/312
f 1015/336/313 1013/412/311 1014/337/312
f 1016/413/314 1017/414/315 1018/415/316
f 1017/414/315 1019/416/317 1020/417/318
f 1017/414/315 1020/417/318 1018/415/316
f 1018/415/316 1020/417/318 1021/418/319
f 1019/416/317 1022/419/320 1023/420/321
f 1019/416/317 1023/420/321 1020/417/318
f 1020/417/318 1023/420/321 1024/421/322
f 1020/417/318 1024/421/322 1021/418/319
f 1021/418/319 1024/421/322 1025/422/323
f 1024/421/322 1026/423/324 1025/422/323
f 1023/420/321 1027/424/325 1024/421/322
f 1024/421/322 1027/424/325 1026/423/324
f 1027/424/325 1028/425/326 1026/423/324
f 1027/424/325 1029/426/327 1028/425/326
f 1029/426/327 1030/427/328 1028/425/326
f 1029/426/327 1031/428/329 1030/427/328
f 1031/428/329 1032/429/330 1030/427/328
f 1031/428/329 1033/430/331 1032/429/330
f 1033/430/331 1034/431/332 1032/429/330
f 1033/430/331 1035/432/333 1034/431/332
f 1035/432/333 1036/433/334 1034/431/332
f 1035/432/333 1037/434/335 1036/433/334
f 1037/434/335 1038/435/336 1036/433/334
f 1039/436/337 1029/426/327 1027/424/325
f 1023/420/321 1039/436/337 1027/424/325
f 1022/419/320 1039/436/337 1023/420/321
f 1040/437/338 1031/428/329 1029/426/327
f 1039/436/337 1040/437/338 1029/426/327
f 1041/438/339 1033/430/331 1031/428/329
f 1040/437/338 1041/438/339 1031/428/329
f 1042/439/340 1035/432/333 1033/430/331
f 1041/438/339 1042/439/340 1033/430/331
f 1022/419/320 1043/440/341 1039/436/337
f 1043/440/341 1040/437/338 1039/436/337
f 1044/441/342 1041/438/339 1040/437/338
f 1043/440/341 1044/441/342 1040/437/338
f 1045/442/343 1042/439/340 1041/438/339
f 1044/441/342 1045/442/343 1041/438/339
f 1045/442/343 1046/443/344 1042/439/340
f 1046/443/344 1047/444/345 1042/439/340
f 1042/439/340 1047/444/345 1035/432/333
f 1047/444/345 1037/434/335 1035/432/333
f 1048/445/346 1049/446/347 1050/447/348
f 1051/448/349 1048/445/346 1050/447/348
f 1052/449/350 1048/445/346 1051/448/349
f 1053/450/351 1052/449/350 1051/448/349
f 1054/451/352 1052/449/350 1053/450/351
f 1055/452/353 1054/451/352 1053/450/351
f 1036/433/334 1038/435/336 1056/453/354
f 1056/453/354 1054/451/352 1055/452/353
f 1036/433/334 1056/453/354 1057/454/355
f 1034/431/332 1036/433/334 1057/454/355
f 1057/454/355 1056/453/354 1055/452/353
f 1032/429/330 1034/431/332 1058/455/356
f 1034/431/332 1057/454/355 1058/455/356
f 1030/427/328 1032/429/330 1059/456/357
f 1032/429/330 1058/455/356 1059/456/357
f 1030/427/328 1059/456/357 1060/457/358
f 1028/425/326 1030/427/328 1060/457/358
f 1038/435/336 1061/458/359 1056/453/354
f 1056/453/354 1061/458/359 1054/451/352
f 1061/458/359 1062/459/360 1054/451/352
f 1054/451/352 1062/459/360 1052/449/350
f 1062/459/360 1063/460/361 1052/449/350
f 1052/449/350 1063/460/361 1048/445/346
f 1063/460/361 1064/461/362 1048/445/346
f 1048/445/346 1064/461/362 1049/446/347
f 1064/461/362 1065/462/363 1049/446/347
f 1051/448/349 1050/447/348 1066/463/364
f 1067/464/365 1051/448/349 1066/463/364
f 1053/450/351 1051/448/349 1067/464/365
f 1055/452/353 1053/450/351 1068/465/366
f 1068/465/366 1053/450/351 1067/464/365
f 1058/455/356 1057/454/355 1069/466/367
f 1069/466/367 1055/452/353 1068/465/366
f 1057/454/355 1055/452/353 1069/466/367
f 1059/456/357 1058/455/356 1070/467/368
f 1058/455/356 1069/466/367 1070/467/368
f 1060/457/358 1059/456/357 1071/468/369
f 1059/456/357 1070/467/368 1071/468/369
f 1060/457/358 1071/468/369 1072/469/370
f 1073/470/371 1060/457/358 1072/469/370
f 1073/470/371 1072/469/370 1074/471/372
f 1075/472/373 1073/470/371 1074/471/372
f 1067/464/365 1066/463/364 1076/473/374
f 1068/465/366 1067/464/365 1077/474/375
f 1077/474/375 1067/464/365 1076/473/374
f 1069/466/367 1068/465/366 1078/475/376
f 1070/467/368 1069/466/367 1078/475/376
f 1078/475/376 1068/465/366 1077/474/375
f 1071/468/369 1070/467/368 1079/476/377
f 1070/467/368 1078/475/376 1079/476/377
f 1072/469/370 1071/468/369 1080/477/378
f 1071/468/369 1079/476/377 1080/477/378
f 1074/471/372 1072/469/370 1081/478/379
f 1072/469/370 1080/477/378 1081/478/379
f 1077/474/375 1076/473/374 1082/479/317
f 1078/475/376 1077/474/375 1083/480/380
f 1079/476/377 1078/475/376 1083/480/380
f 1083/480/380 1077/474/375 1082/479/317
f 1080/477/378 1079/476/377 1084/481/381
f 1079/476/377 1083/480/380 1084/481/381
f 1081/478/379 1080/477/378 1085/482/382
f 1080/477/378 1084/481/381 1085/482/382
f 1084/481/381 1083/480/380 1086/483/383
f 1083/480/380 1082/479/317 1086/483/383
f 1084/481/381 1086/483/383 1087/484/384
f 1085/482/382 1084/481/381 1087/484/384
f 1088/485/385 1089/486/386 1090/487/387
f 1091/488/388 1088/485/385 1090/487/387
f 1090/487/387 1089/486/386 1092/489/389
f 1089/486/386 1093/490/390 1092/489/389
f 1089/486/386 1094/491/391 1093/490/390
f 1095/492/392 1094/491/391 1089/486/386
f 1088/485/385 1095/492/392 1089/486/386
f 1096/493/393 1095/492/392 1088/485/385
f 1097/494/394 1088/485/385 1091/488/388
f 1097/494/394 1096/493/393 1088/485/385
f 1098/495/395 1097/494/394 1091/488/388
f 1099/496/396 1097/494/394 1098/495/395
f 1100/497/397 1099/496/396 1098/495/395
f 1101/498/398 1096/493/393 1097/494/394
f 1099/496/396 1101/498/398 1097/494/394
f 1101/498/398 1102/499/399 1096/493/393
f 1096/493/393 1103/500/400 1095/492/392
f 1102/499/399 1103/500/400 1096/493/393
f 1103/500/400 1104/501/401 1095/492/392
f 1095/492/392 1104/501/401 1094/491/391
f 1104/501/401 1105/502/402 1094/491/391
f 1094/491/391 1105/502/402 1106/503/403
f 1094/491/391 1106/503/403 1093/490/390
f 1093/490/390 1106/503/403 1107/504/404
f 1093/490/390 1107/504/404 1108/505/405
f 1092/489/389 1093/490/390 1108/505/405
f 1092/489/389 1108/505/405 1109/506/406
f 1090/487/387 1092/489/389 1110/507/407
f 1110/507/407 1092/489/389 1109/506/406
f 1111/508/408 1090/487/387 1110/507/407
f 1091/488/388 1090/487/387 1111/508/408
f 1112/509/409 1113/510/410 1100/497/397
f 1113/510/410 1099/496/396 1100/497/397
f 1113/510/410 1114/511/411 1099/496/396
f 1114/511/411 1101/498/398 1099/496/396
f 1114/511/411 1115/512/412 1101/498/398
f 1115/512/412 1102/499/399 1101/498/398
f 1115/512/412 1116/513/413 1102/499/399
f 1116/513/413 1117/514/414 1102/499/399
f 1102/499/399 1117/514/414 1103/500/400
f 1117/514/414 1118/515/415 1103/500/400
f 1103/500/400 1118/515/415 1104/501/401
f 1118/515/415 1119/516/416 1104/501/401
f 1104/501/401 1119/516/416 1105/502/402
f 1119/516/416 1120/517/417 1105/502/402
f 1105/502/402 1120/517/417 1121/518/418
f 1105/502/402 1121/518/418 1106/503/403
f 1106/503/403 1121/518/418 1122/519/419
f 1106/503/403 1122/519/419 1107/504/404
f 1109/506/406 1108/505/405 1123/520/420
f 1108/505/405 1124/521/421 1123/520/420
f 1108/505/405 1107/504/404 1124/521/421
f 1123/520/420 1124/521/421 1125/522/422
f 1124/521/421 1126/523/423 1125/522/422
f 1107/504/404 1127/524/424 1124/521/421
f 1107/504/404 1122/519/419 1127/524/424
f 1124/521/421 1127/524/424 1126/523/423
f 1127/524/424 1128/525/410 1126/523/423
f 1122/519/419 1129/526/425 1127/524/424
f 1127/524/424 1129/526/425 1128/525/410
f 1121/518/418 1130/527/426 1122/519/419
f 1122/519/419 1130/527/426 1129/526/425
f 1120/517/417 1131/528/427 1121/518/418
f 1121/518/418 1131/528/427 1130/527/426
f 1129/526/425 1132/529/411 1128/525/410
f 1129/526/425 1133/530/428 1132/529/411
f 1130/527/426 1133/530/428 1129/526/425
f 1131/528/427 1134/531/429 1130/527/426
f 1130/527/426 1134/531/429 1133/530/428
f 1133/530/428 1135/532/430 1132/529/411
f 1133/530/428 1136/533/431 1135/532/430
f 1134/531/429 1136/533/431 1133/530/428
f 1136/533/431 1137/534/432 1135/532/430
f 1109/506/406 1123/520/420 1138/535/433
f 1139/536/434 1109/506/406 1138/535/433
f 1110/507/407 1109/506/406 1139/536/434
f 1111/508/408 1110/507/407 1140/537/435
f 1140/537/435 1110/507/407 1139/536/434
f 1141/538/436 1111/508/408 1140/537/435
f 1142/539/437 1111/508/408 1141/538/436
f 1098/495/395 1091/488/388 1142/539/437
f 1142/539/437 1091/488/388 1111/508/408
f 1143/540/438 1142/539/437 1141/538/436
f 1100/497/397 1098/495/395 1144/541/439
f 1144/541/439 1098/495/395 1142/539/437
f 1144/541/439 1142/539/437 1143/540/438
f 1145/542/440 1144/541/439 1143/540/438
f 1146/543/441 1100/497/397 1144/541/439
f 1146/543/441 1144/541/439 1145/542/440
f 1112/509/409 1100/497/397 1146/543/441
f 1147/544/442 1146/543/441 1145/542/440
f 1148/545/422 1112/509/409 1146/543/441
f 1148/545/422 1146/543/441 1147/544/442
f 1149/546/443 1148/545/422 1147/544/442
f 1150/547/444 1149/546/443 1151/548/445
f 1149/546/443 1147/544/442 1151/548/445
f 1151/548/445 1147/544/442 1152/549/446
f 1147/544/442 1145/542/440 1152/549/446
f 1145/542/440 1143/540/438 1153/550/447
f 1152/549/446 1145/542/440 1153/550/447
f 1143/540/438 1141/538/436 1154/551/448
f 1153/550/447 1143/540/438 1154/551/448
f 1141/538/436 1140/537/435 1155/552/449
f 1154/551/448 1141/538/436 1155/552/449
f 1140/537/435 1139/536/434 1156/553/450
f 1155/552/449 1140/537/435 1156/553/450
f 1156/553/450 1139/536/434 1157/554/451
f 1139/536/434 1138/535/433 1157/554/451
f 1157/554/451 1138/535/433 1158/555/444
f 1138/535/433 1123/520/420 1159/556/443
f 1123/520/420 1125/522/422 1159/556/443
f 1138/535/433 1159/556/443 1158/555/444
f 1160/557/452 1161/558/453 1162/559/417
f 1161/558/453 1160/557/452 1163/560/454
f 1164/561/455 1163/560/454 1160/557/452
f 1165/562/414 1163/560/454 1164/561/455
f 1165/562/414 1166/563/456 1163/560/454
f 1167/564/432 1166/563/456 1165/562/414
f 1168/565/457 1169/566/458 1170/567/459
f 1170/567/459 1169/566/458 1171/568/460
f 1170/567/459 1171/568/460 1172/569/461
f 1172/569/461 1171/568/460 1173/570/462
f 1174/571/463 1173/570/462 1171/568/460
f 1175/572/464 1173/570/462 1174/571/463
f 1176/573/465 1177/574/466 1178/575/467
f 1176/573/465 1178/575/467 1179/576/468
f 1180/577/469 1176/573/465 1179/576/468
f 1179/576/468 1178/575/467 1181/578/470
f 1178/575/467 1182/579/471 1181/578/470
f 1181/578/470 1182/579/471 1183/580/472
f 1177/574/466 1184/581/473 1178/575/467
f 1178/575/467 1184/581/473 1182/579/471
f 1177/574/466 1185/582/474 1184/581/473
f 1186/583/475 1185/582/474 1177/574/466
f 1186/583/475 1187/584/476 1185/582/474
f 1188/585/477 1187/584/476 1186/583/475
f 1188/585/477 1189/586/478 1187/584/476
f 1190/587/479 1189/586/478 1188/585/477
f 1191/588/480 1190/587/479 1188/585/477
f 1190/587/479 1192/589/481 1189/586/478
f 1193/590/482 1194/591/483 1195/592/484
f 1194/591/483 1196/593/485 1195/592/484
f 1194/591/483 1197/594/486 1196/593/485
f 1197/594/486 1198/595/487 1196/593/485
f 1197/594/486 1199/596/488 1198/595/487
f 1199/596/488 1200/597/489 1198/595/487
f 1191/588/480 1188/585/477 1200/597/489
f 1199/596/488 1191/588/480 1200/597/489
f 1200/597/489 1188/585/477 1186/583/475
f 1201/598/490 1186/583/475 1177/574/466
f 1201/598/490 1177/574/466 1176/573/465
f 1198/595/487 1200/597/489 1201/598/490
f 1200/597/489 1186/583/475 1201/598/490
f 1202/599/491 1176/573/465 1180/577/469
f 1196/593/485 1198/595/487 1202/599/491
f 1202/599/491 1201/598/490 1176/573/465
f 1198/595/487 1201/598/490 1202/599/491
f 1203/600/492 1202/599/491 1180/577/469
f 1196/593/485 1202/599/491 1203/600/492
f 1195/592/484 1196/593/485 1203/600/492
f 1187/584/476 1204/601/493 1185/582/474
f 1187/584/476 1205/602/494 1204/601/493
f 1189/586/478 1205/602/494 1187/584/476
f 1189/586/478 1206/603/495 1205/602/494
f 1192/589/481 1206/603/495 1189/586/478
f 1192/589/481 1207/604/496 1206/603/495
f 1207/604/496 1208/605/497 1206/603/495
f 1206/603/495 1209/606/498 1205/602/494
f 1206/603/495 1208/605/497 1209/606/498
f 1208/605/497 1210/607/499 1209/606/498
f 1209/606/498 1210/607/499 1211/608/500
f 1210/607/499 1212/609/501 1211/608/500
f 1211/608/500 1212/609/501 1213/610/502
f 1212/609/501 1214/611/503 1213/610/502
f 1213/610/502 1214/611/503 1215/612/504
f 1214/611/503 1216/613/505 1215/612/504
f 1215/612/504 1216/613/505 1217/614/506
f 1216/613/505 1218/615/507 1217/614/506
f 1217/614/506 1218/615/507 1219/616/508
f 1218/615/507 1220/617/509 1219/616/508
f 1219/616/508 1220/617/509 1221/618/510
f 1220/617/509 1222/619/496 1221/618/510
f 1215/612/504 1217/614/506 1223/620/511
f 1213/610/502 1215/612/504 1224/621/512
f 1224/621/512 1215/612/504 1223/620/511
f 1224/621/512 1223/620/511 1225/622/513
f 1211/608/500 1213/610/502 1226/623/514
f 1226/623/514 1213/610/502 1224/621/512
f 1227/624/515 1224/621/512 1225/622/513
f 1226/623/514 1224/621/512 1227/624/515
f 1227/624/515 1225/622/513 1228/625/516
f 1229/626/517 1227/624/515 1228/625/516
f 1229/626/517 1228/625/516 1230/627/518
f 1231/628/519 1227/624/515 1229/626/517
f 1231/628/519 1226/623/514 1227/624/515
f 1232/629/520 1211/608/500 1226/623/514
f 1209/606/498 1211/608/500 1232/629/520
f 1205/602/494 1209/606/498 1232/629/520
f 1205/602/494 1232/629/520 1204/601/493
f 1204/601/493 1232/629/520 1231/628/519
f 1232/629/520 1226/623/514 1231/628/519
f 1204/601/493 1231/628/519 1233/630/521
f 1233/630/521 1231/628/519 1229/626/517
f 1185/582/474 1204/601/493 1233/630/521
f 1185/582/474 1233/630/521 1184/581/473
f 1184/581/473 1233/630/521 1234/631/522
f 1234/631/522 1229/626/517 1230/627/518
f 1184/581/473 1234/631/522 1182/579/471
f 1233/630/521 1229/626/517 1234/631/522
f 1234/631/522 1230/627/518 1235/632/523
f 1182/579/471 1234/631/522 1235/632/523
f 1182/579/471 1235/632/523 1183/580/472
f 1235/632/523 1230/627/518 1236/633/524
f 1230/627/518 1237/634/525 1236/633/524
f 1230/627/518 1228/625/516 1237/634/525
f 1228/625/516 1225/622/513 1238/635/526
f 1228/625/516 1238/635/526 1237/634/525
f 1225/622/513 1223/620/511 1239/636/527
f 1225/622/513 1239/636/527 1238/635/526
f 1223/620/511 1217/614/506 1240/637/528
f 1223/620/511 1240/637/528 1239/636/527
f 1217/614/506 1219/616/508 1240/637/528
f 1240/637/528 1219/616/508 1241/638/529
f 1219/616/508 1221/618/510 1241/638/529
f 1239/636/527 1240/637/528 1242/639/530
f 1240/637/528 1241/638/529 1242/639/530
f 1238/635/526 1239/636/527 1243/640/488
f 1239/636/527 1242/639/530 1243/640/488
f 1237/634/525 1238/635/526 1244/641/531
f 1238/635/526 1243/640/488 1244/641/531
f 1237/634/525 1244/641/531 1245/642/532
f 1236/633/524 1237/634/525 1245/642/532
f 1236/633/524 1245/642/532 1246/643/533
f 1183/580/472 1235/632/523 1247/644/534
f 1235/632/523 1236/633/524 1247/644/534
f 1247/644/534 1236/633/524 1246/643/533
f 1248/645/535 1249/646/536 1250/647/537
f 1251/648/538 1248/645/535 1250/647/537
f 1251/648/538 1250/647/537 1252/649/539
f 1253/650/540 1248/645/535 1251/648/538
f 1254/651/541 1253/650/540 1251/648/538
f 1255/652/542 1253/650/540 1254/651/541
f 1256/653/543 1251/648/538 1252/649/539
f 1254/651/541 1251/648/538 1256/653/543
f 1256/653/543 1252/649/539 1257/654/544
f 1258/655/545 1256/653/543 1257/654/544
f 1259/656/546 1256/653/543 1258/655/545
f 1259/656/546 1254/651/541 1256/653/543
f 1260/657/547 1255/652/542 1254/651/541
f 1260/657/547 1254/651/541 1259/656/546
f 1261/658/548 1255/652/542 1260/657/547
f 1262/659/549 1261/658/548 1260/657/547
f 1263/660/550 1261/658/548 1262/659/549
f 1264/661/551 1263/660/550 1262/659/549
f 1265/662/552 1263/660/550 1264/661/551
f 1266/663/553 1265/662/552 1264/661/551
f 1267/664/554 1265/662/552 1266/663/553
f 1268/665/462 1267/664/554 1266/663/553
f 1268/665/462 1266/663/553 1269/666/555
f 1270/667/461 1268/665/462 1269/666/555
f 1270/667/461 1269/666/555 1271/668/556
f 1272/669/459 1270/667/461 1271/668/556
f 1272/669/459 1271/668/556 1273/670/557
f 1274/671/558 1273/670/557 1275/672/559
f 1273/670/557 1276/673/560 1275/672/559
f 1273/670/557 1271/668/556 1276/673/560
f 1271/668/556 1269/666/555 1277/674/561
f 1271/668/556 1277/674/561 1276/673/560
f 1269/666/555 1278/675/562 1277/674/561
f 1269/666/555 1266/663/553 1278/675/562
f 1266/663/553 1264/661/551 1278/675/562
f 1264/661/551 1262/659/549 1279/676/563
f 1278/675/562 1264/661/551 1279/676/563
f 1262/659/549 1260/657/547 1280/677/564
f 1279/676/563 1262/659/549 1280/677/564
f 1280/677/564 1260/657/547 1259/656/546
f 1280/677/564 1259/656/546 1281/678/565
f 1281/678/565 1259/656/546 1258/655/545
f 1281/678/565 1258/655/545 1282/679/566
f 1283/680/567 1281/678/565 1282/679/566
f 1283/680/567 1282/679/566 1284/681/568
f 1276/673/560 1277/674/561 1285/682/569
f 1278/675/562 1279/676/563 1286/683/570
f 1277/674/561 1286/683/570 1285/682/569
f 1277/674/561 1278/675/562 1286/683/570
f 1287/684/571 1281/678/565 1283/680/567
f 1286/683/570 1279/676/563 1287/684/571
f 1279/676/563 1280/677/564 1287/684/571
f 1287/684/571 1280/677/564 1281/678/565
f 1288/685/572 1287/684/571 1283/680/567
f 1285/682/569 1286/683/570 1288/685/572
f 1286/683/570 1287/684/571 1288/685/572
f 1288/685/572 1283/680/567 1289/686/573
f 1289/686/573 1283/680/567 1284/681/568
f 1290/687/574 1288/685/572 1289/686/573
f 1285/682/569 1288/685/572 1290/687/574
f 1290/687/574 1289/686/573 1291/688/575
f 1292/689/576 1290/687/574 1291/688/575
f 1275/672/559 1276/673/560 1293/690/577
f 1293/690/577 1285/682/569 1290/687/574
f 1293/690/577 1290/687/574 1292/689/576
f 1276/673/560 1285/682/569 1293/690/577
f 1275/672/559 1293/690/577 1294/691/578
f 1294/691/578 1293/690/577 1292/689/576
f 1274/671/558 1275/672/559 1295/692/579
f 1295/692/579 1275/672/559 1294/691/578
f 1296/693/580 1274/671/558 1295/692/579
f 1289/686/573 1284/681/568 1297/694/581
f 1291/688/575 1289/686/573 1297/694/581
f 1291/688/575 1297/694/581 1298/695/582
f 1299/696/583 1291/688/575 1298/695/582
f 1292/689/576 1291/688/575 1299/696/583
f 1300/697/584 1292/689/576 1299/696/583
f 1294/691/578 1292/689/576 1300/697/584
f 1301/698/585 1294/691/578 1300/697/584
f 1295/692/579 1294/691/578 1301/698/585
f 1302/699/586 1295/692/579 1301/698/585
f 1296/693/580 1295/692/579 1302/699/586
f 1303/700/587 1296/693/580 1302/699/586
f 1303/700/587 1302/699/586 1304/701/588
f 1305/702/589 1303/700/587 1304/701/588
f 1306/703/457 1272/669/459 1273/670/557
f 1306/703/457 1273/670/557 1274/671/558
f 1307/704/590 1274/671/558 1296/693/580
f 1307/704/590 1306/703/457 1274/671/558
f 1308/705/591 1296/693/580 1303/700/587
f 1308/705/591 1307/704/590 1296/693/580
f 1309/706/592 1303/700/587 1305/702/589
f 1309/706/592 1308/705/591 1303/700/587
f 1310/707/593 1309/706/592 1305/702/589
f 1304/701/588 1302/699/586 1311/708/548
f 1302/699/586 1301/698/585 1311/708/548
f 1311/708/548 1301/698/585 1312/709/594
f 1301/698/585 1300/697/584 1312/709/594
f 1312/709/594 1300/697/584 1313/710/595
f 1300/697/584 1299/696/583 1313/710/595
f 1313/710/595 1299/696/583 1314/711/596
f 1299/696/583 1298/695/582 1314/711/596
f 1314/711/596 1298/695/582 1315/712/597
f 1298/695/582 1316/713/598 1315/712/597
f 1298/695/582 1297/694/581 1316/713/598
f 1297/694/581 1317/714/599 1316/713/598
f 1297/694/581 1284/681/568 1317/714/599
f 1284/681/568 1282/679/566 1318/715/600
f 1284/681/568 1318/715/600 1317/714/599
f 1258/655/545 1257/654/544 1319/716/601
f 1282/679/566 1319/716/601 1318/715/600
f 1282/679/566 1258/655/545 1319/716/601
f 1320/717/602 1321/718/603 1322/719/604
f 1322/719/604 1321/718/603 1323/720/605
f 1322/719/604 1323/720/605 1324/721/606
f 1324/721/606 1323/720/605 1325/722/607
f 1326/723/608 1325/722/607 1323/720/605
f 1327/724/609 1325/722/607 1326/723/608
f 1328/725/610 1329/726/611 1330/727/612
f 1331/728/613 1328/725/610 1330/727/612
f 1331/728/613 1330/727/612 1332/729/614
f 1333/730/615 1331/728/613 1332/729/614
f 1328/725/610 1334/731/616 1329/726/611
f 1334/731/616 1335/732/617 1329/726/611
f 1336/733/618 1334/731/616 1328/725/610
f 1337/734/619 1336/733/618 1328/725/610
f 1337/734/619 1328/725/610 1331/728/613
f 1338/735/620 1331/728/613 1333/730/615
f 1338/735/620 1337/734/619 1331/728/613
f 1339/736/621 1338/735/620 1333/730/615
f 1334/731/616 1340/737/622 1335/732/617
f 1340/737/622 1341/738/623 1335/732/617
f 1336/733/618 1342/739/624 1334/731/616
f 1342/739/624 1340/737/622 1334/731/616
f 1343/740/625 1342/739/624 1336/733/618
f 1344/741/626 1343/740/625 1336/733/618
f 1344/741/626 1336/733/618 1337/734/619
f 1345/742/627 1337/734/619 1338/735/620
f 1345/742/627 1344/741/626 1337/734/619
f 1346/743/628 1345/742/627 1338/735/620
f 1346/743/628 1338/735/620 1339/736/621
f 1347/744/629 1346/743/628 1339/736/621
f 1340/737/622 1348/745/630 1341/738/623
f 1348/745/630 1349/746/631 1341/738/623
f 1342/739/624 1350/747/632 1340/737/622
f 1350/747/632 1348/745/630 1340/737/622
f 1351/748/633 1350/747/632 1342/739/624
f 1343/740/625 1351/748/633 1342/739/624
f 1352/749/634 1351/748/633 1343/740/625
f 1353/750/635 1343/740/625 1344/741/626
f 1353/750/635 1352/749/634 1343/740/625
f 1354/751/636 1344/741/626 1345/742/627
f 1354/751/636 1353/750/635 1344/741/626
f 1355/752/637 1354/751/636 1345/742/627
f 1355/752/637 1345/742/627 1346/743/628
f 1356/753/638 1346/743/628 1347/744/629
f 1356/753/638 1355/752/637 1346/743/628
f 1357/754/639 1356/753/638 1347/744/629
f 1358/755/605 1356/753/638 1357/754/639
f 1359/756/640 1358/755/605 1357/754/639
f 1360/757/603 1355/752/637 1356/753/638
f 1358/755/605 1360/757/603 1356/753/638
f 1361/758/602 1354/751/636 1355/752/637
f 1360/757/603 1361/758/602 1355/752/637
f 1362/759/604 1353/750/635 1354/751/636
f 1361/758/602 1362/759/604 1354/751/636
f 1362/759/604 1363/760/606 1353/750/635
f 1363/760/606 1352/749/634 1353/750/635
f 1363/760/606 1364/761/607 1352/749/634
f 1352/749/634 1365/762/641 1351/748/633
f 1364/761/607 1365/762/641 1352/749/634
f 1365/762/641 1366/763/642 1351/748/633
f 1351/748/633 1366/763/642 1350/747/632
f 1350/747/632 1367/764/643 1348/745/630
f 1366/763/642 1367/764/643 1350/747/632
f 1348/745/630 1368/765/644 1349/746/631
f 1367/764/643 1368/765/644 1348/745/630
f 1368/765/644 1369/766/645 1349/746/631
f 1357/754/639 1347/744/629 1370/767/646
f 1347/744/629 1339/736/621 1371/768/647
f 1370/767/646 1347/744/629 1371/768/647
f 1372/769/648 1357/754/639 1370/767/646
f 1359/756/640 1357/754/639 1372/769/648
f 1373/770/649 1359/756/640 1372/769/648
f 1373/770/649 1372/769/648 1374/771/650
f 1375/772/607 1373/770/649 1374/771/650
f 1374/771/650 1372/769/648 1376/773/651
f 1372/769/648 1370/767/646 1376/773/651
f 1370/767/646 1371/768/647 1377/774/652
f 1376/773/651 1370/767/646 1377/774/652
f 1377/774/652 1371/768/647 1378/775/644
f 1371/768/647 1339/736/621 1379/776/653
f 1339/736/621 1333/730/615 1379/776/653
f 1371/768/647 1379/776/653 1378/775/644
f 1378/775/644 1379/776/653 1380/777/654
f 1379/776/653 1381/778/655 1380/777/654
f 1333/730/615 1332/729/614 1381/778/655
f 1379/776/653 1333/730/615 1381/778/655
f 1380/777/654 1381/778/655 1382/779/656
f 1381/778/655 1332/729/614 1383/780/657
f 1381/778/655 1383/780/657 1382/779/656
f 1382/779/656 1383/780/657 1384/781/658
f 1383/780/657 1385/782/659 1384/781/658
f 1332/729/614 1386/783/660 1383/780/657
f 1383/780/657 1386/783/660 1385/782/659
f 1332/729/614 1330/727/612 1386/783/660
f 1386/783/660 1387/784/661 1385/782/659
f 1330/727/612 1388/785/662 1386/783/660
f 1330/727/612 1329/726/611 1388/785/662
f 1386/783/660 1388/785/662 1387/784/661
f 1388/785/662 1389/786/663 1387/784/661
f 1349/746/631 1369/766/645 1390/787/664
f 1341/738/623 1349/746/631 1391/788/665
f 1349/746/631 1390/787/664 1391/788/665
f 1335/732/617 1341/738/623 1392/789/666
f 1341/738/623 1391/788/665 1392/789/666
f 1335/732/617 1392/789/666 1393/790/667
f 1388/785/662 1393/790/667 1389/786/663
f 1329/726/611 1335/732/617 1393/790/667
f 1329/726/611 1393/790/667 1388/785/662
f 1393/790/667 1392/789/666 1394/791/668
f 1393/790/667 1394/791/668 1389/786/663
f 1392/789/666 1391/788/665 1395/792/669
f 1392/789/666 1395/792/669 1394/791/668
f 1391/788/665 1396/793/670 1395/792/669
f 1391/788/665 1390/787/664 1396/793/670
f 1390/787/664 1397/794/671 1396/793/670
f 1369/766/645 1398/795/672 1390/787/664
f 1390/787/664 1398/795/672 1397/794/671
f 1398/795/672 1399/796/673 1397/794/671
f 1400/797/674 1401/798/675 1402/799/676
f 1400/797/674 1402/799/676 1403/800/677
f 1404/801/678 1400/797/674 1403/800/677
f 1403/800/677 1402/799/676 1405/802/679
f 1406/803/680 1401/798/675 1400/797/674
f 1406/803/680 1407/804/681 1401/798/675
f 1408/805/682 1406/803/680 1400/797/674
f 1408/805/682 1400/797/674 1404/801/678
f 1409/806/683 1408/805/682 1404/801/678
f 1410/807/684 1411/808/685 1412/809/686
f 1412/809/686 1413/810/687 1409/806/683
f 1413/810/687 1408/805/682 1409/806/683
f 1411/808/685 1413/810/687 1412/809/686
f 1413/810/687 1414/811/688 1408/805/682
f 1414/811/688 1406/803/680 1408/805/682
f 1415/812/689 1407/804/681 1406/803/680
f 1414/811/688 1415/812/689 1406/803/680
f 1415/812/689 1416/813/690 1407/804/681
f 1416/813/690 1417/814/691 1407/804/681
f 1407/804/681 1418/815/692 1401/798/675
f 1407/804/681 1417/814/691 1418/815/692
f 1401/798/675 1418/815/692 1419/816/693
f 1401/798/675 1419/816/693 1402/799/676
f 1402/799/676 1420/817/694 1405/802/679
f 1402/799/676 1419/816/693 1420/817/694
f 1405/802/679 1420/817/694 1421/818/695
f 1422/819/696 1414/811/688 1413/810/687
f 1411/808/685 1422/819/696 1413/810/687
f 1422/819/696 1423/820/697 1414/811/688
f 1423/820/697 1415/812/689 1414/811/688
f 1424/821/698 1416/813/690 1415/812/689
f 1423/820/697 1424/821/698 1415/812/689
f 1424/821/698 1425/822/699 1416/813/690
f 1416/813/690 1426/823/700 1417/814/691
f 1425/822/699 1426/823/700 1416/813/690
f 1426/823/700 1427/824/701 1417/814/691
f 1417/814/691 1427/824/701 1428/825/702
f 1417/814/691 1428/825/702 1418/815/692
f 1418/815/692 1429/826/703 1419/816/693
f 1418/815/692 1428/825/702 1429/826/703
f 1419/816/693 1430/827/704 1420/817/694
f 1419/816/693 1429/826/703 1430/827/704
f 1420/817/694 1431/828/705 1421/818/695
f 1420/817/694 1430/827/704 1431/828/705
f 1421/818/695 1431/828/705 1432/829/706
f 1431/828/705 1433/830/707 1432/829/706
f 1432/829/706 1433/830/707 1434/831/684
f 1430/827/704 1435/832/708 1431/828/705
f 1431/828/705 1435/832/708 1433/830/707
f 1429/826/703 1436/833/709 1430/827/704
f 1430/827/704 1436/833/709 1435/832/708
f 1429/826/703 1437/834/710 1436/833/709
f 1428/825/702 1437/834/710 1429/826/703
f 1428/825/702 1438/835/711 1437/834/710
f 1427/824/701 1438/835/711 1428/825/702
f 1433/830/707 1439/836/712 1434/831/684
f 1433/830/707 1440/837/713 1439/836/712
f 1435/832/708 1440/837/713 1433/830/707
f 1436/833/709 1441/838/714 1435/832/708
f 1435/832/708 1441/838/714 1440/837/713
f 1437/834/710 1442/839/715 1436/833/709
f 1436/833/709 1442/839/715 1441/838/714
f 1438/835/711 1443/840/716 1437/834/710
f 1437/834/710 1443/840/716 1442/839/715
f 1440/837/713 1444/841/717 1439/836/712
f 1441/838/714 1445/842/718 1440/837/713
f 1440/837/713 1445/842/718 1444/841/717
f 1442/839/715 1446/843/719 1441/838/714
f 1441/838/714 1446/843/719 1445/842/718
f 1443/840/716 1447/844/720 1442/839/715
f 1442/839/715 1447/844/720 1446/843/719
f 1445/842/718 1448/845/721 1444/841/717
f 1446/843/719 1449/846/722 1445/842/718
f 1445/842/718 1449/846/722 1448/845/721
f 1447/844/720 1450/847/723 1446/843/719
f 1446/843/719 1450/847/723 1449/846/722
f 1449/846/722 1451/848/724 1448/845/721
f 1450/847/723 1452/849/725 1449/846/722
f 1449/846/722 1452/849/725 1451/848/724
f 1452/849/725 1453/850/726 1451/848/724
f 1454/851/727 1455/852/728 1456/853/729
f 1457/854/730 1454/851/727 1456/853/729
f 1458/855/731 1454/851/727 1457/854/730
f 1459/856/732 1458/855/731 1457/854/730
f 1459/856/732 1457/854/730 1460/857/733
f 1461/858/734 1459/856/732 1460/857/733
f 1460/857/733 1457/854/730 1462/859/735
f 1457/854/730 1456/853/729 1462/859/735
f 1462/859/735 1456/853/729 1463/860/736
f 1456/853/729 1455/852/728 1464/861/737
f 1456/853/729 1464/861/737 1463/860/736
f 1455/852/728 1465/862/738 1464/861/737
f 1455/852/728 1466/863/739 1465/862/738
f 1454/851/727 1467/864/740 1455/852/728
f 1467/864/740 1466/863/739 1455/852/728
f 1468/865/741 1467/864/740 1454/851/727
f 1458/855/731 1468/865/741 1454/851/727
f 1469/866/742 1468/865/741 1458/855/731
f 1470/867/743 1458/855/731 1459/856/732
f 1470/867/743 1469/866/742 1458/855/731
f 1471/868/744 1459/856/732 1461/858/734
f 1471/868/744 1470/867/743 1459/856/732
f 1472/869/745 1471/868/744 1461/858/734
f 1472/869/745 1461/858/734 1473/870/746
f 1474/871/747 1472/869/745 1473/870/746
f 1461/858/734 1460/857/733 1475/872/748
f 1473/870/746 1461/858/734 1475/872/748
f 1460/857/733 1462/859/735 1476/873/749
f 1475/872/748 1460/857/733 1476/873/749
f 1462/859/735 1463/860/736 1477/874/750
f 1476/873/749 1462/859/735 1477/874/750
f 1477/874/750 1463/860/736 1478/875/751
f 1463/860/736 1464/861/737 1479/876/752
f 1463/860/736 1479/876/752 1478/875/751
f 1464/861/737 1465/862/738 1480/877/753
f 1464/861/737 1480/877/753 1479/876/752
f 1465/862/738 1481/878/754 1480/877/753
f 1466/863/739 1482/879/755 1465/862/738
f 1465/862/738 1482/879/755 1481/878/754
f 1466/863/739 1483/880/756 1482/879/755
f 1467/864/740 1484/881/757 1466/863/739
f 1484/881/757 1483/880/756 1466/863/739
f 1468/865/741 1485/882/758 1467/864/740
f 1485/882/758 1484/881/757 1467/864/740
f 1483/880/756 1486/883/759 1482/879/755
f 1483/880/756 1487/884/760 1486/883/759
f 1482/879/755 1488/885/761 1481/878/754
f 1482/879/755 1486/883/759 1488/885/761
f 1481/878/754 1488/885/761 1489/886/762
f 1480/877/753 1481/878/754 1490/887/763
f 1481/878/754 1489/886/762 1490/887/763
f 1480/877/753 1490/887/763 1491/888/764
f 1479/876/752 1480/877/753 1491/888/764
f 1478/875/751 1479/876/752 1492/889/765
f 1479/876/752 1491/888/764 1492/889/765
f 1478/875/751 1492/889/765 1493/890/766
f 1477/874/750 1478/875/751 1494/891/767
f 1494/891/767 1478/875/751 1493/890/766
f 1476/873/749 1477/874/750 1495/892/768
f 1495/892/768 1477/874/750 1494/891/767
f 1475/872/748 1476/873/749 1496/893/769
f 1496/893/769 1476/873/749 1495/892/768
f 1488/885/761 1497/894/770 1489/886/762
f 1486/883/759 1498/895/771 1488/885/761
f 1488/885/761 1498/895/771 1497/894/770
f 1486/883/759 1499/896/772 1498/895/771
f 1487/884/760 1499/896/772 1486/883/759
f 1498/895/771 1500/897/773 1497/894/770
f 1499/896/772 1501/898/774 1498/895/771
f 1498/895/771 1501/898/774 1500/897/773
f 1501/898/774 1502/899/775 1500/897/773
f 1473/870/746 1475/872/748 1503/900/776
f 1503/900/776 1475/872/748 1496/893/769
f 1474/871/747 1473/870/746 1504/901/777
f 1504/901/777 1473/870/746 1503/900/776
f 1505/902/778 1474/871/747 1504/901/777
f 1506/903/779 1474/871/747 1505/902/778
f 1507/904/780 1506/903/779 1505/902/778
f 1508/905/781 1506/903/779 1507/904/780
f 1509/906/766 1508/905/781 1507/904/780
f 1469/866/742 1510/907/782 1468/865/741
f 1510/907/782 1485/882/758 1468/865/741
f 1511/908/783 1510/907/782 1469/866/742
f 1512/909/784 1511/908/783 1469/866/742
f 1512/909/784 1469/866/742 1470/867/743
f 1513/910/785 1470/867/743 1471/868/744
f 1513/910/785 1512/909/784 1470/867/743
f 1514/911/786 1471/868/744 1472/869/745
f 1514/911/786 1513/910/785 1471/868/744
f 1515/912/787 1514/911/786 1472/869/745
f 1515/912/787 1472/869/745 1474/871/747
f 1506/903/779 1515/912/787 1474/871/747
f 1508/905/781 1516/913/764 1506/903/779
f 1516/913/764 1515/912/787 1506/903/779
f 1517/914/763 1514/911/786 1515/912/787
f 1516/913/764 1517/914/763 1515/912/787
f 1518/915/788 1513/910/785 1514/911/786
f 1517/914/763 1518/915/788 1514/911/786
f 1518/915/788 1519/916/789 1513/910/785
f 1519/916/789 1512/909/784 1513/910/785
f 1520/917/773 1511/908/783 1512/909/784
f 1519/916/789 1520/917/773 1512/909/784
f 1520/917/773 1521/918/790 1511/908/783
f 1511/908/783 1522/919/791 1510/907/782
f 1521/918/790 1522/919/791 1511/908/783
f 1522/919/791 1523/920/792 1510/907/782
f 1510/907/782 1523/920/792 1485/882/758
f 1485/882/758 1524/921/793 1484/881/757
f 1523/920/792 1524/921/793 1485/882/758
f 1484/881/757 1525/922/794 1483/880/756
f 1525/922/794 1487/884/760 1483/880/756
f 1524/921/793 1525/922/794 1484/881/757
f 1526/923/497 1527/924/795 1528/925/499
f 1527/924/795 1526/923/497 1529/926/796
f 1530/927/496 1529/926/796 1526/923/497
f 1531/928/509 1529/926/796 1530/927/496
f 1531/928/509 1532/929/797 1529/926/796
f 1533/930/798 1532/929/797 1531/928/509
f 1534/931/799 1535/932/800 1536/933/801
f 1536/933/801 1535/932/800 1537/934/802
f 1536/933/801 1537/934/802 1538/935/803
f 1538/935/803 1537/934/802 1539/936/804
f 1540/937/805 1539/936/804 1537/934/802
f 1541/938/806 1539/936/804 1540/937/805
f 1542/939/807 1543/940/808 1544/941/809
f 1545/942/810 1542/939/807 1544/941/809
f 1542/939/807 1546/943/811 1543/940/808
f 1546/943/811 1547/944/812 1543/940/808
f 1548/945/813 1546/943/811 1542/939/807
f 1549/946/814 1548/945/813 1542/939/807
f 1549/946/814 1542/939/807 1545/942/810
f 1550/947/815 1549/946/814 1545/942/810
f 1546/943/811 1551/948/816 1547/944/812
f 1551/948/816 1552/949/817 1547/944/812
f 1548/945/813 1553/950/818 1546/943/811
f 1553/950/818 1551/948/816 1546/943/811
f 1554/951/819 1553/950/818 1548/945/813
f 1555/952/820 1548/945/813 1549/946/814
f 1555/952/820 1554/951/819 1548/945/813
f 1556/953/821 1549/946/814 1550/947/815
f 1556/953/821 1555/952/820 1549/946/814
f 1557/954/822 1556/953/821 1550/947/815
f 1551/948/816 1558/955/823 1552/949/817
f 1558/955/823 1559/956/824 1552/949/817
f 1560/957/825 1558/955/823 1551/948/816
f 1553/950/818 1560/957/825 1551/948/816
f 1554/951/819 1561/958/826 1553/950/818
f 1561/958/826 1560/957/825 1553/950/818
f 1562/959/827 1561/958/826 1554/951/819
f 1563/960/828 1554/951/819 1555/952/820
f 1563/960/828 1562/959/827 1554/951/819
f 1564/961/829 1563/960/828 1555/952/820
f 1564/961/829 1555/952/820 1556/953/821
f 1565/962/830 1556/953/821 1557/954/822
f 1565/962/830 1564/961/829 1556/953/821
f 1566/963/831 1565/962/830 1557/954/822
f 1566/963/831 1557/954/822 1567/964/832
f 1568/965/833 1565/962/830 1566/963/831
f 1567/964/832 1568/965/833 1566/963/831
f 1568/965/833 1569/966/834 1565/962/830
f 1569/966/834 1564/961/829 1565/962/830
f 1570/967/835 1563/960/828 1564/961/829
f 1569/966/834 1570/967/835 1564/961/829
f 1571/968/836 1562/959/827 1563/960/828
f 1570/967/835 1571/968/836 1563/960/828
f 1562/959/827 1571/968/836 1572/969/837
f 1561/958/826 1562/959/827 1572/969/837
f 1560/957/825 1561/958/826 1573/970/838
f 1561/958/826 1572/969/837 1573/970/838
f 1560/957/825 1573/970/838 1574/971/839
f 1558/955/823 1560/957/825 1574/971/839
f 1574/971/839 1573/970/838 1575/972/840
f 1574/971/839 1575/972/840 1576/973/841
f 1577/974/842 1574/971/839 1576/973/841
f 1559/956/824 1558/955/823 1577/974/842
f 1558/955/823 1574/971/839 1577/974/842
f 1577/974/842 1576/973/841 1578/975/843
f 1579/976/844 1569/966/834 1568/965/833
f 1579/976/844 1580/977/845 1569/966/834
f 1580/977/845 1570/967/835 1569/966/834
f 1581/978/846 1571/968/836 1570/967/835
f 1580/977/845 1581/978/846 1570/967/835
f 1571/968/836 1581/978/846 1582/979/847
f 1572/969/837 1571/968/836 1582/979/847
f 1573/970/838 1572/969/837 1583/980/848
f 1572/969/837 1582/979/847 1583/980/848
f 1573/970/838 1583/980/848 1575/972/840
f 1584/981/849 1577/974/842 1578/975/843
f 1559/956/824 1577/974/842 1584/981/849
f 1552/949/817 1559/956/824 1584/981/849
f 1584/981/849 1578/975/843 1585/982/850
f 1586/983/851 1584/981/849 1585/982/850
f 1547/944/812 1552/949/817 1586/983/851
f 1552/949/817 1584/981/849 1586/983/851
f 1586/983/851 1585/982/850 1587/984/852
f 1543/940/808 1547/944/812 1588/985/853
f 1588/985/853 1586/983/851 1587/984/852
f 1547/944/812 1586/983/851 1588/985/853
f 1588/985/853 1587/984/852 1589/986/854
f 1590/987/855 1588/985/853 1589/986/854
f 1544/941/809 1543/940/808 1590/987/855
f 1543/940/808 1588/985/853 1590/987/855
f 1590/987/855 1589/986/854 1591/988/856
f 1592/989/857 1590/987/855 1591/988/856
f 1544/941/809 1590/987/855 1592/989/857
f 1545/942/810 1544/941/809 1592/989/857
f 1592/989/857 1591/988/856 1593/990/858
f 1550/947/815 1545/942/810 1594/991/859
f 1594/991/859 1592/989/857 1593/990/858
f 1545/942/810 1592/989/857 1594/991/859
f 1594/991/859 1593/990/858 1595/992/860
f 1557/954/822 1550/947/815 1596/993/861
f 1550/947/815 1594/991/859 1596/993/861
f 1557/954/822 1596/993/861 1567/964/832
f 1596/993/861 1594/991/859 1595/992/860
f 1567/964/832 1596/993/861 1597/994/862
f 1596/993/861 1595/992/860 1597/994/862
f 1597/994/862 1598/995/863 1567/964/832
f 1598/995/863 1568/965/833 1567/964/832
f 1598/995/863 1579/976/844 1568/965/833
f 1599/996/864 1600/997/865 1601/998/866
f 1602/999/867 1599/996/864 1601/998/866
f 1602/999/867 1601/998/866 1603/1000/868
f 1604/1001/869 1599/996/864 1602/999/867
f 1605/1002/870 1602/999/867 1603/1000/868
f 1605/1002/870 1603/1000/868 1606/1003/871
f 1607/1004/872 1604/1001/869 1602/999/867
f 1607/1004/872 1602/999/867 1605/1002/870
f 1608/1005/873 1604/1001/869 1607/1004/872
f 1609/1006/874 1608/1005/873 1607/1004/872
f 1610/1007/875 1607/1004/872 1605/1002/870
f 1609/1006/874 1607/1004/872 1610/1007/875
f 1610/1007/875 1605/1002/870 1611/1008/876
f 1611/1008/876 1605/1002/870 1606/1003/871
f 1611/1008/876 1606/1003/871 1612/1009/877
f 1613/1010/878 1611/1008/876 1612/1009/877
f 1613/1010/878 1612/1009/877 1614/1011/879
f 1615/1012/880 1613/1010/878 1614/1011/879
f 1615/1012/880 1614/1011/879 1616/1013/881
f 1617/1014/882 1615/1012/880 1616/1013/881
f 1617/1014/882 1616/1013/881 1618/1015/883
f 1619/1016/884 1617/1014/882 1618/1015/883
f 1619/1016/884 1618/1015/883 1620/1017/885
f 1621/1018/886 1619/1016/884 1620/1017/885
f 1622/1019/887 1619/1016/884 1621/1018/886
f 1623/1020/888 1622/1019/887 1621/1018/886
f 1624/1021/889 1622/1019/887 1623/1020/888
f 1625/1022/890 1615/1012/880 1617/1014/882
f 1625/1022/890 1626/1023/891 1615/1012/880
f 1626/1023/891 1613/1010/878 1615/1012/880
f 1627/1024/892 1617/1014/882 1619/1016/884
f 1622/1019/887 1627/1024/892 1619/1016/884
f 1627/1024/892 1625/1022/890 1617/1014/882
f 1624/1021/889 1628/1025/893 1622/1019/887
f 1628/1025/893 1627/1024/892 1622/1019/887
f 1629/1026/894 1628/1025/893 1624/1021/889
f 1630/1027/895 1629/1026/894 1624/1021/889
f 1631/1028/896 1629/1026/894 1630/1027/895
f 1632/1029/897 1631/1028/896 1630/1027/895
f 1633/1030/898 1631/1028/896 1632/1029/897
f 1634/1031/899 1633/1030/898 1632/1029/897
f 1635/1032/900 1633/1030/898 1634/1031/899
f 1636/1033/901 1635/1032/900 1634/1031/899
f 1630/1027/895 1624/1021/889 1637/1034/902
f 1637/1034/902 1624/1021/889 1623/1020/888
f 1632/1029/897 1630/1027/895 1638/1035/903
f 1638/1035/903 1630/1027/895 1637/1034/902
f 1639/1036/904 1632/1029/897 1638/1035/903
f 1634/1031/899 1632/1029/897 1639/1036/904
f 1636/1033/901 1634/1031/899 1640/1037/905
f 1640/1037/905 1634/1031/899 1639/1036/904
f 1641/1038/906 1636/1033/901 1640/1037/905
f 1642/1039/907 1643/1040/908 1644/1041/909
f 1643/1040/908 1645/1042/910 1644/1041/909
f 1643/1040/908 1646/1043/911 1645/1042/910
f 1646/1043/911 1647/1044/912 1645/1042/910
f 1645/1042/910 1647/1044/912 1648/1045/913
f 1649/1046/914 1609/1006/874 1610/1007/875
f 1647/1044/912 1649/1046/914 1648/1045/913
f 1648/1045/913 1650/1047/915 1626/1023/891
f 1648/1045/913 1649/1046/914 1650/1047/915
f 1626/1023/891 1650/1047/915 1613/1010/878
f 1650/1047/915 1611/1008/876 1613/1010/878
f 1650/1047/915 1610/1007/875 1611/1008/876
f 1649/1046/914 1610/1007/875 1650/1047/915
f 1645/1042/910 1648/1045/913 1651/1048/916
f 1651/1048/916 1648/1045/913 1626/1023/891
f 1651/1048/916 1626/1023/891 1625/1022/890
f 1644/1041/909 1645/1042/910 1651/1048/916
f 1644/1041/909 1651/1048/916 1652/1049/917
f 1652/1049/917 1651/1048/916 1625/1022/890
f 1652/1049/917 1625/1022/890 1627/1024/892
f 1628/1025/893 1652/1049/917 1627/1024/892
f 1653/1050/918 1644/1041/909 1652/1049/917
f 1642/1039/907 1644/1041/909 1653/1050/918
f 1653/1050/918 1652/1049/917 1628/1025/893
f 1629/1026/894 1653/1050/918 1628/1025/893
f 1654/1051/919 1653/1050/918 1629/1026/894
f 1654/1051/919 1642/1039/907 1653/1050/918
f 1631/1028/896 1654/1051/919 1629/1026/894
f 1655/1052/920 1654/1051/919 1631/1028/896
f 1633/1030/898 1655/1052/920 1631/1028/896
f 1655/1052/920 1656/1053/921 1654/1051/919
f 1656/1053/921 1642/1039/907 1654/1051/919
f 1656/1053/921 1657/1054/922 1642/1039/907
f 1657/1054/922 1643/1040/908 1642/1039/907
f 1658/1055/923 1646/1043/911 1643/1040/908
f 1657/1054/922 1658/1055/923 1643/1040/908
f 1658/1055/923 1659/1056/924 1646/1043/911
f 1646/1043/911 1660/1057/925 1647/1044/912
f 1659/1056/924 1660/1057/925 1646/1043/911
f 1660/1057/925 1661/1058/926 1647/1044/912
f 1647/1044/912 1661/1058/926 1649/1046/914
f 1661/1058/926 1609/1006/874 1649/1046/914
f 1662/1059/927 1655/1052/920 1633/1030/898
f 1635/1032/900 1662/1059/927 1633/1030/898
f 1662/1059/927 1663/1060/928 1655/1052/920
f 1663/1060/928 1656/1053/921 1655/1052/920
f 1663/1060/928 1664/1061/929 1656/1053/921
f 1664/1061/929 1657/1054/922 1656/1053/921
f 1664/1061/929 1665/1062/930 1657/1054/922
f 1665/1062/930 1658/1055/923 1657/1054/922
f 1666/1063/931 1659/1056/924 1658/1055/923
f 1665/1062/930 1666/1063/931 1658/1055/923
f 1666/1063/931 1667/1064/932 1659/1056/924
f 1667/1064/932 1668/1065/933 1659/1056/924
f 1659/1056/924 1668/1065/933 1660/1057/925
f 1660/1057/925 1669/1066/934 1661/1058/926
f 1668/1065/933 1669/1066/934 1660/1057/925
f 1670/1067/935 1608/1005/873 1609/1006/874
f 1669/1066/934 1670/1067/935 1661/1058/926
f 1661/1058/926 1670/1067/935 1609/1006/874
f 1671/1068/801 1672/1069/936 1673/1070/937
f 1672/1069/936 1674/1071/938 1673/1070/937
f 1672/1069/936 1675/1072/804 1674/1071/938
f 1673/1070/937 1674/1071/938 1676/1073/939
f 1675/1072/804 1677/1074/806 1678/1075/940
f 1675/1072/804 1678/1075/940 1674/1071/938
f 1674/1071/938 1678/1075/940 1679/1076/941
f 1674/1071/938 1679/1076/941 1676/1073/939
f 1676/1073/939 1679/1076/941 1680/1077/942
f 1676/1073/939 1680/1077/942 1681/1078/943
f 1673/1070/937 1676/1073/939 1682/1079/944
f 1682/1079/944 1676/1073/939 1681/1078/943
f 1683/1080/945 1673/1070/937 1682/1079/944
f 1671/1068/801 1673/1070/937 1683/1080/945
f 1684/1081/799 1671/1068/801 1683/1080/945
f 1677/1074/806 1685/1082/946 1678/1075/940
f 1677/1074/806 1686/1083/947 1685/1082/946
f 1678/1075/940 1685/1082/946 1687/1084/948
f 1678/1075/940 1687/1084/948 1679/1076/941
f 1679/1076/941 1688/1085/949 1680/1077/942
f 1679/1076/941 1687/1084/948 1688/1085/949
f 1680/1077/942 1688/1085/949 1689/1086/950
f 1680/1077/942 1689/1086/950 1690/1087/951
f 1681/1078/943 1680/1077/942 1690/1087/951
f 1681/1078/943 1690/1087/951 1691/1088/952
f 1682/1079/944 1681/1078/943 1692/1089/953
f 1692/1089/953 1681/1078/943 1691/1088/952
f 1693/1090/954 1682/1079/944 1692/1089/953
f 1683/1080/945 1682/1079/944 1693/1090/954
f 1694/1091/955 1683/1080/945 1693/1090/954
f 1684/1081/799 1683/1080/945 1694/1091/955
f 1695/1092/956 1684/1081/799 1694/1091/955
f 1690/1087/951 1689/1086/950 1696/1093/957
f 1691/1088/952 1690/1087/951 1697/1094/958
f 1690/1087/951 1696/1093/957 1697/1094/958
f 1691/1088/952 1697/1094/958 1698/1095/959
f 1699/1096/960 1691/1088/952 1698/1095/959
f 1692/1089/953 1691/1088/952 1699/1096/960
f 1700/1097/961 1692/1089/953 1699/1096/960
f 1693/1090/954 1692/1089/953 1700/1097/961
f 1701/1098/962 1693/1090/954 1700/1097/961
f 1694/1091/955 1693/1090/954 1701/1098/962
f 1702/1099/963 1694/1091/955 1701/1098/962
f 1695/1092/956 1694/1091/955 1702/1099/963
f 1703/1100/964 1695/1092/956 1702/1099/963
f 1698/1095/959 1697/1094/958 1704/1101/965
f 1697/1094/958 1705/1102/966 1704/1101/965
f 1697/1094/958 1696/1093/957 1705/1102/966
f 1696/1093/957 1706/1103/967 1705/1102/966
f 1706/1103/967 1707/1104/373 1708/1105/968
f 1705/1102/966 1706/1103/967 1708/1105/968
f 1705/1102/966 1708/1105/968 1709/1106/969
f 1704/1101/965 1705/1102/966 1709/1106/969
f 1689/1086/950 1710/1107/326 1696/1093/957
f 1689/1086/950 1711/1108/970 1710/1107/326
f 1688/1085/949 1711/1108/970 1689/1086/950
f 1688/1085/949 1712/1109/971 1711/1108/970
f 1687/1084/948 1712/1109/971 1688/1085/949
f 1687/1084/948 1713/1110/972 1712/1109/971
f 1685/1082/946 1713/1110/972 1687/1084/948
f 1685/1082/946 1714/1111/973 1713/1110/972
f 1686/1083/947 1714/1111/973 1685/1082/946
f 1686/1083/947 1715/1112/974 1714/1111/973
f 1715/1112/974 1716/1113/963 1714/1111/973
f 1714/1111/973 1717/1114/975 1713/1110/972
f 1714/1111/973 1716/1113/963 1717/1114/975
f 1716/1113/963 1718/1115/962 1717/1114/975
f 1717/1114/975 1718/1115/962 1719/1116/976
f 1718/1115/962 1720/1117/961 1719/1116/976
f 1719/1116/976 1720/1117/961 1721/1118/977
f 1720/1117/961 1722/1119/960 1721/1118/977
f 1721/1118/977 1722/1119/960 1723/1120/978
f 1721/1118/977 1723/1120/978 1724/1121/979
f 1719/1116/976 1721/1118/977 1725/1122/980
f 1725/1122/980 1721/1118/977 1724/1121/979
f 1725/1122/980 1724/1121/979 1726/1123/981
f 1723/1120/978 1727/1124/982 1728/1125/983
f 1724/1121/979 1723/1120/978 1728/1125/983
f 1726/1123/981 1724/1121/979 1729/1126/984
f 1724/1121/979 1728/1125/983 1729/1126/984
f 1726/1123/981 1729/1126/984 1730/1127/985
f 1731/1128/986 1726/1123/981 1730/1127/985
f 1711/1108/970 1731/1128/986 1710/1107/326
f 1732/1129/987 1725/1122/980 1726/1123/981
f 1712/1109/971 1732/1129/987 1711/1108/970
f 1732/1129/987 1726/1123/981 1731/1128/986
f 1711/1108/970 1732/1129/987 1731/1128/986
f 1713/1110/972 1733/1130/988 1712/1109/971
f 1712/1109/971 1733/1130/988 1732/1129/987
f 1733/1130/988 1725/1122/980 1732/1129/987
f 1713/1110/972 1717/1114/975 1733/1130/988
f 1717/1114/975 1719/1116/976 1733/1130/988
f 1733/1130/988 1719/1116/976 1725/1122/980
f 1727/1124/982 1734/1131/989 1735/1132/990
f 1728/1125/983 1727/1124/982 1735/1132/990
f 1728/1125/983 1735/1132/990 1736/1133/991
f 1729/1126/984 1728/1125/983 1736/1133/991
f 1729/1126/984 1736/1133/991 1737/1134/992
f 1730/1127/985 1729/1126/984 1737/1134/992
f 1730/1127/985 1737/1134/992 1738/1135/993
f 1731/1128/986 1730/1127/985 1739/1136/994
f 1739/1136/994 1730/1127/985 1738/1135/993
f 1710/1107/326 1731/1128/986 1739/1136/994
f 1723/1120/978 1740/1137/959 1727/1124/982
f 1722/1119/960 1740/1137/959 1723/1120/978
f 1740/1137/959 1741/1138/995 1727/1124/982
f 1727/1124/982 1741/1138/995 1734/1131/989
f 1741/1138/995 1742/1139/969 1734/1131/989
f 1743/1140/996 1744/1141/997 1745/1142/998
f 1744/1141/997 1743/1140/996 1746/1143/999
f 1747/1144/1000 1746/1143/999 1743/1140/996
f 1748/1145/1001 1746/1143/999 1747/1144/1000
f 1748/1145/1001 1749/1146/1002 1746/1143/999
f 1750/1147/1003 1749/1146/1002 1748/1145/1001
f 1421/818/695 1432/829/706 1751/1148/1004
f 1405/802/679 1421/818/695 1752/1149/1005
f 1752/1149/1005 1421/818/695 1751/1148/1004
f 1753/1150/1006 1405/802/679 1752/1149/1005
f 1403/800/677 1405/802/679 1753/1150/1006
f 1754/1151/1007 1403/800/677 1753/1150/1006
f 1404/801/678 1403/800/677 1754/1151/1007
f 1755/1152/1008 1404/801/678 1754/1151/1007
f 1409/806/683 1404/801/678 1755/1152/1008
f 1412/809/686 1409/806/683 1756/1153/1009
f 1756/1153/1009 1409/806/683 1755/1152/1008
f 1410/807/684 1412/809/686 1757/1154/1010
f 1757/1154/1010 1412/809/686 1756/1153/1009
f 1758/1155/1011 1410/807/684 1757/1154/1010
f 1758/1155/1011 1757/1154/1010 1759/1156/1012
f 1760/1157/1013 1758/1155/1011 1759/1156/1012
f 1757/1154/1010 1756/1153/1009 1761/1158/1014
f 1759/1156/1012 1757/1154/1010 1761/1158/1014
f 1761/1158/1014 1756/1153/1009 1762/1159/1015
f 1756/1153/1009 1755/1152/1008 1762/1159/1015
f 1762/1159/1015 1755/1152/1008 1763/1160/1016
f 1755/1152/1008 1754/1151/1007 1763/1160/1016
f 1763/1160/1016 1754/1151/1007 1764/1161/1017
f 1754/1151/1007 1753/1150/1006 1764/1161/1017
f 1753/1150/1006 1752/1149/1005 1765/1162/1018
f 1764/1161/1017 1753/1150/1006 1765/1162/1018
f 1765/1162/1018 1752/1149/1005 1766/1163/1019
f 1752/1149/1005 1751/1148/1004 1766/1163/1019
f 1766/1163/1019 1751/1148/1004 1767/1164/1013
f 1751/1148/1004 1432/829/706 1768/1165/1020
f 1432/829/706 1434/831/684 1768/1165/1020
f 1751/1148/1004 1768/1165/1020 1767/1164/1013
f 1769/1166/1021 1770/1167/1022 1771/1168/1023
f 1769/1166/1021 1772/1169/1024 1770/1167/1022
f 1772/1169/1024 1773/1170/1025 1770/1167/1022
f 1774/1171/999 1772/1169/1024 1769/1166/1021
f 1773/1170/1025 1775/1172/1001 1776/1173/1026
f 1770/1167/1022 1773/1170/1025 1776/1173/1026
f 1771/1168/1023 1770/1167/1022 1777/1174/1027
f 1770/1167/1022 1776/1173/1026 1777/1174/1027
f 1771/1168/1023 1777/1174/1027 1778/1175/1028
f 1776/1173/1026 1775/1172/1001 1779/1176/1029
f 1775/1172/1001 1780/1177/1000 1779/1176/1029
f 1777/1174/1027 1776/1173/1026 1781/1178/1030
f 1776/1173/1026 1779/1176/1029 1781/1178/1030
f 1777/1174/1027 1781/1178/1030 1782/1179/1031
f 1778/1175/1028 1777/1174/1027 1782/1179/1031
f 1778/1175/1028 1782/1179/1031 1783/1180/1032
f 1784/1181/1033 1778/1175/1028 1783/1180/1032
f 1784/1181/1033 1783/1180/1032 1785/1182/1034
f 1786/1183/1035 1771/1168/1023 1778/1175/1028
f 1786/1183/1035 1778/1175/1028 1784/1181/1033
f 1787/1184/1036 1769/1166/1021 1771/1168/1023
f 1787/1184/1036 1771/1168/1023 1786/1183/1035
f 1788/1185/1037 1769/1166/1021 1787/1184/1036
f 1788/1185/1037 1774/1171/999 1769/1166/1021
f 1789/1186/1038 1774/1171/999 1788/1185/1037
f 1790/1187/1039 1784/1181/1033 1785/1182/1034
f 1790/1187/1039 1785/1182/1034 1791/1188/1040
f 1792/1189/1041 1784/1181/1033 1790/1187/1039
f 1792/1189/1041 1786/1183/1035 1784/1181/1033
f 1793/1190/1042 1786/1183/1035 1792/1189/1041
f 1793/1190/1042 1787/1184/1036 1786/1183/1035
f 1794/1191/1043 1788/1185/1037 1787/1184/1036
f 1794/1191/1043 1787/1184/1036 1793/1190/1042
f 1795/1192/1044 1789/1186/1038 1788/1185/1037
f 1795/1192/1044 1788/1185/1037 1794/1191/1043
f 1796/1193/1045 1789/1186/1038 1795/1192/1044
f 1797/1194/1046 1793/1190/1042 1792/1189/1041
f 1798/1195/1047 1793/1190/1042 1797/1194/1046
f 1798/1195/1047 1794/1191/1043 1793/1190/1042
f 1799/1196/1048 1795/1192/1044 1794/1191/1043
f 1799/1196/1048 1794/1191/1043 1798/1195/1047
f 1800/1197/1049 1796/1193/1045 1795/1192/1044
f 1800/1197/1049 1795/1192/1044 1799/1196/1048
f 1801/1198/996 1796/1193/1045 1800/1197/1049
f 1802/1199/1050 1801/1198/996 1800/1197/1049
f 1803/1200/1051 1801/1198/996 1802/1199/1050
f 1804/1201/1052 1803/1200/1051 1802/1199/1050
f 1804/1201/1052 1802/1199/1050 1805/1202/1053
f 1806/1203/1054 1804/1201/1052 1805/1202/1053
f 1806/1203/1054 1805/1202/1053 1807/1204/1055
f 1808/1205/1056 1806/1203/1054 1807/1204/1055
f 1808/1205/1056 1807/1204/1055 1809/1206/1057
f 1810/1207/1058 1808/1205/1056 1809/1206/1057
f 1810/1207/1058 1809/1206/1057 1811/1208/1059
f 1805/1202/1053 1802/1199/1050 1812/1209/1060
f 1802/1199/1050 1800/1197/1049 1812/1209/1060
f 1812/1209/1060 1800/1197/1049 1799/1196/1048
f 1807/1204/1055 1805/1202/1053 1813/1210/1061
f 1805/1202/1053 1812/1209/1060 1813/1210/1061
f 1814/1211/1062 1799/1196/1048 1798/1195/1047
f 1812/1209/1060 1799/1196/1048 1814/1211/1062
f 1813/1210/1061 1812/1209/1060 1814/1211/1062
f 1815/1212/1063 1798/1195/1047 1797/1194/1046
f 1814/1211/1062 1798/1195/1047 1815/1212/1063
f 1815/1212/1063 1797/1194/1046 1816/1213/1064
f 1816/1213/1064 1797/1194/1046 1817/1214/1065
f 1817/1214/1065 1792/1189/1041 1790/1187/1039
f 1797/1194/1046 1792/1189/1041 1817/1214/1065
f 1816/1213/1064 1817/1214/1065 1818/1215/1066
f 1818/1215/1066 1817/1214/1065 1819/1216/1067
f 1819/1216/1067 1790/1187/1039 1791/1188/1040
f 1817/1214/1065 1790/1187/1039 1819/1216/1067
f 1818/1215/1066 1819/1216/1067 1820/1217/1068
f 1821/1218/1069 1818/1215/1066 1820/1217/1068
f 1821/1218/1069 1820/1217/1068 1822/1219/1070
f 1823/1220/1071 1821/1218/1069 1822/1219/1070
f 1824/1221/1072 1823/1220/1071 1822/1219/1070
f 1824/1221/1072 1825/1222/1073 1823/1220/1071
f 1826/1223/1074 1816/1213/1064 1818/1215/1066
f 1826/1223/1074 1818/1215/1066 1821/1218/1069
f 1827/1224/1075 1821/1218/1069 1823/1220/1071
f 1827/1224/1075 1826/1223/1074 1821/1218/1069
f 1828/1225/1076 1827/1224/1075 1823/1220/1071
f 1825/1222/1073 1828/1225/1076 1823/1220/1071
f 1829/1226/1077 1816/1213/1064 1826/1223/1074
f 1829/1226/1077 1815/1212/1063 1816/1213/1064
f 1830/1227/1078 1829/1226/1077 1826/1223/1074
f 1830/1227/1078 1826/1223/1074 1827/1224/1075
f 1831/1228/1079 1830/1227/1078 1827/1224/1075
f 1831/1228/1079 1827/1224/1075 1828/1225/1076
f 1832/1229/1080 1831/1228/1079 1828/1225/1076
f 1825/1222/1073 1833/1230/1081 1828/1225/1076
f 1833/1230/1081 1832/1229/1080 1828/1225/1076
f 1834/1231/1082 1833/1230/1081 1825/1222/1073
f 1835/1232/1083 1814/1211/1062 1815/1212/1063
f 1835/1232/1083 1815/1212/1063 1829/1226/1077
f 1813/1210/1061 1814/1211/1062 1835/1232/1083
f 1836/1233/1084 1829/1226/1077 1830/1227/1078
f 1836/1233/1084 1835/1232/1083 1829/1226/1077
f 1837/1234/1085 1830/1227/1078 1831/1228/1079
f 1837/1234/1085 1836/1233/1084 1830/1227/1078
f 1838/1235/1086 1837/1234/1085 1831/1228/1079
f 1838/1235/1086 1831/1228/1079 1832/1229/1080
f 1839/1236/1087 1838/1235/1086 1832/1229/1080
f 1833/1230/1081 1840/1237/1088 1832/1229/1080
f 1840/1237/1088 1839/1236/1087 1832/1229/1080
f 1834/1231/1082 1841/1238/1089 1833/1230/1081
f 1841/1238/1089 1840/1237/1088 1833/1230/1081
f 1842/1239/1090 1841/1238/1089 1834/1231/1082
f 1843/1240/1091 1835/1232/1083 1836/1233/1084
f 1843/1240/1091 1813/1210/1061 1835/1232/1083
f 1807/1204/1055 1813/1210/1061 1843/1240/1091
f 1809/1206/1057 1807/1204/1055 1843/1240/1091
f 1811/1208/1059 1809/1206/1057 1844/1241/1092
f 1844/1241/1092 1836/1233/1084 1837/1234/1085
f 1844/1241/1092 1843/1240/1091 1836/1233/1084
f 1809/1206/1057 1843/1240/1091 1844/1241/1092
f 1845/1242/1093 1844/1241/1092 1837/1234/1085
f 1811/1208/1059 1844/1241/1092 1845/1242/1093
f 1845/1242/1093 1837/1234/1085 1838/1235/1086
f 1846/1243/1094 1838/1235/1086 1839/1236/1087
f 1846/1243/1094 1845/1242/1093 1838/1235/1086
f 1847/1244/1095 1846/1243/1094 1839/1236/1087
f 1840/1237/1088 1848/1245/1096 1839/1236/1087
f 1848/1245/1096 1847/1244/1095 1839/1236/1087
f 1849/1246/1097 1848/1245/1096 1840/1237/1088
f 1841/1238/1089 1849/1246/1097 1840/1237/1088
f 1842/1239/1090 1850/1247/1098 1841/1238/1089
f 1850/1247/1098 1849/1246/1097 1841/1238/1089
f 1851/1248/1099 1850/1247/1098 1842/1239/1090
f 1851/1248/1099 1852/1249/1100 1850/1247/1098
f 1853/1250/1101 1852/1249/1100 1851/1248/1099
f 1850/1247/1098 1854/1251/1102 1849/1246/1097
f 1852/1249/1100 1854/1251/1102 1850/1247/1098
f 1849/1246/1097 1855/1252/1103 1848/1245/1096
f 1854/1251/1102 1855/1252/1103 1849/1246/1097
f 1848/1245/1096 1856/1253/1104 1847/1244/1095
f 1855/1252/1103 1856/1253/1104 1848/1245/1096
f 1846/1243/1094 1847/1244/1095 1857/1254/1105
f 1856/1253/1104 1857/1254/1105 1847/1244/1095
f 1858/1255/1106 1846/1243/1094 1857/1254/1105
f 1859/1256/1107 1845/1242/1093 1846/1243/1094
f 1858/1255/1106 1859/1256/1107 1846/1243/1094
f 1859/1256/1107 1811/1208/1059 1845/1242/1093
f 1860/1257/1034 1811/1208/1059 1859/1256/1107
f 1860/1257/1034 1810/1207/1058 1811/1208/1059
f 1861/1258/1040 1859/1256/1107 1858/1255/1106
f 1861/1258/1040 1860/1257/1034 1859/1256/1107
f 1862/1259/1108 1858/1255/1106 1857/1254/1105
f 1862/1259/1108 1861/1258/1040 1858/1255/1106
f 1863/1260/1109 1862/1259/1108 1857/1254/1105
f 1856/1253/1104 1864/1261/1110 1857/1254/1105
f 1864/1261/1110 1863/1260/1109 1857/1254/1105
f 1855/1252/1103 1865/1262/1111 1856/1253/1104
f 1865/1262/1111 1864/1261/1110 1856/1253/1104
f 1866/1263/1112 1865/1262/1111 1855/1252/1103
f 1854/1251/1102 1866/1263/1112 1855/1252/1103
f 1867/1264/1113 1866/1263/1112 1854/1251/1102
f 1852/1249/1100 1867/1264/1113 1854/1251/1102
f 1868/1265/1114 1867/1264/1113 1852/1249/1100
f 1853/1250/1101 1868/1265/1114 1852/1249/1100
f 1869/1266/1115 1868/1265/1114 1853/1250/1101
f 1870/1267/1116 1869/1266/1115 1853/1250/1101
f 1871/1268/1117 1869/1266/1115 1870/1267/1116
f 1872/1269/1118 1871/1268/1117 1870/1267/1116
f 1872/1269/1118 1870/1267/1116 1873/1270/1119
f 1874/1271/1120 1872/1269/1118 1873/1270/1119
f 1874/1271/1120 1873/1270/1119 1875/1272/1121
f 1876/1273/1122 1874/1271/1120 1875/1272/1121
f 1876/1273/1122 1875/1272/1121 1877/1274/1123
f 1878/1275/1124 1876/1273/1122 1877/1274/1123
f 1878/1275/1124 1877/1274/1123 1879/1276/1125
f 1880/1277/1126 1878/1275/1124 1879/1276/1125
f 1880/1277/1126 1879/1276/1125 1881/1278/1127
f 1882/1279/1128 1880/1277/1126 1881/1278/1127
f 1882/1279/1128 1881/1278/1127 1883/1280/1129
f 1884/1281/1130 1882/1279/1128 1883/1280/1129
f 1884/1281/1130 1883/1280/1129 1885/1282/1131
f 1886/1283/1117 1884/1281/1130 1885/1282/1131
f 1881/1278/1127 1879/1276/1125 1887/1284/1132
f 1883/1280/1129 1881/1278/1127 1888/1285/1133
f 1881/1278/1127 1887/1284/1132 1888/1285/1133
f 1883/1280/1129 1888/1285/1133 1889/1286/1134
f 1885/1282/1131 1883/1280/1129 1889/1286/1134
f 1877/1274/1123 1875/1272/1121 1890/1287/1135
f 1875/1272/1121 1891/1288/1136 1890/1287/1135
f 1875/1272/1121 1873/1270/1119 1891/1288/1136
f 1890/1287/1135 1891/1288/1136 1892/1289/1137
f 1890/1287/1135 1892/1289/1137 1893/1290/1138
f 1879/1276/1125 1877/1274/1123 1894/1291/1139
f 1877/1274/1123 1890/1287/1135 1894/1291/1139
f 1894/1291/1139 1890/1287/1135 1893/1290/1138
f 1879/1276/1125 1894/1291/1139 1887/1284/1132
f 1894/1291/1139 1893/1290/1138 1895/1292/1140
f 1887/1284/1132 1894/1291/1139 1895/1292/1140
f 1887/1284/1132 1895/1292/1140 1896/1293/1141
f 1888/1285/1133 1887/1284/1132 1896/1293/1141
f 1888/1285/1133 1896/1293/1141 1897/1294/1142
f 1889/1286/1134 1888/1285/1133 1897/1294/1142
f 1893/1290/1138 1892/1289/1137 1898/1295/1143
f 1895/1292/1140 1893/1290/1138 1899/1296/1144
f 1893/1290/1138 1898/1295/1143 1899/1296/1144
f 1895/1292/1140 1899/1296/1144 1900/1297/1145
f 1896/1293/1141 1895/1292/1140 1900/1297/1145
f 1896/1293/1141 1900/1297/1145 1901/1298/1112
f 1897/1294/1142 1896/1293/1141 1901/1298/1112
f 1899/1296/1144 1898/1295/1143 1902/1299/1146
f 1900/1297/1145 1899/1296/1144 1903/1300/1147
f 1899/1296/1144 1902/1299/1146 1903/1300/1147
f 1900/1297/1145 1903/1300/1147 1904/1301/1148
f 1901/1298/1112 1900/1297/1145 1904/1301/1148
f 1902/1299/1146 1824/1221/1072 1905/1302/1149
f 1903/1300/1147 1902/1299/1146 1905/1302/1149
f 1905/1302/1149 1824/1221/1072 1822/1219/1070
f 1903/1300/1147 1905/1302/1149 1906/1303/1150
f 1904/1301/1148 1903/1300/1147 1906/1303/1150
f 1906/1303/1150 1905/1302/1149 1907/1304/1151
f 1905/1302/1149 1822/1219/1070 1907/1304/1151
f 1822/1219/1070 1820/1217/1068 1907/1304/1151
f 1873/1270/1119 1908/1305/1152 1891/1288/1136
f 1873/1270/1119 1870/1267/1116 1908/1305/1152
f 1870/1267/1116 1853/1250/1101 1908/1305/1152
f 1908/1305/1152 1853/1250/1101 1851/1248/1099
f 1908/1305/1152 1851/1248/1099 1909/1306/1153
f 1891/1288/1136 1909/1306/1153 1892/1289/1137
f 1909/1306/1153 1851/1248/1099 1842/1239/1090
f 1891/1288/1136 1908/1305/1152 1909/1306/1153
f 1909/1306/1153 1842/1239/1090 1910/1307/1154
f 1910/1307/1154 1842/1239/1090 1834/1231/1082
f 1892/1289/1137 1909/1306/1153 1910/1307/1154
f 1892/1289/1137 1910/1307/1154 1898/1295/1143
f 1911/1308/1155 1834/1231/1082 1825/1222/1073
f 1902/1299/1146 1911/1308/1155 1824/1221/1072
f 1898/1295/1143 1911/1308/1155 1902/1299/1146
f 1898/1295/1143 1910/1307/1154 1911/1308/1155
f 1911/1308/1155 1825/1222/1073 1824/1221/1072
f 1910/1307/1154 1834/1231/1082 1911/1308/1155
f 1820/1217/1068 1819/1216/1067 1912/1309/1156
f 1819/1216/1067 1791/1188/1040 1912/1309/1156
f 1820/1217/1068 1912/1309/1156 1907/1304/1151
f 1913/1310/700 1914/1311/1157 1915/1312/701
f 1914/1311/1157 1913/1310/700 1916/1313/1158
f 1917/1314/699 1916/1313/1158 1913/1310/700
f 1918/1315/725 1916/1313/1158 1917/1314/699
f 1918/1315/725 1919/1316/720 1916/1313/1158
f 1920/1317/1159 1919/1316/720 1918/1315/725
f 1921/1318/1160 1922/1319/1161 1923/1320/1162
f 1922/1319/1161 1924/1321/1163 1923/1320/1162
f 1923/1320/1162 1924/1321/1163 1925/1322/1164
f 1922/1319/1161 1926/1323/1165 1924/1321/1163
f 1923/1320/1162 1925/1322/1164 1927/1324/1166
f 1927/1324/1166 1925/1322/1164 1928/1325/1167
f 1929/1326/1168 1923/1320/1162 1927/1324/1166
f 1921/1318/1160 1923/1320/1162 1929/1326/1168
f 1930/1327/1169 1921/1318/1160 1929/1326/1168
f 1931/1328/1170 1930/1327/1169 1929/1326/1168
f 1932/1329/1171 1921/1318/1160 1930/1327/1169
f 1931/1328/1170 1932/1329/1171 1930/1327/1169
f 1933/1330/1172 1931/1328/1170 1929/1326/1168
f 1933/1330/1172 1929/1326/1168 1927/1324/1166
f 1934/1331/1173 1927/1324/1166 1928/1325/1167
f 1934/1331/1173 1933/1330/1172 1927/1324/1166
f 1935/1332/1174 1934/1331/1173 1928/1325/1167
f 1935/1332/1174 1928/1325/1167 1936/1333/1175
f 1925/1322/1164 1937/1334/1176 1928/1325/1167
f 1928/1325/1167 1937/1334/1176 1936/1333/1175
f 1924/1321/1163 1938/1335/1177 1925/1322/1164
f 1925/1322/1164 1938/1335/1177 1937/1334/1176
f 1924/1321/1163 1939/1336/1178 1938/1335/1177
f 1926/1323/1165 1939/1336/1178 1924/1321/1163
f 1926/1323/1165 1940/1337/1179 1939/1336/1178
f 1940/1337/1179 1941/1338/1180 1939/1336/1178
f 1939/1336/1178 1942/1339/1181 1938/1335/1177
f 1939/1336/1178 1941/1338/1180 1942/1339/1181
f 1938/1335/1177 1943/1340/1182 1937/1334/1176
f 1938/1335/1177 1942/1339/1181 1943/1340/1182
f 1937/1334/1176 1943/1340/1182 1944/1341/1183
f 1937/1334/1176 1944/1341/1183 1936/1333/1175
f 1945/1342/1184 1935/1332/1174 1936/1333/1175
f 1936/1333/1175 1944/1341/1183 1945/1342/1184
f 1946/1343/1185 1935/1332/1174 1945/1342/1184
f 1947/1344/858 1934/1331/1173 1935/1332/1174
f 1946/1343/1185 1947/1344/858 1935/1332/1174
f 1947/1344/858 1948/1345/1186 1934/1331/1173
f 1948/1345/1186 1933/1330/1172 1934/1331/1173
f 1949/1346/854 1931/1328/1170 1933/1330/1172
f 1948/1345/1186 1949/1346/854 1933/1330/1172
f 1949/1346/854 1950/1347/1187 1931/1328/1170
f 1950/1347/1187 1932/1329/1171 1931/1328/1170
f 1944/1341/1183 1951/1348/1188 1945/1342/1184
f 1944/1341/1183 1952/1349/1189 1951/1348/1188
f 1943/1340/1182 1952/1349/1189 1944/1341/1183
f 1943/1340/1182 1953/1350/1190 1952/1349/1189
f 1942/1339/1181 1953/1350/1190 1943/1340/1182
f 1941/1338/1180 1954/1351/1191 1942/1339/1181
f 1942/1339/1181 1954/1351/1191 1953/1350/1190
f 1955/1352/1192 1954/1351/1191 1941/1338/1180
f 1956/1353/1193 1955/1352/1192 1941/1338/1180
f 1956/1353/1193 1941/1338/1180 1940/1337/1179
f 1957/1354/1194 1956/1353/1193 1940/1337/1179
f 1957/1354/1194 1940/1337/1179 1926/1323/1165
f 1958/1355/1195 1957/1354/1194 1926/1323/1165
f 1958/1355/1195 1926/1323/1165 1922/1319/1161
f 1959/1356/1196 1958/1355/1195 1922/1319/1161
f 1959/1356/1196 1922/1319/1161 1921/1318/1160
f 1932/1329/1171 1959/1356/1196 1921/1318/1160
f 1952/1349/1189 1960/1357/1197 1951/1348/1188
f 1953/1350/1190 1961/1358/1198 1952/1349/1189
f 1952/1349/1189 1961/1358/1198 1960/1357/1197
f 1953/1350/1190 1962/1359/1199 1961/1358/1198
f 1954/1351/1191 1962/1359/1199 1953/1350/1190
f 1963/1360/1200 1962/1359/1199 1954/1351/1191
f 1955/1352/1192 1963/1360/1200 1954/1351/1191
f 1961/1358/1198 1964/1361/1201 1960/1357/1197
f 1962/1359/1199 1965/1362/1202 1961/1358/1198
f 1961/1358/1198 1965/1362/1202 1964/1361/1201
f 1966/1363/1203 1965/1362/1202 1962/1359/1199
f 1963/1360/1200 1966/1363/1203 1962/1359/1199
f 1965/1362/1202 1966/1363/1203 1964/1361/1201
f 1967/1364/1204 1959/1356/1196 1932/1329/1171
f 1950/1347/1187 1967/1364/1204 1932/1329/1171
f 1968/1365/1205 1958/1355/1195 1959/1356/1196
f 1967/1364/1204 1968/1365/1205 1959/1356/1196
f 1969/1366/1206 1957/1354/1194 1958/1355/1195
f 1968/1365/1205 1969/1366/1206 1958/1355/1195
f 1969/1366/1206 1970/1367/1207 1957/1354/1194
f 1970/1367/1207 1956/1353/1193 1957/1354/1194
f 1970/1367/1207 1971/1368/1208 1956/1353/1193
f 1971/1368/1208 1955/1352/1192 1956/1353/1193
f 1971/1368/1208 1972/1369/847 1955/1352/1192
f 1972/1369/847 1963/1360/1200 1955/1352/1192
f 1973/1370/1209 1966/1363/1203 1963/1360/1200
f 1972/1369/847 1973/1370/1209 1963/1360/1200
f 1966/1363/1203 1973/1370/1209 1974/1371/845
f 1964/1361/1201 1966/1363/1203 1974/1371/845
f 1964/1361/1201 1974/1371/845 1975/1372/1210
f 1960/1357/1197 1964/1361/1201 1975/1372/1210
f 1951/1348/1188 1960/1357/1197 1976/1373/1211
f 1960/1357/1197 1975/1372/1210 1976/1373/1211
f 1945/1342/1184 1951/1348/1188 1977/1374/1212
f 1951/1348/1188 1976/1373/1211 1977/1374/1212
f 1977/1374/1212 1946/1343/1185 1945/1342/1184
f 1978/1375/1213 1979/1376/1214 1980/1377/1215
f 1981/1378/1216 1978/1375/1213 1980/1377/1215
f 1982/1379/1217 1978/1375/1213 1981/1378/1216
f 1983/1380/1218 1982/1379/1217 1981/1378/1216
f 1980/1377/1215 1979/1376/1214 1984/1381/1219
f 1979/1376/1214 1985/1382/1220 1984/1381/1219
f 1980/1377/1215 1984/1381/1219 1986/1383/1221
f 1987/1384/1222 1980/1377/1215 1986/1383/1221
f 1981/1378/1216 1980/1377/1215 1987/1384/1222
f 1983/1380/1218 1981/1378/1216 1988/1385/1223
f 1988/1385/1223 1981/1378/1216 1987/1384/1222
f 1989/1386/1224 1983/1380/1218 1988/1385/1223
f 1985/1382/1220 1990/1387/1225 1991/1388/1226
f 1984/1381/1219 1985/1382/1220 1991/1388/1226
f 1984/1381/1219 1991/1388/1226 1992/1389/1227
f 1986/1383/1221 1984/1381/1219 1992/1389/1227
f 1986/1383/1221 1992/1389/1227 1993/1390/1228
f 1994/1391/1229 1986/1383/1221 1993/1390/1228
f 1987/1384/1222 1986/1383/1221 1994/1391/1229
f 1995/1392/1230 1987/1384/1222 1994/1391/1229
f 1988/1385/1223 1987/1384/1222 1995/1392/1230
f 1989/1386/1224 1988/1385/1223 1996/1393/1231
f 1996/1393/1231 1988/1385/1223 1995/1392/1230
f 1997/1394/1232 1989/1386/1224 1996/1393/1231
f 1991/1388/1226 1990/1387/1225 1998/1395/1233
f 1990/1387/1225 1999/1396/1234 1998/1395/1233
f 1991/1388/1226 1998/1395/1233 2000/1397/1235
f 1992/1389/1227 1991/1388/1226 2000/1397/1235
f 1993/1390/1228 1992/1389/1227 2001/1398/1236
f 1992/1389/1227 2000/1397/1235 2001/1398/1236
f 1993/1390/1228 2001/1398/1236 2002/1399/1237
f 1994/1391/1229 1993/1390/1228 2003/1400/1238
f 2003/1400/1238 1993/1390/1228 2002/1399/1237
f 2004/1401/1239 1994/1391/1229 2003/1400/1238
f 1995/1392/1230 1994/1391/1229 2004/1401/1239
f 2005/1402/1240 1995/1392/1230 2004/1401/1239
f 1996/1393/1231 1995/1392/1230 2005/1402/1240
f 1997/1394/1232 1996/1393/1231 2006/1403/1241
f 2006/1403/1241 1996/1393/1231 2005/1402/1240
f 2007/1404/1242 1997/1394/1232 2006/1403/1241
f 1998/1395/1233 1999/1396/1234 2008/1405/1243
f 1999/1396/1234 2009/1406/1244 2008/1405/1243
f 1998/1395/1233 2008/1405/1243 2010/1407/1245
f 2000/1397/1235 1998/1395/1233 2010/1407/1245
f 2000/1397/1235 2010/1407/1245 2011/1408/1246
f 2001/1398/1236 2000/1397/1235 2011/1408/1246
f 2002/1399/1237 2001/1398/1236 2012/1409/1247
f 2001/1398/1236 2011/1408/1246 2012/1409/1247
f 2002/1399/1237 2012/1409/1247 2013/1410/1248
f 2014/1411/1249 2002/1399/1237 2013/1410/1248
f 2003/1400/1238 2002/1399/1237 2014/1411/1249
f 2004/1401/1239 2003/1400/1238 2015/1412/1250
f 2015/1412/1250 2003/1400/1238 2014/1411/1249
f 2016/1413/1251 2004/1401/1239 2015/1412/1250
f 2005/1402/1240 2004/1401/1239 2016/1413/1251
f 2006/1403/1241 2005/1402/1240 2017/1414/1252
f 2017/1414/1252 2005/1402/1240 2016/1413/1251
f 2007/1404/1242 2006/1403/1241 2018/1415/1253
f 2018/1415/1253 2006/1403/1241 2017/1414/1252
f 2019/1416/1254 2007/1404/1242 2018/1415/1253
f 2014/1411/1249 2013/1410/1248 2020/1417/1255
f 2015/1412/1250 2014/1411/1249 2021/1418/1256
f 2021/1418/1256 2014/1411/1249 2020/1417/1255
f 2016/1413/1251 2015/1412/1250 2022/1419/1257
f 2022/1419/1257 2015/1412/1250 2021/1418/1256
f 2023/1420/1258 2016/1413/1251 2022/1419/1257
f 2017/1414/1252 2016/1413/1251 2023/1420/1258
f 2018/1415/1253 2017/1414/1252 2024/1421/1259
f 2024/1421/1259 2017/1414/1252 2023/1420/1258
f 2019/1416/1254 2018/1415/1253 2025/1422/1260
f 2025/1422/1260 2018/1415/1253 2024/1421/1259
f 2026/1423/1261 2019/1416/1254 2025/1422/1260
f 2022/1419/1257 2021/1418/1256 2027/1424/1262
f 2023/1420/1258 2022/1419/1257 2028/1425/1263
f 2028/1425/1263 2022/1419/1257 2027/1424/1262
f 2024/1421/1259 2023/1420/1258 2029/1426/1264
f 2029/1426/1264 2023/1420/1258 2028/1425/1263
f 2025/1422/1260 2024/1421/1259 2030/1427/1265
f 2030/1427/1265 2024/1421/1259 2029/1426/1264
f 2031/1428/1266 2025/1422/1260 2030/1427/1265
f 2026/1423/1261 2025/1422/1260 2031/1428/1266
f 2032/1429/1267 2026/1423/1261 2031/1428/1266
f 2033/1430/1268 2034/1431/1269 2035/1432/1270
f 2009/1406/1244 2033/1430/1268 2036/1433/1271
f 2008/1405/1243 2009/1406/1244 2036/1433/1271
f 2036/1433/1271 2033/1430/1268 2035/1432/1270
f 2008/1405/1243 2036/1433/1271 2037/1434/1272
f 2010/1407/1245 2008/1405/1243 2037/1434/1272
f 2011/1408/1246 2010/1407/1245 2038/1435/1273
f 2010/1407/1245 2037/1434/1272 2038/1435/1273
f 2012/1409/1247 2011/1408/1246 2039/1436/1274
f 2011/1408/1246 2038/1435/1273 2039/1436/1274
f 2012/1409/1247 2039/1436/1274 2040/1437/1275
f 2013/1410/1248 2012/1409/1247 2040/1437/1275
f 2020/1417/1255 2013/1410/1248 2041/1438/1276
f 2013/1410/1248 2040/1437/1275 2041/1438/1276
f 2020/1417/1255 2041/1438/1276 2042/1439/1277
f 2021/1418/1256 2020/1417/1255 2043/1440/1278
f 2027/1424/1262 2021/1418/1256 2043/1440/1278
f 2043/1440/1278 2020/1417/1255 2042/1439/1277
f 2042/1439/1277 2041/1438/1276 2044/1441/1279
f 2041/1438/1276 2045/1442/1280 2044/1441/1279
f 2041/1438/1276 2040/1437/1275 2045/1442/1280
f 2040/1437/1275 2039/1436/1274 2046/1443/1281
f 2040/1437/1275 2046/1443/1281 2045/1442/1280
f 2039/1436/1274 2038/1435/1273 2047/1444/1282
f 2039/1436/1274 2047/1444/1282 2046/1443/1281
f 2038/1435/1273 2048/1445/1283 2047/1444/1282
f 2038/1435/1273 2037/1434/1272 2048/1445/1283
f 2037/1434/1272 2036/1433/1271 2049/1446/1284
f 2036/1433/1271 2035/1432/1270 2049/1446/1284
f 2037/1434/1272 2049/1446/1284 2048/1445/1283
f 2050/1447/930 2051/1448/1285 2052/1449/1286
f 2052/1449/1286 2051/1448/1285 2053/1450/1287
f 2052/1449/1286 2053/1450/1287 2054/1451/906
f 2054/1451/906 2053/1450/1287 2055/1452/901
f 2056/1453/1288 2055/1452/901 2053/1450/1287
f 2057/1454/900 2055/1452/901 2056/1453/1288
f 2058/1455/1289 2059/1456/1290 2060/1457/1291
f 2060/1457/1291 2059/1456/1290 2061/1458/1292
f 2060/1457/1291 2061/1458/1292 2062/1459/1293
f 2062/1459/1293 2061/1458/1292 2063/1460/1294
f 2064/1461/1295 2063/1460/1294 2061/1458/1292
f 2065/1462/1296 2063/1460/1294 2064/1461/1295
f 2066/1463/1297 2067/1464/1298 2068/1465/1118
f 2068/1465/1118 2067/1464/1298 2069/1466/1299
f 2068/1465/1118 2069/1466/1299 2070/1467/1300
f 2070/1467/1300 2069/1466/1299 2071/1468/1301
f 2072/1469/1302 2071/1468/1301 2069/1466/1299
f 2073/1470/1128 2071/1468/1301 2072/1469/1302
f 2074/1471/1293 2075/1472/1303 2076/1473/1304
f 2077/1474/1305 2074/1471/1293 2076/1473/1304
f 2076/1473/1304 2075/1472/1303 2078/1475/1306
f 2075/1472/1303 2079/1476/1307 2078/1475/1306
f 2076/1473/1304 2078/1475/1306 2080/1477/1308
f 2077/1474/1305 2076/1473/1304 2081/1478/1309
f 2081/1478/1309 2076/1473/1304 2080/1477/1308
f 2082/1479/1310 2077/1474/1305 2081/1478/1309
f 2083/1480/1311 2082/1479/1310 2084/1481/1312
f 2082/1479/1310 2081/1478/1309 2084/1481/1312
f 2081/1478/1309 2080/1477/1308 2085/1482/1313
f 2084/1481/1312 2081/1478/1309 2085/1482/1313
f 2085/1482/1313 2080/1477/1308 2086/1483/1314
f 2080/1477/1308 2078/1475/1306 2087/1484/1315
f 2080/1477/1308 2087/1484/1315 2086/1483/1314
f 2078/1475/1306 2079/1476/1307 2088/1485/1316
f 2078/1475/1306 2088/1485/1316 2087/1484/1315
f 2079/1476/1307 2089/1486/1317 2088/1485/1316
f 2088/1485/1316 2089/1486/1317 2090/1487/1318
f 2089/1486/1317 2091/1488/1319 2090/1487/1318
f 2087/1484/1315 2088/1485/1316 2092/1489/1320
f 2088/1485/1316 2090/1487/1318 2092/1489/1320
f 2086/1483/1314 2087/1484/1315 2093/1490/1321
f 2087/1484/1315 2092/1489/1320 2093/1490/1321
f 2086/1483/1314 2093/1490/1321 2094/1491/1322
f 2085/1482/1313 2086/1483/1314 2095/1492/1323
f 2095/1492/1323 2086/1483/1314 2094/1491/1322
f 2084/1481/1312 2085/1482/1313 2096/1493/1324
f 2096/1493/1324 2085/1482/1313 2095/1492/1323
f 2083/1480/1311 2084/1481/1312 2097/1494/1325
f 2097/1494/1325 2084/1481/1312 2096/1493/1324
f 2098/1495/1292 2083/1480/1311 2097/1494/1325
f 2090/1487/1318 2091/1488/1319 2099/1496/1326
f 2091/1488/1319 2100/1497/1327 2099/1496/1326
f 2092/1489/1320 2090/1487/1318 2101/1498/1328
f 2090/1487/1318 2099/1496/1326 2101/1498/1328
f 2093/1490/1321 2092/1489/1320 2102/1499/1329
f 2092/1489/1320 2101/1498/1328 2102/1499/1329
f 2093/1490/1321 2102/1499/1329 2103/1500/1330
f 2094/1491/1322 2093/1490/1321 2103/1500/1330
f 2094/1491/1322 2103/1500/1330 2104/1501/1331
f 2095/1492/1323 2094/1491/1322 2105/1502/1332
f 2105/1502/1332 2094/1491/1322 2104/1501/1331
f 2096/1493/1324 2095/1492/1323 2106/1503/1333
f 2106/1503/1333 2095/1492/1323 2105/1502/1332
f 2097/1494/1325 2096/1493/1324 2107/1504/1334
f 2107/1504/1334 2096/1493/1324 2106/1503/1333
f 2108/1505/1335 2097/1494/1325 2107/1504/1334
f 2098/1495/1292 2097/1494/1325 2108/1505/1335
f 2109/1506/1336 2098/1495/1292 2108/1505/1335
f 2108/1505/1335 2107/1504/1334 2110/1507/1337
f 2109/1506/1336 2108/1505/1335 2111/1508/1338
f 2111/1508/1338 2108/1505/1335 2110/1507/1337
f 2112/1509/1339 2109/1506/1336 2111/1508/1338
f 2100/1497/1327 2113/1510/1340 2114/1511/1341
f 2099/1496/1326 2100/1497/1327 2114/1511/1341
f 2101/1498/1328 2099/1496/1326 2115/1512/1342
f 2099/1496/1326 2114/1511/1341 2115/1512/1342
f 2102/1499/1329 2101/1498/1328 2116/1513/1343
f 2101/1498/1328 2115/1512/1342 2116/1513/1343
f 2103/1500/1330 2102/1499/1329 2117/1514/1344
f 2102/1499/1329 2116/1513/1343 2117/1514/1344
f 2103/1500/1330 2117/1514/1344 2118/1515/1345
f 2104/1501/1331 2103/1500/1330 2118/1515/1345
f 2104/1501/1331 2118/1515/1345 2119/1516/1346
f 2105/1502/1332 2104/1501/1331 2120/1517/1347
f 2120/1517/1347 2104/1501/1331 2119/1516/1346
f 2106/1503/1333 2105/1502/1332 2121/1518/1348
f 2121/1518/1348 2105/1502/1332 2120/1517/1347
f 2122/1519/1349 2106/1503/1333 2121/1518/1348
f 2107/1504/1334 2106/1503/1333 2122/1519/1349
f 2110/1507/1337 2107/1504/1334 2122/1519/1349
f 2114/1511/1341 2113/1510/1340 2123/1520/1350
f 2113/1510/1340 2124/1521/1351 2123/1520/1350
f 2115/1512/1342 2114/1511/1341 2125/1522/1352
f 2114/1511/1341 2123/1520/1350 2125/1522/1352
f 2116/1513/1343 2115/1512/1342 2126/1523/1353
f 2115/1512/1342 2125/1522/1352 2126/1523/1353
f 2116/1513/1343 2126/1523/1353 2127/1524/1354
f 2117/1514/1344 2116/1513/1343 2127/1524/1354
f 2118/1515/1345 2117/1514/1344 2128/1525/1355
f 2117/1514/1344 2127/1524/1354 2128/1525/1355
f 2119/1516/1346 2118/1515/1345 2129/1526/1356
f 2118/1515/1345 2128/1525/1355 2129/1526/1356
f 2119/1516/1346 2129/1526/1356 2130/1527/1357
f 2131/1528/1358 2119/1516/1346 2130/1527/1357
f 2120/1517/1347 2119/1516/1346 2131/1528/1358
f 2121/1518/1348 2120/1517/1347 2132/1529/1359
f 2132/1529/1359 2120/1517/1347 2131/1528/1358
f 2133/1530/1360 2121/1518/1348 2132/1529/1359
f 2122/1519/1349 2121/1518/1348 2133/1530/1360
f 2131/1528/1358 2130/1527/1357 2134/1531/1361
f 2135/1532/1362 2131/1528/1358 2134/1531/1361
f 2132/1529/1359 2131/1528/1358 2135/1532/1362
f 2133/1530/1360 2132/1529/1359 2136/1533/1363
f 2136/1533/1363 2132/1529/1359 2135/1532/1362
f 2137/1534/1364 2133/1530/1360 2136/1533/1363
f 2110/1507/1337 2122/1519/1349 2138/1535/1365
f 2138/1535/1365 2122/1519/1349 2133/1530/1360
f 2138/1535/1365 2133/1530/1360 2137/1534/1364
f 2139/1536/1317 2138/1535/1365 2137/1534/1364
f 2140/1537/1366 2110/1507/1337 2138/1535/1365
f 2140/1537/1366 2138/1535/1365 2139/1536/1317
f 2111/1508/1338 2110/1507/1337 2140/1537/1366
f 2141/1538/1367 2140/1537/1366 2139/1536/1317
f 2142/1539/1368 2140/1537/1366 2141/1538/1367
f 2142/1539/1368 2111/1508/1338 2140/1537/1366
f 2112/1509/1339 2111/1508/1338 2142/1539/1368
f 2143/1540/1303 2142/1539/1368 2141/1538/1367
f 2144/1541/1369 2112/1509/1339 2142/1539/1368
f 2144/1541/1369 2142/1539/1368 2143/1540/1303
f 2145/1542/1370 2144/1541/1369 2143/1540/1303
f 2146/1543/1371 2147/1544/1372 2148/1545/794
f 2147/1544/1372 2146/1543/1371 2149/1546/1373
f 2150/1547/792 2149/1546/1373 2146/1543/1371
f 2151/1548/791 2149/1546/1373 2150/1547/792
f 2151/1548/791 2152/1549/1374 2149/1546/1373
f 2153/1550/1375 2152/1549/1374 2151/1548/791
f 2154/1551/1213 2155/1552/1376 2156/1553/1377
f 2155/1552/1376 2154/1551/1213 2157/1554/1378
f 2158/1555/1379 2157/1554/1378 2154/1551/1213
f 2159/1556/1268 2157/1554/1378 2158/1555/1379
f 2159/1556/1268 2160/1557/1380 2157/1554/1378
f 2161/1558/1244 2160/1557/1380 2159/1556/1268
f 2162/1559/336 2163/1560/1381 2164/1561/1382
f 2163/1560/1381 2162/1559/336 2165/1562/1383
f 2166/1563/335 2165/1562/1383 2162/1559/336
f 2167/1564/1384 2165/1562/1383 2166/1563/335
f 2167/1564/1384 2168/1565/1385 2165/1562/1383
f 2169/1566/344 2168/1565/1385 2167/1564/1384
s 0
f 2170/1567/280 2171/1568/280 2172/1569/280
f 2173/1570/280 2174/239/280 2175/1571/280
f 2176/1572/280 2173/1570/280 2175/1571/280
f 2177/1573/280 2173/1570/280 2176/1572/280
f 2178/1574/280 2177/1573/280 2176/1572/280
f 2179/236/280 2177/1573/280 2178/1574/280
f 2180/1575/280 2179/236/280 2178/1574/280
f 2181/1576/280 2179/236/280 2180/1575/280
f 2182/1577/280 2181/1576/280 2180/1575/280
f 2183/1578/280 2181/1576/280 2182/1577/280
f 2171/1568/280 2184/1579/280 2172/1569/280
f 2184/1579/280 2183/1578/280 2182/1577/280
f 2171/1568/280 2185/202/280 2184/1579/280
f 2185/202/280 2183/1578/280 2184/1579/280
f 2184/1579/280 2182/1577/280 2186/1580/280
f 2172/1569/280 2184/1579/280 2186/1580/280
f 2176/1572/280 2175/1571/280 2187/1/280
f 2178/1574/280 2176/1572/280 2188/1581/280
f 2188/1581/280 2176/1572/280 2187/1/280
f 2189/1582/280 2178/1574/280 2188/1581/280
f 2180/1575/280 2178/1574/280 2189/1582/280
f 2186/1580/280 2182/1577/280 2190/1583/280
f 2182/1577/280 2180/1575/280 2190/1583/280
f 2190/1583/280 2180/1575/280 2189/1582/280
f 2191/1584/280 2192/1585/280 2193/1586/280
f 2192/1585/280 2194/1587/280 2193/1586/280
f 2194/1587/280 2195/236/280 2193/1586/280
f 2196/216/280 2195/236/280 2194/1587/280
f 2197/1588/280 2196/216/280 2194/1587/280
f 2196/216/280 2197/1588/280 2198/1589/280
f 2199/202/280 2196/216/280 2198/1589/280
f 2200/1590/280 2199/202/280 2198/1589/280
f 2201/1591/280 2200/1590/280 2198/1589/280
f 2202/1568/280 2200/1590/280 2201/1591/280
f 2203/1592/280 2202/1568/280 2201/1591/280
f 2202/1568/280 2203/1592/280 2204/1593/280
f 2205/1594/280 2202/1568/280 2204/1593/280
f 2205/1594/280 2204/1593/280 2206/1595/280
f 2207/1567/280 2205/1594/280 2206/1595/280
f 2208/1596/280 2207/1567/280 2206/1595/280
f 2209/1597/280 2208/1596/280 2206/1595/280
f 2208/1596/280 2209/1597/280 2210/1598/280
f 2211/1583/280 2208/1596/280 2210/1598/280
f 2212/1599/280 2211/1583/280 2210/1598/280
f 2213/1600/280 2212/1599/280 2210/1598/280
f 2212/1599/280 2213/1600/280 2214/1601/280
f 2215/1/280 2212/1599/280 2214/1601/280
f 2216/1602/280 2215/1/280 2214/1601/280
f 2217/1603/280 2216/1602/280 2214/1601/280
f 2218/1571/280 2216/1602/280 2217/1603/280
f 2219/1604/280 2218/1571/280 2217/1603/280
f 2218/1571/280 2219/1604/280 2220/1605/280
f 2221/1606/280 2218/1571/280 2220/1605/280
f 2221/1606/280 2220/1605/280 2222/1607/280
f 2223/239/280 2221/1606/280 2222/1607/280
f 2195/236/280 2224/256/280 2193/1586/280
f 2224/256/280 2223/239/280 2222/1607/280
f 2224/256/280 2225/1608/280 2193/1586/280
f 2225/1608/280 2224/256/280 2222/1607/280
o Object_8
v -0.161222 0.698227 0.165747
v -0.142022 0.692059 0.172436
v -0.161212 0.898502 0.165747
v -0.178917 0.708244 0.159582
v -0.194427 0.721725 0.154178
v -0.207155 0.738150 0.149743
v -0.216612 0.756889 0.146448
v -0.222436 0.777223 0.144418
v -0.224401 0.798368 0.143733
v -0.222433 0.819513 0.144418
v -0.216608 0.839846 0.146448
v -0.207148 0.858584 0.149743
v -0.194419 0.875008 0.154178
v -0.178908 0.888487 0.159582
v -0.122043 0.906751 0.179393
v -0.142011 0.904669 0.172436
v -0.102075 0.904667 0.186350
v -0.082874 0.898498 0.193040
v -0.065179 0.888481 0.199205
v -0.049670 0.875001 0.204608
v -0.036942 0.858575 0.209043
v -0.027484 0.839836 0.212339
v -0.021661 0.819503 0.214368
v -0.019696 0.798357 0.215053
v -0.021663 0.777212 0.214368
v -0.027489 0.756879 0.212339
v -0.036948 0.738141 0.209043
v -0.049678 0.721717 0.204609
v -0.065189 0.708238 0.199205
v -0.082885 0.698223 0.193040
v -0.102086 0.692056 0.186350
v -0.122054 0.689975 0.179393
v 0.065191 0.888486 0.199206
v 0.049680 0.875008 0.204609
v 0.222436 0.777212 0.144419
v 0.082887 0.898502 0.193040
v 0.102088 0.904668 0.186351
v 0.122056 0.906750 0.179394
v 0.142024 0.904666 0.172437
v 0.161225 0.898498 0.165747
v 0.178920 0.888481 0.159582
v 0.194429 0.875000 0.154179
v 0.207157 0.858575 0.149744
v 0.216614 0.839836 0.146449
v 0.222438 0.819503 0.144419
v 0.224403 0.798357 0.143734
v 0.207151 0.738141 0.149744
v 0.216610 0.756879 0.146449
v 0.194421 0.721717 0.154179
v 0.178910 0.708238 0.159583
v 0.161214 0.698223 0.165748
v 0.142013 0.692056 0.172437
v 0.122045 0.689975 0.179394
v 0.102077 0.692058 0.186351
v 0.082877 0.698227 0.193041
v 0.065182 0.708244 0.199206
v 0.049672 0.721724 0.204609
v 0.036944 0.738150 0.209044
v 0.027487 0.756889 0.212340
v 0.021663 0.777222 0.214369
v 0.019698 0.798368 0.215054
v 0.021666 0.819513 0.214369
v 0.027491 0.839845 0.212339
v 0.036951 0.858584 0.209044
v -0.485332 0.260390 -0.190456
v -0.463421 0.272107 -0.180345
v -0.509357 0.253471 -0.200178
v -0.534574 0.251618 -0.209138
v -0.560014 0.254901 -0.216991
v -0.584698 0.263193 -0.223436
v -0.607678 0.276177 -0.228225
v -0.666564 0.362789 -0.228225
v -0.414155 0.407753 -0.132466
v -0.429198 0.307972 -0.160513
v -0.444467 0.288174 -0.170235
v -0.418200 0.330740 -0.151554
v -0.411898 0.355604 -0.143700
v -0.410532 0.381608 -0.137255
v -0.658090 0.337508 -0.231175
v -0.645092 0.314063 -0.232171
v -0.628070 0.293354 -0.231175
v -0.670186 0.388934 -0.223436
v -0.668821 0.414939 -0.216992
v -0.662518 0.439802 -0.209138
v -0.651521 0.462571 -0.200179
v -0.452648 0.477188 -0.129517
v -0.473042 0.494365 -0.132466
v -0.435626 0.456480 -0.128521
v -0.422628 0.433034 -0.129517
v -0.571362 0.517071 -0.160514
v -0.617298 0.498435 -0.180346
v -0.636252 0.482369 -0.190457
v -0.595388 0.510153 -0.170236
v -0.496022 0.507350 -0.137255
v -0.520706 0.515642 -0.143701
v -0.546144 0.518924 -0.151554
v -0.496020 0.507350 -0.502281
v -0.473040 0.494365 -0.507070
v -0.520704 0.515642 -0.495836
v -0.546143 0.518924 -0.487984
v -0.571360 0.517072 -0.479023
v -0.595385 0.510153 -0.469301
v -0.617297 0.498435 -0.459192
v -0.435624 0.456480 -0.511014
v -0.452647 0.477188 -0.510019
v -0.636251 0.482369 -0.449081
v -0.651521 0.462571 -0.439359
v -0.662517 0.439802 -0.430399
v -0.668820 0.414939 -0.422546
v -0.666563 0.362789 -0.411312
v -0.645092 0.314063 -0.407367
v -0.658090 0.337508 -0.408363
v -0.670186 0.388934 -0.416101
v -0.422627 0.433034 -0.510019
v -0.414154 0.407753 -0.507070
v -0.410531 0.381608 -0.502281
v -0.411897 0.355604 -0.495835
v -0.463419 0.272108 -0.459191
v -0.509356 0.253472 -0.439358
v -0.560013 0.254901 -0.422545
v -0.534573 0.251618 -0.430399
v -0.485331 0.260390 -0.449080
v -0.429197 0.307972 -0.479022
v -0.418199 0.330740 -0.487982
v -0.444465 0.288174 -0.469300
v -0.607677 0.276177 -0.411312
v -0.628069 0.293354 -0.408362
v -0.584697 0.263193 -0.416101
v -0.000002 0.626341 0.180832
v 0.002630 0.644091 0.180832
v -0.002051 0.644091 0.180832
v 0.035016 0.626122 0.180832
v 0.032980 0.647656 0.180832
v 0.019386 0.626340 0.180832
v 0.018336 0.648464 0.180832
v 0.029095 0.668414 0.180832
v 0.015729 0.668415 0.180832
v 0.002550 0.668415 0.180832
v 0.019204 0.604215 0.180832
v -0.000003 0.604216 0.180832
v -0.019210 0.604217 0.180832
v -0.019390 0.626342 0.180832
v -0.018325 0.648466 0.180832
v -0.001940 0.668416 0.180832
v -0.015750 0.668416 0.180832
v -0.029116 0.668417 0.180832
v -0.032967 0.647660 0.180832
v -0.035018 0.626125 0.180832
v -0.034725 0.605267 0.180832
v -0.030120 0.586285 0.180832
v -0.015747 0.582714 0.180832
v -0.000004 0.580984 0.180832
v 0.015740 0.582712 0.180832
v 0.030114 0.586281 0.180832
v 0.034721 0.605263 0.180832
vn -0.3290 -0.0000 0.9443
vn 0.3290 -0.0000 0.9443
vn -0.3132 -0.2130 0.9255
vn -0.3132 -0.2129 0.9255
vn -0.3131 -0.2128 0.9256
vn -0.3131 -0.2130 0.9255
vn -0.3133 -0.2129 0.9255
vn -0.3133 -0.2130 0.9255
vn -0.3133 -0.2131 0.9254
vn -0.3131 -0.2129 0.9255
vn -0.3132 -0.2128 0.9255
vn -0.3132 -0.2130 -0.9255
vn -0.3132 -0.2132 -0.9255
vn -0.3132 -0.2129 -0.9255
vn -0.3132 -0.2128 -0.9255
vn -0.3133 -0.2129 -0.9255
vn -0.3131 -0.2129 -0.9255
vn -0.3131 -0.2130 -0.9255
vn -0.3134 -0.2128 -0.9255
vn -0.3133 -0.2131 -0.9254
vn -0.3131 -0.2128 -0.9255
vn -0.0000 -0.0000 1.0000
vt 0.000000 1.000000
vt 0.205492 0.973758
vt 0.250000 0.978142
vt 0.162694 0.960776
vt 0.123251 0.939693
vt 0.088679 0.911321
vt 0.060307 0.876749
vt 0.039224 0.837306
vt 0.039224 0.662694
vt 0.460776 0.837306
vt 0.337306 0.960776
vt 0.294508 0.973758
vt 0.376749 0.939693
vt 0.411321 0.911321
vt 0.439693 0.876749
vt 0.026242 0.705492
vt 0.021858 0.750000
vt 0.026242 0.794508
vt 0.060307 0.623251
vt 0.088679 0.588679
vt 0.123251 0.560307
vt 0.162694 0.539224
vt 0.473758 0.705492
vt 0.460775 0.662694
vt 0.478142 0.750000
vt 0.473758 0.794508
vt 0.337306 0.539224
vt 0.250000 0.521858
vt 0.205492 0.526242
vt 0.294508 0.526242
vt 0.439693 0.623251
vt 0.411321 0.588679
vt 0.376749 0.560307
vt 0.500000 0.500000
vt 0.500000 0.250000
vt 0.471951 0.250000
vt 0.962543 0.503174
vt 0.960622 0.253765
vt 0.750000 0.500000
vt 0.750000 0.250000
vt 0.959535 0.040752
vt 0.748434 0.040752
vt 0.500000 0.040752
vt 0.750000 0.750000
vt 0.500000 0.750000
vt 0.250000 0.750000
vt 0.250000 0.500000
vt 0.250000 0.250000
vt 0.469536 0.040752
vt 0.251566 0.040752
vt 0.040465 0.040752
vt 0.039378 0.253765
vt 0.037312 0.503174
vt 0.036557 0.744757
vt 0.043729 0.959265
vt 0.260860 0.965406
vt 0.500000 0.967731
vt 0.739140 0.965406
vt 0.956271 0.959265
vt 0.963443 0.744757
s 0
usemtl paper
f 2226/1609/1386 2227/1609/1386 2228/1609/1386
f 2229/1609/1386 2226/1609/1386 2228/1609/1386
f 2230/1609/1386 2229/1609/1386 2228/1609/1386
f 2231/1609/1386 2230/1609/1386 2228/1609/1386
f 2232/1609/1386 2231/1609/1386 2228/1609/1386
f 2233/1609/1386 2232/1609/1386 2228/1609/1386
f 2234/1609/1386 2233/1609/1386 2228/1609/1386
f 2235/1609/1386 2234/1609/1386 2228/1609/1386
f 2236/1609/1386 2235/1609/1386 2228/1609/1386
f 2237/1609/1386 2236/1609/1386 2228/1609/1386
f 2238/1609/1386 2237/1609/1386 2228/1609/1386
f 2239/1609/1386 2238/1609/1386 2228/1609/1386
f 2240/1609/1386 2241/1609/1386 2228/1609/1386
f 2242/1609/1386 2240/1609/1386 2228/1609/1386
f 2243/1609/1386 2242/1609/1386 2228/1609/1386
f 2244/1609/1386 2243/1609/1386 2228/1609/1386
f 2245/1609/1386 2244/1609/1386 2228/1609/1386
f 2246/1609/1386 2245/1609/1386 2228/1609/1386
f 2247/1609/1386 2246/1609/1386 2228/1609/1386
f 2248/1609/1386 2247/1609/1386 2228/1609/1386
f 2249/1609/1386 2248/1609/1386 2228/1609/1386
f 2250/1609/1386 2249/1609/1386 2228/1609/1386
f 2251/1609/1386 2250/1609/1386 2228/1609/1386
f 2252/1609/1386 2251/1609/1386 2228/1609/1386
f 2253/1609/1386 2252/1609/1386 2228/1609/1386
f 2254/1609/1386 2253/1609/1386 2228/1609/1386
f 2255/1609/1386 2254/1609/1386 2228/1609/1386
f 2256/1609/1386 2255/1609/1386 2228/1609/1386
f 2227/1609/1386 2257/1609/1386 2228/1609/1386
f 2257/1609/1386 2256/1609/1386 2228/1609/1386
f 2258/1609/1387 2259/1609/1387 2260/1609/1387
f 2261/1609/1387 2258/1609/1387 2260/1609/1387
f 2262/1609/1387 2261/1609/1387 2260/1609/1387
f 2263/1609/1387 2262/1609/1387 2260/1609/1387
f 2264/1609/1387 2263/1609/1387 2260/1609/1387
f 2265/1609/1387 2264/1609/1387 2260/1609/1387
f 2266/1609/1387 2265/1609/1387 2260/1609/1387
f 2267/1609/1387 2266/1609/1387 2260/1609/1387
f 2268/1609/1387 2267/1609/1387 2260/1609/1387
f 2269/1609/1387 2268/1609/1387 2260/1609/1387
f 2270/1609/1387 2269/1609/1387 2260/1609/1387
f 2271/1609/1387 2270/1609/1387 2260/1609/1387
s 1
f 2272/1609/1387 2273/1609/1387 2260/1609/1387
s 0
f 2274/1609/1387 2272/1609/1387 2260/1609/1387
f 2275/1609/1387 2274/1609/1387 2260/1609/1387
f 2276/1609/1387 2275/1609/1387 2260/1609/1387
f 2277/1609/1387 2276/1609/1387 2260/1609/1387
f 2278/1609/1387 2277/1609/1387 2260/1609/1387
f 2279/1609/1387 2278/1609/1387 2260/1609/1387
f 2280/1609/1387 2279/1609/1387 2260/1609/1387
f 2281/1609/1387 2280/1609/1387 2260/1609/1387
f 2282/1609/1387 2281/1609/1387 2260/1609/1387
f 2283/1609/1387 2282/1609/1387 2260/1609/1387
s 1
f 2284/1609/1387 2283/1609/1387 2260/1609/1387
f 2285/1609/1387 2284/1609/1387 2260/1609/1387
s 0
f 2286/1609/1387 2285/1609/1387 2260/1609/1387
f 2287/1609/1387 2286/1609/1387 2260/1609/1387
f 2288/1609/1387 2287/1609/1387 2260/1609/1387
f 2259/1609/1387 2289/1609/1387 2260/1609/1387
f 2289/1609/1387 2288/1609/1387 2260/1609/1387
s 1
f 2290/1610/1388 2291/1611/1388 2292/1612/1388
s 0
f 2293/1613/1389 2292/1612/1389 2294/1614/1389
f 2295/1615/1390 2294/1614/1390 2296/1616/1390
f 2294/1614/1389 2297/1617/1389 2296/1616/1389
f 2292/1612/1389 2297/1617/1389 2294/1614/1389
f 2291/1611/1389 2298/1618/1389 2292/1612/1389
f 2292/1612/1389 2298/1618/1389 2297/1617/1389
s 1
f 2299/1619/1389 2298/1618/1389 2291/1611/1389
s 0
f 2300/1620/1391 2299/1619/1391 2291/1611/1391
f 2301/1621/1389 2298/1618/1389 2299/1619/1389
f 2302/1622/1389 2298/1618/1389 2301/1621/1389
s 1
f 2303/1623/1392 2298/1618/1392 2302/1622/1392
s 0
f 2304/1624/1393 2296/1616/1393 2297/1617/1393
f 2305/1625/1389 2296/1616/1389 2304/1624/1389
f 2306/1626/1394 2296/1616/1394 2305/1625/1394
s 1
f 2307/1627/1389 2297/1617/1389 2308/1628/1389
s 0
f 2308/1628/1389 2297/1617/1389 2309/1629/1389
f 2309/1629/1389 2297/1617/1389 2310/1630/1389
f 2311/1631/1388 2312/1632/1388 2313/1633/1388
f 2314/1634/1389 2312/1632/1389 2298/1618/1389
f 2313/1633/1395 2312/1632/1395 2314/1634/1395
f 2297/1617/1389 2298/1618/1389 2315/1635/1389
f 2312/1632/1389 2315/1635/1389 2298/1618/1389
f 2310/1630/1389 2297/1617/1389 2316/1636/1389
f 2316/1636/1389 2297/1617/1389 2315/1635/1389
f 2317/1637/1392 2310/1630/1392 2316/1636/1392
f 2318/1638/1396 2316/1636/1396 2315/1635/1396
f 2319/1639/1389 2320/1640/1389 2312/1632/1389
f 2320/1640/1389 2315/1635/1389 2312/1632/1389
f 2321/1641/1389 2315/1635/1389 2320/1640/1389
s 1
f 2322/1639/1397 2323/1632/1397 2324/1640/1397
s 0
f 2325/1641/1398 2324/1640/1398 2326/1635/1398
f 2326/1635/1397 2324/1640/1397 2327/1638/1397
f 2323/1632/1399 2328/1636/1399 2324/1640/1399
f 2327/1638/1400 2324/1640/1400 2328/1636/1400
f 2329/1633/1399 2328/1636/1399 2323/1632/1399
f 2330/1631/1397 2329/1633/1397 2323/1632/1397
f 2331/1637/1401 2328/1636/1401 2332/1630/1401
f 2332/1630/1399 2328/1636/1399 2333/1629/1399
f 2333/1629/1397 2328/1636/1397 2334/1628/1397
f 2334/1628/1399 2328/1636/1399 2335/1617/1399
f 2335/1617/1399 2328/1636/1399 2336/1625/1399
f 2337/1624/1402 2335/1617/1402 2336/1625/1402
s 1
f 2338/1627/1402 2334/1628/1402 2335/1617/1402
s 0
f 2339/1634/1399 2340/1618/1399 2329/1633/1399
f 2341/1623/1401 2329/1633/1401 2340/1618/1401
f 2342/1622/1399 2328/1636/1399 2329/1633/1399
f 2342/1622/1399 2329/1633/1399 2341/1623/1399
f 2336/1625/1399 2328/1636/1399 2343/1611/1399
f 2343/1611/1399 2328/1636/1399 2342/1622/1399
f 2344/1612/1399 2336/1625/1399 2343/1611/1399
f 2345/1614/1399 2336/1625/1399 2344/1612/1399
f 2346/1613/1399 2345/1614/1399 2344/1612/1399
f 2347/1610/1399 2344/1612/1399 2343/1611/1399
f 2348/1619/1399 2343/1611/1399 2342/1622/1399
f 2349/1621/1399 2348/1619/1399 2342/1622/1399
s 1
f 2350/1620/1403 2343/1611/1403 2348/1619/1404
s 0
f 2351/1616/1399 2336/1625/1399 2345/1614/1399
f 2352/1626/1405 2336/1625/1405 2351/1616/1405
f 2353/1615/1406 2351/1616/1406 2345/1614/1406
f 2354/1642/1407 2355/1643/1407 2356/1644/1407
f 2357/1645/1407 2358/1646/1407 2359/1647/1407
f 2355/1643/1407 2354/1642/1407 2359/1647/1407
f 2358/1646/1407 2360/1648/1407 2359/1647/1407
f 2360/1648/1407 2355/1643/1407 2359/1647/1407
f 2358/1646/1407 2361/1649/1407 2360/1648/1407
f 2361/1649/1407 2362/1650/1407 2360/1648/1407
f 2363/1651/1407 2355/1643/1407 2360/1648/1407
f 2362/1650/1407 2363/1651/1407 2360/1648/1407
f 2359/1647/1407 2354/1642/1407 2364/1652/1407
f 2354/1642/1407 2365/1653/1407 2364/1652/1407
f 2365/1653/1407 2354/1642/1407 2366/1654/1407
f 2354/1642/1407 2367/1655/1407 2366/1654/1407
f 2367/1655/1407 2354/1642/1407 2356/1644/1407
f 2368/1656/1407 2367/1655/1407 2356/1644/1407
f 2356/1644/1407 2369/1657/1407 2368/1656/1407
f 2369/1657/1407 2370/1658/1407 2368/1656/1407
f 2370/1658/1407 2371/1659/1407 2368/1656/1407
f 2368/1656/1407 2372/1660/1407 2367/1655/1407
f 2371/1659/1407 2372/1660/1407 2368/1656/1407
f 2372/1660/1407 2373/1661/1407 2367/1655/1407
f 2366/1654/1407 2367/1655/1407 2374/1662/1407
f 2367/1655/1407 2373/1661/1407 2374/1662/1407
f 2366/1654/1407 2374/1662/1407 2375/1663/1407
f 2376/1664/1407 2366/1654/1407 2375/1663/1407
f 2365/1653/1407 2366/1654/1407 2376/1664/1407
f 2377/1665/1407 2365/1653/1407 2376/1664/1407
f 2364/1652/1407 2365/1653/1407 2378/1666/1407
f 2365/1653/1407 2377/1665/1407 2378/1666/1407
f 2364/1652/1407 2378/1666/1407 2379/1667/1407
f 2359/1647/1407 2364/1652/1407 2380/1668/1407
f 2357/1645/1407 2359/1647/1407 2380/1668/1407
f 2380/1668/1407 2364/1652/1407 2379/1667/1407
o Object_10
v 0.119457 0.425704 0.170947
v 0.057813 0.387073 0.184333
v 0.057813 0.382694 0.171698
v 0.119457 0.421326 0.158312
v 0.000000 0.193463 0.188213
v -0.142522 0.192870 0.142522
v -0.188213 0.193463 -0.000000
v 0.000000 0.178144 0.000000
v -0.142522 0.192870 -0.142522
v 0.142522 0.192870 0.142522
v 0.188213 0.193463 0.000000
v 0.000000 0.193463 -0.188213
v 0.142522 0.192870 -0.142522
v 0.000000 0.372449 -0.150437
v 0.114285 0.372311 -0.114285
v 0.000000 0.279697 -0.169955
v -0.169955 0.279697 -0.000000
v -0.188213 0.193463 -0.000000
v -0.142522 0.192870 0.142522
v -0.129049 0.279579 0.129049
v -0.150437 0.372449 -0.000000
v -0.114285 0.372311 0.114285
v 0.000000 0.279697 0.169955
v -0.000000 0.372449 0.150437
v 0.129049 0.279579 0.129049
v 0.114285 0.372311 0.114286
v 0.169955 0.279698 0.000000
v 0.150437 0.372449 0.000000
v 0.129049 0.279579 -0.129049
v 0.000000 0.193463 -0.188213
v 0.142522 0.192870 -0.142522
v 0.188213 0.193463 0.000000
v 0.142522 0.192870 0.142522
v 0.000000 0.193463 0.188213
v -0.129049 0.279579 -0.129049
v -0.142522 0.192870 -0.142522
v -0.114285 0.372311 -0.114286
v -0.096358 0.465147 -0.096359
v -0.126740 0.465296 -0.000000
v -0.096358 0.465147 0.096358
v -0.000000 0.465296 0.126740
v 0.096358 0.465147 0.096359
v 0.126740 0.465296 0.000000
v 0.096358 0.465147 -0.096359
v 0.000000 0.465296 -0.126741
v 0.104870 0.554064 -0.000000
v 0.079412 0.554419 -0.079412
v 0.000000 0.554064 -0.104870
v 0.000000 0.279697 -0.169955
v 0.000000 0.193463 -0.188213
v 0.000000 0.372449 -0.150437
v 0.000000 0.465296 -0.126741
v 0.000000 0.554064 -0.104870
v -0.079411 0.554419 -0.079412
v -0.104869 0.554065 -0.000001
v -0.079411 0.554420 0.079411
v 0.000000 0.554065 0.104870
v 0.079412 0.554419 0.079412
v -0.018842 0.533108 0.126471
v 0.057813 0.382694 0.171698
v 0.057813 0.387073 0.184333
v -0.018842 0.533221 0.126797
v 0.004708 0.547866 0.121357
v 0.119457 0.421326 0.158312
v 0.057813 0.382694 0.171698
v -0.018842 0.533108 0.126471
v 0.004708 0.547979 0.121684
v 0.119457 0.425704 0.170947
v 0.119457 0.421326 0.158312
v 0.004708 0.547866 0.121357
v -0.018842 0.533221 0.126797
v 0.057813 0.387073 0.184333
v 0.119457 0.425704 0.170947
v 0.004708 0.547979 0.121684
v 0.085604 0.014483 0.000000
v 0.085604 0.011461 -0.049968
v 0.125415 0.011124 -0.039812
v 0.135572 0.011461 -0.000000
v 0.035636 0.011461 0.000000
v 0.045792 0.011124 -0.039811
v 0.045792 0.011124 0.039812
v 0.085604 0.011461 0.049968
v 0.125416 0.011124 0.039812
v 0.000000 0.554065 0.104870
v 0.079412 0.554419 0.079412
v 0.104870 0.554064 -0.000000
v 0.000000 0.560258 -0.000000
v 0.079412 0.554419 -0.079412
v 0.000000 0.554064 -0.104870
v -0.104869 0.554065 -0.000001
v -0.079411 0.554419 -0.079412
v -0.079411 0.554420 0.079411
v -0.085604 0.014483 0.000000
v -0.135572 0.011461 0.000000
v -0.125415 0.011124 -0.039812
v -0.085604 0.011461 -0.049968
v -0.085604 0.011461 0.049968
v -0.125415 0.011124 0.039812
v -0.045792 0.011124 0.039812
v -0.035636 0.011461 0.000000
v -0.045792 0.011124 -0.039811
v -0.085604 0.218345 -0.064826
v -0.085604 0.011461 -0.049968
v -0.125415 0.011124 -0.039812
v -0.137550 0.218431 -0.051947
v -0.135572 0.011461 0.000000
v -0.150430 0.218345 -0.000000
v -0.125415 0.011124 0.039812
v -0.137550 0.218431 0.051946
v -0.085604 0.011461 0.049968
v -0.085604 0.218345 0.064826
v -0.045792 0.011124 0.039812
v -0.033658 0.218431 0.051946
v -0.035636 0.011461 0.000000
v -0.020778 0.218345 -0.000000
v -0.045792 0.011124 -0.039811
v -0.033658 0.218431 -0.051946
v -0.085604 0.011461 -0.049968
v -0.085604 0.218345 -0.064826
v -0.143994 0.217607 -0.058390
v -0.085604 0.217606 -0.073947
v -0.085604 0.218345 -0.064826
v -0.137550 0.218431 -0.051947
v -0.159550 0.217606 -0.000000
v -0.150430 0.218345 -0.000000
v -0.143994 0.217607 0.058390
v -0.137550 0.218431 0.051946
v -0.085604 0.217606 0.073947
v -0.085604 0.218345 0.064826
v -0.027214 0.217607 0.058390
v -0.033658 0.218431 0.051946
v -0.011657 0.217606 -0.000000
v -0.020778 0.218345 -0.000000
v -0.027214 0.217607 -0.058390
v -0.033658 0.218431 -0.051946
v -0.085604 0.217606 -0.073947
v -0.085604 0.218345 -0.064826
v 0.027214 0.217607 -0.058390
v 0.085604 0.217606 -0.073947
v 0.085604 0.218345 -0.064826
v 0.033658 0.218431 -0.051946
v 0.011657 0.217606 0.000000
v 0.020778 0.218345 0.000000
v 0.027214 0.217607 0.058390
v 0.033658 0.218431 0.051946
v 0.085604 0.217607 0.073947
v 0.085604 0.218345 0.064826
v 0.143994 0.217607 0.058390
v 0.137550 0.218431 0.051947
v 0.159550 0.217607 0.000000
v 0.150430 0.218345 0.000000
v 0.143994 0.217607 -0.058390
v 0.137550 0.218431 -0.051946
v 0.085604 0.217606 -0.073947
v 0.085604 0.218345 -0.064826
v 0.033658 0.218431 -0.051946
v 0.085604 0.218345 -0.064826
v 0.085604 0.011461 -0.049968
v 0.045792 0.011124 -0.039811
v 0.020778 0.218345 0.000000
v 0.035636 0.011461 0.000000
v 0.033658 0.218431 0.051946
v 0.045792 0.011124 0.039812
v 0.085604 0.218345 0.064826
v 0.085604 0.011461 0.049968
v 0.137550 0.218431 0.051947
v 0.125416 0.011124 0.039812
v 0.150430 0.218345 0.000000
v 0.135572 0.011461 -0.000000
v 0.137550 0.218431 -0.051946
v 0.125415 0.011124 -0.039812
v 0.085604 0.218345 -0.064826
v 0.085604 0.011461 -0.049968
v -0.018842 0.533221 0.126797
v 0.004708 0.547979 0.121684
v 0.004708 0.547866 0.121357
v -0.018842 0.533108 0.126471
v -0.204318 0.699060 -0.000010
v -0.161285 0.634735 -0.000009
v -0.151409 0.642831 0.077728
v -0.190379 0.703242 0.081809
v -0.132107 0.658802 0.126331
v -0.215567 0.792612 -0.000011
v -0.195417 0.887901 -0.000011
v -0.200950 0.792139 0.084121
v -0.150146 0.708033 0.141304
v -0.078872 0.642515 0.142624
v -0.084518 0.613194 0.082637
v -0.089126 0.603685 -0.000010
v 0.000000 0.603634 0.086429
v 0.000001 0.595600 -0.000010
v 0.084519 0.613194 0.082637
v 0.089128 0.603685 -0.000009
v 0.151409 0.642831 0.077729
v 0.161286 0.634735 -0.000008
v 0.190380 0.703242 0.081810
v 0.204319 0.699060 -0.000009
v 0.200951 0.792138 0.084123
v -0.157437 0.791600 0.146173
v -0.083611 0.702671 0.172899
v 0.000000 0.634310 0.150581
v 0.078872 0.642515 0.142625
v 0.132107 0.658801 0.126332
v 0.150147 0.708033 0.141305
v 0.157437 0.791600 0.146174
v 0.144467 0.877185 0.135276
v 0.182596 0.882939 0.078159
v 0.123315 0.932433 0.117705
v 0.139582 0.950899 0.071614
v 0.072687 0.951259 0.131870
v 0.086685 0.792140 0.178212
v 0.083612 0.702671 0.172899
v 0.080182 0.883516 0.165089
v 0.075410 0.989385 0.074426
v 0.000001 0.960612 0.138781
v 0.000001 1.002180 0.077422
v -0.072686 0.951259 0.131869
v -0.075407 0.989385 0.074426
v -0.123313 0.932433 0.117704
v -0.139580 0.950899 0.071613
v -0.144465 0.877185 0.135275
v -0.182594 0.882939 0.078157
v -0.086685 0.792140 0.178211
v 0.000000 0.698347 0.182624
v 0.000001 0.888627 0.174058
v 0.000000 0.792611 0.186474
v -0.080181 0.883516 0.165088
v 0.215569 0.792611 -0.000010
v 0.195420 0.887901 -0.000010
v 0.147725 0.960121 -0.000007
v 0.078546 1.002102 -0.000006
v 0.000001 1.015675 -0.000008
v -0.078543 1.002102 -0.000007
v -0.147722 0.960122 -0.000008
v 0.190321 0.703295 -0.083006
v 0.151372 0.642872 -0.078621
v 0.131862 0.659054 -0.131861
v -0.147722 0.960122 -0.000008
v -0.139542 0.950848 -0.072455
v -0.195417 0.887901 -0.000011
v -0.075373 0.989327 -0.075375
v -0.078543 1.002102 -0.000007
v 0.000002 1.002103 -0.078543
v 0.000001 1.015675 -0.000008
v 0.075376 0.989326 -0.075374
v 0.078546 1.002102 -0.000006
v 0.139545 0.950848 -0.072454
v 0.147725 0.960121 -0.000007
v 0.182536 0.882893 -0.079598
v 0.195420 0.887901 -0.000010
v 0.200867 0.792148 -0.085985
v 0.215569 0.792611 -0.000010
v 0.149729 0.708311 -0.149727
v 0.078624 0.642872 -0.151370
v 0.000002 0.960121 -0.147724
v 0.072457 0.950848 -0.139543
v 0.123060 0.932154 -0.123058
v 0.144061 0.876917 -0.144059
v 0.156937 0.791614 -0.156935
v 0.083008 0.703295 -0.190320
v 0.000001 0.634734 -0.161284
v 0.000002 0.699064 -0.204320
v -0.078622 0.642872 -0.151371
v -0.083005 0.703296 -0.190321
v -0.131860 0.659054 -0.131862
v -0.149726 0.708312 -0.149728
v 0.000002 0.887900 -0.195420
v -0.079597 0.882894 -0.182535
v -0.085984 0.792148 -0.200866
v 0.000002 0.792613 -0.215568
v 0.085988 0.792148 -0.200866
v 0.079601 0.882893 -0.182534
v -0.072453 0.950848 -0.139544
v -0.156934 0.791615 -0.156936
v -0.144058 0.876918 -0.144060
v -0.123057 0.932155 -0.123059
v 0.084479 0.613231 -0.084477
v 0.000001 0.603684 -0.089123
v -0.084477 0.613231 -0.084478
v -0.151370 0.642872 -0.078623
v -0.190319 0.703296 -0.083007
v -0.200864 0.792148 -0.085986
v -0.182533 0.882894 -0.079600
v 0.204319 0.699060 -0.000009
v 0.161286 0.634735 -0.000008
v 0.089128 0.603685 -0.000009
v 0.000001 0.595600 -0.000010
v -0.089126 0.603685 -0.000010
v -0.161285 0.634735 -0.000009
v -0.204318 0.699060 -0.000010
v -0.215567 0.792612 -0.000011
vn 0.5527 -0.7874 0.2729
vn -0.0132 -0.9978 0.0647
vn 0.0061 -1.0000 -0.0061
vn -0.0647 -0.9978 0.0132
vn -0.0000 -1.0000 -0.0000
vn -0.0515 -0.9973 -0.0515
vn 0.0515 -0.9973 0.0515
vn 0.0647 -0.9978 -0.0132
vn 0.0132 -0.9978 -0.0647
vn -0.0061 -1.0000 0.0061
vn -0.0001 0.2256 -0.9742
vn 0.6865 0.2402 -0.6863
vn -0.0007 0.2059 -0.9786
vn -0.9786 0.2059 0.0008
vn -0.9785 0.2060 0.0011
vn -0.6912 0.2158 0.6897
vn -0.6907 0.2177 0.6896
vn -0.9742 0.2256 0.0002
vn -0.6865 0.2402 0.6863
vn 0.0008 0.2059 0.9786
vn 0.0002 0.2256 0.9742
vn 0.6896 0.2177 0.6907
vn 0.6863 0.2402 0.6865
vn 0.9786 0.2059 -0.0008
vn 0.9742 0.2256 -0.0002
vn 0.6907 0.2177 -0.6896
vn -0.0011 0.2060 -0.9785
vn 0.6912 0.2158 -0.6897
vn 0.9785 0.2060 -0.0011
vn 0.6897 0.2158 0.6912
vn 0.0011 0.2060 0.9785
vn -0.6896 0.2177 -0.6907
vn -0.6897 0.2158 -0.6912
vn -0.6863 0.2402 -0.6865
vn -0.6827 0.2613 -0.6824
vn -0.9698 0.2437 -0.0002
vn -0.6824 0.2613 0.6827
vn -0.0002 0.2437 0.9698
vn 0.6827 0.2613 0.6824
vn 0.9698 0.2437 0.0002
vn 0.6824 0.2613 -0.6827
vn 0.0002 0.2437 -0.9698
vn 0.9707 0.2401 0.0010
vn 0.6824 0.2584 -0.6838
vn 0.0010 0.2401 -0.9707
vn -0.0008 0.2059 -0.9786
vn -0.0012 0.2060 -0.9785
vn -0.0003 0.2256 -0.9742
vn 0.0009 0.2401 -0.9708
vn -0.6838 0.2584 -0.6824
vn -0.9707 0.2401 -0.0010
vn -0.6824 0.2584 0.6838
vn -0.0010 0.2401 0.9707
vn 0.6838 0.2584 0.6824
vn -0.8985 -0.4149 0.1433
vn -0.8985 -0.4147 0.1437
vn -0.8985 -0.4145 0.1442
vn -0.0208 -0.2976 -0.9545
vn 0.7537 0.6208 -0.2157
vn 0.7539 0.6208 -0.2151
vn 0.7538 0.6209 -0.2150
vn -0.0208 0.3568 0.9340
vn 0.0083 -0.9987 0.0504
vn -0.0421 -0.9982 0.0421
vn -0.0504 -0.9987 -0.0083
vn 0.0504 -0.9987 0.0083
vn 0.0114 -0.9999 0.0114
vn 0.0421 -0.9982 -0.0421
vn -0.0083 -0.9987 -0.0504
vn -0.0114 -0.9999 -0.0114
vn 0.0099 0.9989 0.0466
vn -0.0066 1.0000 -0.0066
vn 0.0466 0.9989 0.0099
vn -0.0000 1.0000 -0.0000
vn 0.0367 0.9987 -0.0367
vn -0.0099 0.9989 -0.0466
vn -0.0466 0.9989 -0.0099
vn 0.0066 1.0000 0.0066
vn -0.0367 0.9987 0.0367
vn 0.0504 -0.9987 -0.0083
vn 0.0421 -0.9982 0.0421
vn -0.0083 -0.9987 0.0504
vn 0.0083 -0.9987 -0.0504
vn 0.0114 -0.9999 -0.0114
vn -0.0421 -0.9982 -0.0421
vn -0.0504 -0.9987 0.0083
vn -0.0114 -0.9999 0.0114
vn -0.0004 -0.0722 -0.9974
vn -0.0005 -0.0723 -0.9974
vn -0.7044 -0.0817 -0.7051
vn -0.7045 -0.0819 -0.7050
vn -0.9974 -0.0723 0.0005
vn -0.9974 -0.0722 0.0004
vn -0.7051 -0.0817 0.7044
vn -0.7050 -0.0819 0.7045
vn 0.0005 -0.0723 0.9974
vn 0.0004 -0.0722 0.9974
vn 0.7044 -0.0817 0.7051
vn 0.7045 -0.0819 0.7050
vn 0.9974 -0.0723 -0.0005
vn 0.9974 -0.0722 -0.0004
vn 0.7051 -0.0817 -0.7044
vn 0.7050 -0.0819 -0.7045
vn -0.0004 -0.0723 -0.9974
vn -0.0003 -0.0722 -0.9974
vn 0.0621 -0.9961 0.0634
vn 0.0011 -0.9967 0.0818
vn 0.0017 -0.9967 0.0815
vn 0.0615 -0.9960 0.0647
vn 0.0818 -0.9967 -0.0011
vn 0.0815 -0.9967 -0.0017
vn 0.0634 -0.9961 -0.0621
vn 0.0647 -0.9960 -0.0615
vn -0.0011 -0.9967 -0.0818
vn -0.0017 -0.9967 -0.0815
vn -0.0621 -0.9961 -0.0634
vn -0.0615 -0.9960 -0.0647
vn -0.0818 -0.9967 0.0011
vn -0.0815 -0.9967 0.0017
vn -0.0634 -0.9961 0.0621
vn -0.0647 -0.9960 0.0615
vn -0.0817 -0.9967 0.0011
vn 0.0016 -0.9967 0.0815
vn -0.7050 -0.0819 -0.7045
vn 0.0003 -0.0722 -0.9974
vn 0.0004 -0.0723 -0.9974
vn -0.7051 -0.0817 -0.7044
vn -0.9974 -0.0722 -0.0004
vn -0.9974 -0.0723 -0.0005
vn -0.7045 -0.0819 0.7050
vn -0.7044 -0.0817 0.7051
vn -0.0004 -0.0722 0.9974
vn -0.0005 -0.0723 0.9974
vn 0.7050 -0.0819 0.7045
vn 0.7051 -0.0817 0.7044
vn 0.9974 -0.0722 0.0004
vn 0.9974 -0.0723 0.0005
vn 0.7045 -0.0819 -0.7050
vn 0.7044 -0.0817 -0.7051
vn 0.0004 -0.0722 -0.9974
vn 0.0005 -0.0723 -0.9974
vn -0.5528 0.7874 -0.2730
vn -0.5527 0.7874 -0.2731
vn -0.5527 0.7871 -0.2737
vn -0.5528 0.7876 -0.2721
vn -0.9384 -0.3456 0.0005
vn -0.6458 -0.7635 -0.0026
vn -0.6208 -0.7248 0.2989
vn -0.8790 -0.3166 0.3565
vn -0.5188 -0.5925 0.6163
vn -0.9990 0.0441 0.0014
vn -0.9229 0.3850 0.0014
vn -0.9244 0.0445 0.3788
vn -0.6272 -0.2583 0.7348
vn -0.2660 -0.6824 0.6809
vn -0.2629 -0.9218 0.2850
vn -0.2538 -0.9672 -0.0047
vn 0.0056 -0.9621 0.2726
vn -0.0000 -1.0000 0.0011
vn 0.2585 -0.9245 0.2803
vn 0.2537 -0.9673 0.0068
vn 0.6245 -0.7194 0.3040
vn 0.6459 -0.7634 0.0039
vn 0.8740 -0.3228 0.3631
vn 0.9384 -0.3455 0.0012
vn 0.9243 0.0435 0.3791
vn -0.6442 0.0480 0.7634
vn -0.2765 -0.2607 0.9250
vn 0.0036 -0.7130 0.7012
vn 0.2560 -0.6869 0.6801
vn 0.5485 -0.5858 0.5967
vn 0.6336 -0.2597 0.7288
vn 0.6442 0.0408 0.7638
vn 0.6170 0.3096 0.7235
vn 0.8632 0.3595 0.3544
vn 0.5308 0.5746 0.6229
vn 0.6530 0.6872 0.3186
vn 0.2861 0.6407 0.7125
vn 0.2648 0.0389 0.9635
vn 0.2709 -0.2525 0.9289
vn 0.2747 0.3026 0.9127
vn 0.3305 0.8747 0.3545
vn -0.0012 0.6616 0.7499
vn -0.0001 0.9284 0.3716
vn -0.2750 0.6389 0.7185
vn -0.3268 0.8780 0.3498
vn -0.5630 0.5563 0.6112
vn -0.6617 0.6784 0.3191
vn -0.6210 0.3115 0.7192
vn -0.8584 0.3653 0.3601
vn -0.2646 0.0499 0.9631
vn 0.0041 -0.2562 0.9666
vn -0.0044 0.2950 0.9555
vn 0.0001 0.0439 0.9990
vn -0.2699 0.2959 0.9163
vn 0.9990 0.0439 0.0011
vn 0.9229 0.3850 0.0008
vn 0.6933 0.7207 -0.0002
vn 0.3491 0.9371 -0.0000
vn -0.0000 1.0000 0.0007
vn -0.3491 0.9371 0.0013
vn -0.6934 0.7206 0.0014
vn 0.8856 -0.3212 -0.3355
vn 0.6251 -0.7272 -0.2836
vn 0.5445 -0.6134 -0.5721
vn -0.6934 0.7206 0.0013
vn -0.6571 0.6905 -0.3025
vn -0.9229 0.3850 0.0013
vn -0.3338 0.8816 -0.3338
vn -0.3491 0.9371 0.0012
vn 0.0006 0.9371 -0.3491
vn -0.0000 1.0000 0.0006
vn 0.3301 0.8844 -0.3301
vn 0.6642 0.6835 -0.3028
vn 0.8660 0.3696 -0.3368
vn 0.9229 0.3850 0.0007
vn 0.9345 0.0429 -0.3534
vn 0.9990 0.0439 0.0010
vn 0.6729 -0.2873 -0.6817
vn 0.2910 -0.7209 -0.6290
vn -0.0004 0.7207 -0.6933
vn 0.2973 0.6889 -0.6611
vn 0.5853 0.5867 -0.5597
vn 0.6691 0.3377 -0.6621
vn 0.7066 0.0428 -0.7063
vn 0.3405 -0.3278 -0.8813
vn -0.0016 -0.7634 -0.6459
vn 0.0002 -0.3456 -0.9384
vn -0.2803 -0.7299 -0.6234
vn -0.3355 -0.3212 -0.8856
vn -0.5727 -0.6124 -0.5450
vn -0.6817 -0.2873 -0.6729
vn -0.0002 0.3851 -0.9229
vn -0.3367 0.3696 -0.8660
vn -0.3534 0.0430 -0.9345
vn -0.0002 0.0439 -0.9990
vn 0.3534 0.0438 -0.9344
vn 0.3324 0.3641 -0.8700
vn -0.3080 0.6851 -0.6601
vn -0.7063 0.0428 -0.7066
vn -0.6621 0.3377 -0.6691
vn -0.5537 0.5981 -0.5794
vn 0.2665 -0.9262 -0.2665
vn -0.0059 -0.9672 -0.2539
vn -0.2626 -0.9285 -0.2626
vn -0.6273 -0.7236 -0.2878
vn -0.8813 -0.3278 -0.3405
vn -0.9344 0.0438 -0.3534
vn -0.8700 0.3641 -0.3324
vn 0.9384 -0.3455 0.0011
vn 0.2537 -0.9673 0.0067
vn -0.0000 -1.0000 0.0010
vn -0.2538 -0.9672 -0.0048
vn -0.6458 -0.7635 -0.0027
vn -0.9384 -0.3455 0.0005
vn -0.9990 0.0441 0.0013
vt 0.705545 0.422585
vt 0.774688 0.436541
vt 0.778631 0.417006
vt 0.709488 0.403049
vt 0.880891 0.000223
vt 0.778005 0.000223
vt 0.717922 0.083743
vt 0.841167 0.123468
vt 0.717922 0.186630
vt 0.964411 0.060306
vt 0.964411 0.163193
vt 0.801442 0.246713
vt 0.904328 0.246713
vt 0.095383 0.314148
vt 0.145927 0.380889
vt 0.144061 0.272937
vt 0.238099 0.798339
vt 0.297135 0.820112
vt 0.325992 0.720117
vt 0.264445 0.709084
vt 0.179780 0.776662
vt 0.203429 0.698100
vt 0.270800 0.616371
vt 0.208765 0.616371
vt 0.264444 0.523657
vt 0.203429 0.534641
vt 0.238098 0.434402
vt 0.179780 0.456080
vt 0.199879 0.349241
vt 0.193403 0.232964
vt 0.254304 0.317775
vt 0.297135 0.412629
vt 0.325992 0.512624
vt 0.333641 0.616371
vt 0.199879 0.883500
vt 0.254304 0.914966
vt 0.145927 0.851852
vt 0.091538 0.819200
vt 0.121121 0.754620
vt 0.141508 0.686877
vt 0.146281 0.616371
vt 0.141508 0.545864
vt 0.121121 0.478121
vt 0.091538 0.413541
vt 0.047609 0.357055
vt 0.061512 0.500688
vt 0.036673 0.447042
vt 0.000223 0.400534
vt 0.144061 0.959804
vt 0.193403 0.999777
vt 0.095383 0.918594
vt 0.047609 0.875686
vt 0.000223 0.832208
vt 0.036673 0.785699
vt 0.061511 0.732053
vt 0.078418 0.675375
vt 0.082612 0.616371
vt 0.078418 0.557366
vt 0.789640 0.263945
vt 0.798548 0.417721
vt 0.798548 0.264265
vt 0.758714 0.257702
vt 0.750379 0.254542
vt 0.690853 0.395983
vt 0.725462 0.581889
vt 0.694536 0.575646
vt 0.234803 0.099482
vt 0.187028 0.112210
vt 0.187028 0.071808
vt 0.222075 0.051706
vt 0.247532 0.147257
vt 0.207129 0.147257
vt 0.282579 0.127155
vt 0.282579 0.086753
vt 0.262477 0.051706
vt 0.092672 0.232518
vt 0.140075 0.198447
vt 0.140075 0.140069
vt 0.070149 0.162592
vt 0.106004 0.092666
vt 0.047626 0.092666
vt 0.000223 0.185115
vt 0.000223 0.126737
vt 0.034295 0.232518
vt 0.533333 0.565088
vt 0.354240 0.613434
vt 0.363957 0.652650
vt 0.545992 0.616177
vt 0.370099 0.692584
vt 0.553993 0.668199
vt 0.374576 0.732737
vt 0.559826 0.720509
vt 0.375416 0.773131
vt 0.560920 0.773131
vt 0.374576 0.813525
vt 0.559826 0.825754
vt 0.370099 0.853679
vt 0.553993 0.878063
vt 0.363957 0.893612
vt 0.545992 0.930086
vt 0.354240 0.932829
vt 0.533333 0.981175
vt 0.692772 0.584384
vt 0.723698 0.590626
vt 0.593920 0.752008
vt 0.593920 0.818833
vt 0.650054 0.810656
vt 0.654884 0.765218
vt 0.682211 0.806976
vt 0.627202 0.675355
vt 0.694583 0.622298
vt 0.681343 0.716674
vt 0.693807 0.779803
vt 0.702918 0.829692
vt 0.670889 0.852205
vt 0.616622 0.882832
vt 0.708577 0.888576
vt 0.667687 0.942806
vt 0.753911 0.914804
vt 0.739393 0.975403
vt 0.799589 0.923406
vt 0.807168 0.979624
vt 0.841944 0.906263
vt 0.871415 0.961242
vt 0.881337 0.867472
vt 0.716648 0.743495
vt 0.723744 0.802033
vt 0.733446 0.855593
vt 0.766745 0.877818
vt 0.794281 0.891478
vt 0.817216 0.872854
vt 0.845840 0.840907
vt 0.870251 0.802648
vt 0.909136 0.816726
vt 0.883517 0.771289
vt 0.915304 0.765090
vt 0.863598 0.747515
vt 0.815181 0.816993
vt 0.787608 0.850187
vt 0.840703 0.779699
vt 0.895519 0.720588
vt 0.835057 0.720831
vt 0.860809 0.686678
vt 0.801552 0.700732
vt 0.818659 0.662635
vt 0.773216 0.688121
vt 0.770432 0.655855
vt 0.746716 0.709502
vt 0.722485 0.675989
vt 0.748073 0.766393
vt 0.754771 0.827311
vt 0.810134 0.753886
vt 0.781924 0.791298
vt 0.776908 0.731597
vt 0.935956 0.908158
vt 0.968431 0.828782
vt 0.967724 0.755177
vt 0.944515 0.690299
vt 0.898630 0.636518
vt 0.834303 0.607197
vt 0.765543 0.602731
vt 0.621853 0.274448
vt 0.626882 0.227970
vt 0.592174 0.232037
vt 0.302484 0.284775
vt 0.356497 0.274493
vt 0.301533 0.209479
vt 0.376783 0.319697
vt 0.326221 0.351043
vt 0.412042 0.354566
vt 0.373089 0.406267
vt 0.455283 0.378841
vt 0.439098 0.436086
vt 0.504329 0.385872
vt 0.509343 0.440626
vt 0.553154 0.365179
vt 0.581980 0.420773
vt 0.594815 0.323750
vt 0.651013 0.366584
vt 0.579550 0.259186
vt 0.570390 0.209789
vt 0.440804 0.316391
vt 0.472976 0.337759
vt 0.501312 0.351192
vt 0.527398 0.328599
vt 0.556394 0.294573
vt 0.547913 0.237502
vt 0.539877 0.184892
vt 0.518064 0.213845
vt 0.507531 0.162429
vt 0.487092 0.191678
vt 0.480138 0.147627
vt 0.457523 0.167249
vt 0.466087 0.282833
vt 0.436448 0.258773
vt 0.461312 0.223517
vt 0.492659 0.247564
vt 0.524419 0.271063
vt 0.497388 0.304687
vt 0.411391 0.291360
vt 0.429896 0.199266
vt 0.405186 0.236522
vt 0.390664 0.267828
vt 0.605299 0.185657
vt 0.566877 0.149056
vt 0.521099 0.122218
vt 0.474474 0.113143
vt 0.431186 0.130796
vt 0.391253 0.170383
vt 0.362922 0.221854
vt 0.684921 0.288056
vt 0.684921 0.219571
vt 0.661833 0.153866
vt 0.609655 0.092277
vt 0.536065 0.059110
vt 0.466540 0.055038
vt 0.400712 0.073927
vt 0.334582 0.128178
s 0
usemtl chip_body
f 2381/1669/1408 2382/1670/1408 2383/1671/1408
f 2384/1672/1408 2381/1669/1408 2383/1671/1408
s 1
f 2385/1673/1409 2386/1674/1410 2387/1675/1411
f 2388/1676/1412 2385/1673/1409 2387/1675/1411
f 2388/1676/1412 2387/1675/1411 2389/1677/1413
f 2390/1678/1414 2385/1673/1409 2388/1676/1412
f 2391/1679/1415 2390/1678/1414 2388/1676/1412
f 2391/1679/1415 2388/1676/1412 2392/1680/1416
f 2392/1680/1416 2388/1676/1412 2389/1677/1413
f 2393/1681/1417 2391/1679/1415 2392/1680/1416
f 2394/1682/1418 2395/1683/1419 2396/1684/1420
f 2397/1685/1421 2398/1686/1422 2399/1687/1423
f 2400/1688/1424 2397/1685/1421 2399/1687/1423
f 2401/1689/1425 2397/1685/1421 2400/1688/1424
f 2402/1690/1426 2401/1689/1425 2400/1688/1424
f 2402/1690/1426 2400/1688/1424 2403/1691/1427
f 2404/1692/1428 2402/1690/1426 2403/1691/1427
f 2404/1692/1428 2403/1691/1427 2405/1693/1429
f 2406/1694/1430 2404/1692/1428 2405/1693/1429
f 2406/1694/1430 2405/1693/1429 2407/1695/1431
f 2408/1696/1432 2406/1694/1430 2407/1695/1431
f 2408/1696/1432 2407/1695/1431 2409/1697/1433
f 2395/1683/1419 2408/1696/1432 2409/1697/1433
f 2395/1683/1419 2409/1697/1433 2396/1684/1420
f 2396/1684/1420 2409/1697/1433 2410/1698/1434
f 2409/1697/1433 2407/1695/1431 2411/1699/1435
f 2409/1697/1433 2411/1699/1435 2410/1698/1434
f 2407/1695/1431 2405/1693/1429 2412/1700/1436
f 2407/1695/1431 2412/1700/1436 2411/1699/1435
f 2405/1693/1429 2403/1691/1427 2413/1701/1437
f 2405/1693/1429 2413/1701/1437 2412/1700/1436
f 2403/1691/1427 2414/1702/1438 2413/1701/1437
f 2403/1691/1427 2400/1688/1424 2414/1702/1438
f 2400/1688/1424 2399/1687/1423 2414/1702/1438
f 2397/1685/1421 2415/1703/1439 2398/1686/1422
f 2415/1703/1439 2416/1704/1440 2398/1686/1422
f 2401/1689/1425 2417/1705/1441 2397/1685/1421
f 2417/1705/1441 2415/1703/1439 2397/1685/1421
f 2418/1706/1442 2417/1705/1441 2401/1689/1425
f 2419/1707/1443 2401/1689/1425 2402/1690/1426
f 2419/1707/1443 2418/1706/1442 2401/1689/1425
f 2420/1708/1444 2402/1690/1426 2404/1692/1428
f 2420/1708/1444 2419/1707/1443 2402/1690/1426
f 2421/1709/1445 2404/1692/1428 2406/1694/1430
f 2421/1709/1445 2420/1708/1444 2404/1692/1428
f 2422/1710/1446 2406/1694/1430 2408/1696/1432
f 2422/1710/1446 2421/1709/1445 2406/1694/1430
f 2423/1711/1447 2408/1696/1432 2395/1683/1419
f 2423/1711/1447 2422/1710/1446 2408/1696/1432
f 2424/1712/1448 2395/1683/1419 2394/1682/1418
f 2424/1712/1448 2423/1711/1447 2395/1683/1419
f 2425/1713/1449 2424/1712/1448 2394/1682/1418
f 2426/1714/1450 2423/1711/1447 2424/1712/1448
f 2427/1715/1451 2426/1714/1450 2424/1712/1448
f 2427/1715/1451 2424/1712/1448 2425/1713/1449
f 2428/1716/1452 2427/1715/1451 2425/1713/1449
f 2415/1703/1439 2429/1717/1453 2416/1704/1440
f 2429/1717/1453 2430/1718/1454 2416/1704/1440
f 2417/1705/1441 2431/1719/1455 2415/1703/1439
f 2431/1719/1455 2429/1717/1453 2415/1703/1439
f 2432/1720/1449 2431/1719/1455 2417/1705/1441
f 2418/1706/1442 2432/1720/1449 2417/1705/1441
f 2433/1721/1456 2432/1720/1449 2418/1706/1442
f 2434/1722/1457 2433/1721/1456 2418/1706/1442
f 2434/1722/1457 2418/1706/1442 2419/1707/1443
f 2435/1723/1458 2419/1707/1443 2420/1708/1444
f 2435/1723/1458 2434/1722/1457 2419/1707/1443
f 2436/1724/1459 2435/1723/1458 2420/1708/1444
f 2436/1724/1459 2420/1708/1444 2421/1709/1445
f 2437/1725/1460 2421/1709/1445 2422/1710/1446
f 2437/1725/1460 2436/1724/1459 2421/1709/1445
f 2438/1726/1461 2422/1710/1446 2423/1711/1447
f 2426/1714/1450 2438/1726/1461 2423/1711/1447
f 2438/1726/1461 2437/1725/1460 2422/1710/1446
f 2439/1727/1462 2440/1671/1463 2441/1728/1463
f 2442/1729/1464 2439/1727/1462 2441/1728/1463
s 0
f 2443/1730/1465 2444/1672/1465 2445/1671/1465
f 2446/1727/1465 2443/1730/1465 2445/1671/1465
s 1
f 2447/1731/1466 2448/1732/1467 2449/1672/1467
f 2450/1730/1468 2447/1731/1466 2449/1672/1467
s 0
f 2451/1733/1469 2452/1670/1469 2453/1669/1469
f 2454/1734/1469 2451/1733/1469 2453/1669/1469
s 1
f 2455/1735/1412 2456/1736/1470 2457/1737/1471
f 2458/1738/1472 2455/1735/1412 2457/1737/1471
f 2455/1735/1412 2459/1739/1473 2456/1736/1470
f 2459/1739/1473 2460/1740/1474 2456/1736/1470
f 2461/1741/1475 2459/1739/1473 2455/1735/1412
f 2462/1742/1476 2455/1735/1412 2458/1738/1472
f 2462/1742/1476 2461/1741/1475 2455/1735/1412
f 2463/1743/1477 2462/1742/1476 2458/1738/1472
f 2464/1744/1478 2465/1745/1479 2466/1746/1480
f 2467/1747/1481 2464/1744/1478 2466/1746/1480
f 2467/1747/1481 2466/1746/1480 2468/1748/1482
f 2469/1749/1483 2467/1747/1481 2468/1748/1482
f 2470/1750/1484 2467/1747/1481 2469/1749/1483
f 2471/1751/1485 2470/1750/1484 2469/1749/1483
f 2470/1750/1484 2472/1752/1486 2467/1747/1481
f 2472/1752/1486 2464/1744/1478 2467/1747/1481
f 2473/1735/1412 2474/1738/1487 2475/1737/1488
f 2476/1736/1489 2473/1735/1412 2475/1737/1488
f 2473/1735/1412 2477/1742/1490 2474/1738/1487
f 2477/1742/1490 2478/1743/1491 2474/1738/1487
f 2479/1741/1492 2477/1742/1490 2473/1735/1412
f 2480/1739/1493 2473/1735/1412 2476/1736/1489
f 2480/1739/1493 2479/1741/1492 2473/1735/1412
f 2481/1740/1494 2480/1739/1493 2476/1736/1489
f 2482/1753/1495 2483/1754/1496 2484/1755/1497
f 2485/1756/1498 2482/1753/1495 2484/1755/1497
f 2485/1756/1498 2484/1755/1497 2486/1757/1499
f 2487/1758/1500 2485/1756/1498 2486/1757/1499
f 2487/1758/1500 2486/1757/1499 2488/1759/1501
f 2489/1760/1502 2487/1758/1500 2488/1759/1501
f 2489/1760/1502 2488/1759/1501 2490/1761/1503
f 2491/1762/1504 2489/1760/1502 2490/1761/1503
f 2491/1762/1504 2490/1761/1503 2492/1763/1505
f 2493/1764/1506 2491/1762/1504 2492/1763/1505
f 2493/1764/1506 2492/1763/1505 2494/1765/1507
f 2495/1766/1508 2493/1764/1506 2494/1765/1507
f 2495/1766/1508 2494/1765/1507 2496/1767/1509
f 2497/1768/1510 2495/1766/1508 2496/1767/1509
f 2497/1768/1510 2496/1767/1509 2498/1769/1511
f 2499/1770/1512 2497/1768/1510 2498/1769/1511
f 2500/1756/1513 2501/1753/1514 2502/1753/1515
f 2503/1756/1516 2500/1756/1513 2502/1753/1515
f 2504/1758/1517 2500/1756/1513 2503/1756/1516
f 2505/1758/1518 2504/1758/1517 2503/1756/1516
f 2506/1760/1519 2504/1758/1517 2505/1758/1518
f 2507/1760/1520 2506/1760/1519 2505/1758/1518
f 2508/1762/1521 2506/1760/1519 2507/1760/1520
f 2509/1762/1522 2508/1762/1521 2507/1760/1520
f 2510/1764/1523 2508/1762/1521 2509/1762/1522
f 2511/1764/1524 2510/1764/1523 2509/1762/1522
f 2512/1766/1525 2510/1764/1523 2511/1764/1524
f 2513/1766/1526 2512/1766/1525 2511/1764/1524
f 2514/1768/1527 2512/1766/1525 2513/1766/1526
f 2515/1768/1528 2514/1768/1527 2513/1766/1526
f 2516/1770/1514 2514/1768/1527 2515/1768/1528
f 2517/1770/1515 2516/1770/1514 2515/1768/1528
f 2518/1768/1513 2519/1770/1514 2520/1770/1515
f 2521/1768/1516 2518/1768/1513 2520/1770/1515
f 2522/1766/1517 2518/1768/1513 2521/1768/1516
f 2523/1766/1518 2522/1766/1517 2521/1768/1516
f 2524/1764/1519 2522/1766/1517 2523/1766/1518
f 2525/1764/1520 2524/1764/1519 2523/1766/1518
f 2526/1762/1521 2524/1764/1519 2525/1764/1520
f 2527/1762/1522 2526/1762/1521 2525/1764/1520
f 2528/1760/1523 2526/1762/1521 2527/1762/1522
f 2529/1760/1524 2528/1760/1523 2527/1762/1522
f 2530/1758/1529 2528/1760/1523 2529/1760/1524
f 2531/1758/1526 2530/1758/1529 2529/1760/1524
f 2532/1756/1527 2530/1758/1529 2531/1758/1526
f 2533/1756/1528 2532/1756/1527 2531/1758/1526
f 2534/1753/1514 2532/1756/1527 2533/1756/1528
f 2535/1753/1530 2534/1753/1514 2533/1756/1528
f 2536/1768/1531 2537/1770/1532 2538/1769/1533
f 2539/1767/1534 2536/1768/1531 2538/1769/1533
f 2540/1766/1535 2536/1768/1531 2539/1767/1534
f 2541/1765/1536 2540/1766/1535 2539/1767/1534
f 2542/1764/1537 2540/1766/1535 2541/1765/1536
f 2543/1763/1538 2542/1764/1537 2541/1765/1536
f 2544/1762/1539 2542/1764/1537 2543/1763/1538
f 2545/1761/1540 2544/1762/1539 2543/1763/1538
f 2546/1760/1541 2544/1762/1539 2545/1761/1540
f 2547/1759/1542 2546/1760/1541 2545/1761/1540
f 2548/1758/1543 2546/1760/1541 2547/1759/1542
f 2549/1757/1544 2548/1758/1543 2547/1759/1542
f 2550/1756/1545 2548/1758/1543 2549/1757/1544
f 2551/1755/1546 2550/1756/1545 2549/1757/1544
f 2552/1753/1547 2550/1756/1545 2551/1755/1546
f 2553/1754/1548 2552/1753/1547 2551/1755/1546
f 2554/1733/1549 2555/1734/1550 2556/1771/1551
f 2557/1772/1552 2554/1733/1549 2556/1771/1551
f 2558/1773/1553 2559/1774/1554 2560/1775/1555
f 2561/1776/1556 2558/1773/1553 2560/1775/1555
f 2561/1776/1556 2560/1775/1555 2562/1777/1557
f 2563/1778/1558 2558/1773/1553 2561/1776/1556
f 2564/1779/1559 2563/1778/1558 2565/1780/1560
f 2565/1780/1560 2563/1778/1558 2561/1776/1556
f 2565/1780/1560 2561/1776/1556 2566/1781/1561
f 2566/1781/1561 2561/1776/1556 2562/1777/1557
f 2566/1781/1561 2562/1777/1557 2567/1782/1562
f 2567/1782/1562 2562/1777/1557 2560/1775/1555
f 2568/1783/1563 2560/1775/1555 2559/1774/1554
f 2568/1783/1563 2567/1782/1562 2560/1775/1555
f 2569/1784/1564 2568/1783/1563 2559/1774/1554
f 2570/1785/1565 2568/1783/1563 2569/1784/1564
f 2571/1786/1566 2570/1785/1565 2569/1784/1564
f 2572/1787/1567 2570/1785/1565 2571/1786/1566
f 2573/1788/1568 2572/1787/1567 2571/1786/1566
f 2574/1789/1569 2572/1787/1567 2573/1788/1568
f 2575/1790/1570 2574/1789/1569 2573/1788/1568
f 2576/1791/1571 2574/1789/1569 2575/1790/1570
f 2577/1792/1572 2576/1791/1571 2575/1790/1570
f 2578/1793/1573 2576/1791/1571 2577/1792/1572
f 2579/1794/1574 2565/1780/1560 2566/1781/1561
f 2580/1795/1575 2566/1781/1561 2567/1782/1562
f 2579/1794/1574 2566/1781/1561 2580/1795/1575
f 2580/1795/1575 2567/1782/1562 2581/1796/1576
f 2581/1796/1576 2567/1782/1562 2568/1783/1563
f 2570/1785/1565 2581/1796/1576 2568/1783/1563
f 2582/1797/1577 2581/1796/1576 2570/1785/1565
f 2572/1787/1567 2582/1797/1577 2570/1785/1565
f 2574/1789/1569 2583/1798/1578 2572/1787/1567
f 2583/1798/1578 2582/1797/1577 2572/1787/1567
f 2576/1791/1571 2584/1799/1579 2574/1789/1569
f 2584/1799/1579 2583/1798/1578 2574/1789/1569
f 2585/1800/1580 2584/1799/1579 2576/1791/1571
f 2578/1793/1573 2585/1800/1580 2576/1791/1571
f 2586/1801/1581 2585/1800/1580 2578/1793/1573
f 2587/1802/1582 2586/1801/1581 2578/1793/1573
f 2588/1803/1583 2586/1801/1581 2587/1802/1582
f 2589/1804/1584 2588/1803/1583 2587/1802/1582
f 2588/1803/1583 2590/1805/1585 2586/1801/1581
f 2590/1805/1585 2588/1803/1583 2589/1804/1584
f 2585/1800/1580 2591/1806/1586 2584/1799/1579
f 2591/1806/1586 2592/1807/1587 2584/1799/1579
f 2592/1807/1587 2582/1797/1577 2583/1798/1578
f 2584/1799/1579 2592/1807/1587 2583/1798/1578
f 2586/1801/1581 2593/1808/1588 2585/1800/1580
f 2590/1805/1585 2593/1808/1588 2586/1801/1581
f 2593/1808/1588 2591/1806/1586 2585/1800/1580
f 2594/1809/1589 2590/1805/1585 2589/1804/1584
f 2590/1805/1585 2595/1810/1590 2593/1808/1588
f 2595/1810/1590 2590/1805/1585 2594/1809/1589
f 2596/1811/1591 2595/1810/1590 2594/1809/1589
f 2597/1812/1592 2595/1810/1590 2596/1811/1591
f 2598/1813/1593 2597/1812/1592 2596/1811/1591
f 2599/1814/1594 2597/1812/1592 2598/1813/1593
f 2600/1815/1595 2599/1814/1594 2598/1813/1593
f 2599/1814/1594 2600/1815/1595 2601/1816/1596
f 2600/1815/1595 2602/1817/1597 2601/1816/1596
f 2601/1816/1596 2602/1817/1597 2579/1794/1574
f 2602/1817/1597 2564/1779/1559 2565/1780/1560
f 2602/1817/1597 2565/1780/1560 2579/1794/1574
f 2603/1818/1598 2579/1794/1574 2580/1795/1575
f 2601/1816/1596 2579/1794/1574 2603/1818/1598
f 2604/1819/1599 2581/1796/1576 2582/1797/1577
f 2604/1819/1599 2580/1795/1575 2581/1796/1576
f 2603/1818/1598 2580/1795/1575 2604/1819/1599
f 2592/1807/1587 2604/1819/1599 2582/1797/1577
f 2593/1808/1588 2605/1820/1600 2591/1806/1586
f 2595/1810/1590 2597/1812/1592 2605/1820/1600
f 2595/1810/1590 2605/1820/1600 2593/1808/1588
f 2605/1820/1600 2606/1821/1601 2591/1806/1586
f 2606/1821/1601 2604/1819/1599 2592/1807/1587
f 2606/1821/1601 2603/1818/1598 2604/1819/1599
f 2591/1806/1586 2606/1821/1601 2592/1807/1587
f 2605/1820/1600 2607/1822/1602 2606/1821/1601
f 2597/1812/1592 2599/1814/1594 2607/1822/1602
f 2597/1812/1592 2607/1822/1602 2605/1820/1600
f 2607/1822/1602 2601/1816/1596 2603/1818/1598
f 2607/1822/1602 2603/1818/1598 2606/1821/1601
f 2599/1814/1594 2601/1816/1596 2607/1822/1602
f 2587/1802/1582 2578/1793/1573 2608/1823/1603
f 2608/1823/1603 2578/1793/1573 2577/1792/1572
f 2609/1824/1604 2587/1802/1582 2608/1823/1603
f 2589/1804/1584 2587/1802/1582 2609/1824/1604
f 2610/1825/1605 2589/1804/1584 2609/1824/1604
f 2594/1809/1589 2589/1804/1584 2610/1825/1605
f 2596/1811/1591 2594/1809/1589 2611/1826/1606
f 2611/1826/1606 2594/1809/1589 2610/1825/1605
f 2612/1827/1607 2596/1811/1591 2611/1826/1606
f 2598/1813/1593 2596/1811/1591 2612/1827/1607
f 2613/1828/1608 2598/1813/1593 2612/1827/1607
f 2600/1815/1595 2598/1813/1593 2613/1828/1608
f 2614/1829/1609 2600/1815/1595 2613/1828/1608
f 2600/1815/1595 2614/1829/1609 2602/1817/1597
f 2614/1829/1609 2564/1779/1559 2602/1817/1597
f 2615/1830/1610 2616/1831/1611 2617/1832/1612
f 2618/1833/1613 2619/1834/1614 2620/1835/1615
f 2619/1834/1614 2618/1833/1613 2621/1836/1616
f 2618/1833/1613 2622/1837/1617 2621/1836/1616
f 2621/1836/1616 2622/1837/1617 2623/1838/1618
f 2622/1837/1617 2624/1839/1619 2623/1838/1618
f 2623/1838/1618 2624/1839/1619 2625/1840/1620
f 2624/1839/1619 2626/1841/1606 2625/1840/1620
f 2625/1840/1620 2626/1841/1606 2627/1842/1621
f 2626/1841/1606 2628/1843/1605 2627/1842/1621
f 2627/1842/1621 2628/1843/1605 2629/1844/1622
f 2628/1843/1605 2630/1845/1623 2629/1844/1622
f 2629/1844/1622 2630/1845/1623 2631/1846/1624
f 2631/1846/1624 2632/1847/1625 2615/1830/1610
f 2630/1845/1623 2632/1847/1625 2631/1846/1624
f 2633/1848/1626 2615/1830/1610 2617/1832/1612
f 2631/1846/1624 2615/1830/1610 2633/1848/1626
f 2617/1832/1612 2616/1831/1611 2634/1849/1627
f 2633/1848/1626 2617/1832/1612 2634/1849/1627
f 2621/1836/1616 2623/1838/1618 2635/1850/1628
f 2623/1838/1618 2625/1840/1620 2636/1851/1629
f 2635/1850/1628 2623/1838/1618 2636/1851/1629
f 2625/1840/1620 2627/1842/1621 2637/1852/1630
f 2636/1851/1629 2625/1840/1620 2637/1852/1630
f 2627/1842/1621 2629/1844/1622 2638/1853/1631
f 2637/1852/1630 2627/1842/1621 2638/1853/1631
f 2638/1853/1631 2629/1844/1622 2639/1854/1632
f 2629/1844/1622 2631/1846/1624 2639/1854/1632
f 2639/1854/1632 2631/1846/1624 2633/1848/1626
f 2640/1855/1633 2633/1848/1626 2634/1849/1627
f 2639/1854/1632 2633/1848/1626 2640/1855/1633
f 2640/1855/1633 2634/1849/1627 2641/1856/1634
f 2642/1857/1635 2640/1855/1633 2641/1856/1634
f 2642/1857/1635 2641/1856/1634 2643/1858/1636
f 2644/1859/1637 2642/1857/1635 2643/1858/1636
f 2644/1859/1637 2643/1858/1636 2645/1860/1638
f 2646/1861/1639 2644/1859/1637 2645/1860/1638
f 2635/1850/1628 2647/1862/1640 2648/1863/1641
f 2635/1850/1628 2636/1851/1629 2647/1862/1640
f 2648/1863/1641 2647/1862/1640 2649/1864/1642
f 2649/1864/1642 2644/1859/1637 2646/1861/1639
f 2647/1862/1640 2650/1865/1643 2649/1864/1642
f 2650/1865/1643 2642/1857/1635 2644/1859/1637
f 2649/1864/1642 2650/1865/1643 2644/1859/1637
f 2651/1866/1644 2640/1855/1633 2642/1857/1635
f 2651/1866/1644 2639/1854/1632 2640/1855/1633
f 2638/1853/1631 2639/1854/1632 2651/1866/1644
f 2650/1865/1643 2651/1866/1644 2642/1857/1635
f 2636/1851/1629 2652/1867/1645 2647/1862/1640
f 2652/1867/1645 2638/1853/1631 2651/1866/1644
f 2636/1851/1629 2637/1852/1630 2652/1867/1645
f 2637/1852/1630 2638/1853/1631 2652/1867/1645
f 2652/1867/1645 2651/1866/1644 2650/1865/1643
f 2647/1862/1640 2652/1867/1645 2650/1865/1643
f 2653/1868/1646 2635/1850/1628 2648/1863/1641
f 2619/1834/1614 2621/1836/1616 2653/1868/1646
f 2653/1868/1646 2621/1836/1616 2635/1850/1628
f 2654/1869/1647 2649/1864/1642 2646/1861/1639
f 2648/1863/1641 2649/1864/1642 2654/1869/1647
f 2653/1868/1646 2648/1863/1641 2655/1870/1648
f 2655/1870/1648 2648/1863/1641 2654/1869/1647
f 2656/1871/1649 2619/1834/1614 2653/1868/1646
f 2656/1871/1649 2653/1868/1646 2655/1870/1648
f 2616/1831/1611 2657/1872/1650 2634/1849/1627
f 2634/1849/1627 2657/1872/1650 2641/1856/1634
f 2641/1856/1634 2658/1873/1651 2643/1858/1636
f 2657/1872/1650 2658/1873/1651 2641/1856/1634
f 2643/1858/1636 2659/1874/1652 2645/1860/1638
f 2658/1873/1651 2659/1874/1652 2643/1858/1636
f 2646/1861/1639 2645/1860/1638 2660/1875/1653
f 2659/1874/1652 2660/1875/1653 2645/1860/1638
f 2654/1869/1647 2646/1861/1639 2661/1876/1654
f 2661/1876/1654 2646/1861/1639 2660/1875/1653
f 2655/1870/1648 2654/1869/1647 2662/1877/1655
f 2662/1877/1655 2654/1869/1647 2661/1876/1654
f 2663/1878/1656 2655/1870/1648 2662/1877/1655
f 2656/1871/1649 2655/1870/1648 2663/1878/1656
f 2619/1834/1614 2656/1871/1649 2663/1878/1656
f 2619/1834/1614 2663/1878/1656 2620/1835/1615
f 2632/1847/1625 2664/1879/1657 2615/1830/1610
f 2615/1830/1610 2664/1879/1657 2616/1831/1611
f 2616/1831/1611 2665/1880/1570 2657/1872/1650
f 2664/1879/1657 2665/1880/1570 2616/1831/1611
f 2657/1872/1650 2666/1881/1658 2658/1873/1651
f 2665/1880/1570 2666/1881/1658 2657/1872/1650
f 2658/1873/1651 2667/1882/1659 2659/1874/1652
f 2666/1881/1658 2667/1882/1659 2658/1873/1651
f 2659/1874/1652 2668/1883/1660 2660/1875/1653
f 2667/1882/1659 2668/1883/1660 2659/1874/1652
f 2668/1883/1660 2669/1884/1661 2660/1875/1653
f 2661/1876/1654 2660/1875/1653 2669/1884/1661
f 2662/1877/1655 2661/1876/1654 2670/1885/1662
f 2670/1885/1662 2661/1876/1654 2669/1884/1661
f 2663/1878/1656 2662/1877/1655 2671/1886/1663
f 2620/1835/1615 2663/1878/1656 2671/1886/1663
f 2671/1886/1663 2662/1877/1655 2670/1885/1662
o Object_12
v -0.659555 0.676912 -0.310590
v -0.648249 0.659783 -0.311317
v -0.625892 0.766724 -0.313997
v 0.297479 1.317887 -0.329372
v 0.309821 1.180426 -0.328218
v 0.035204 1.218361 -0.325539
v 0.023129 1.322963 -0.328769
v -0.350791 1.074273 -0.325540
v -0.390069 1.133091 -0.328784
v -0.625892 0.766725 -0.325541
v -0.652870 0.803080 -0.328922
v -0.746635 0.239151 -0.299758
v -0.738881 0.228001 -0.303520
v -0.238218 0.198210 -0.300838
v -0.331401 0.333577 -0.187460
v 0.129406 0.365186 -0.293311
v -0.754467 0.250422 -0.306344
v -0.423941 0.469466 -0.137343
v -0.762086 0.261918 -0.299806
v -0.528000 0.622882 -0.187594
v -0.769575 0.273272 -0.303665
v -0.631103 0.776695 -0.300996
v -0.225266 0.886849 -0.139698
v -0.353605 1.075615 -0.293466
v 0.131533 1.071297 -0.187592
v 0.026417 1.223740 -0.300994
v 0.557679 1.159393 -0.303438
v 0.554003 1.169056 -0.305599
v 0.016384 0.531422 -0.139531
v 0.419875 0.645645 -0.300836
v 0.328263 0.782080 -0.187457
v 0.581218 1.129359 -0.305607
v -0.096683 0.697723 -0.071957
v 0.235929 0.918109 -0.137341
v 0.565348 1.147761 -0.309538
v 0.573300 1.136393 -0.303392
v 0.573300 1.136393 -0.336137
v 0.581218 1.129359 -0.333922
v 0.419875 0.645645 -0.338694
v -0.353605 1.075616 -0.346070
v 0.026417 1.223740 -0.338539
v -0.225264 0.886850 -0.499837
v 0.131534 1.071297 -0.451940
v 0.554004 1.169056 -0.333930
v 0.557679 1.159393 -0.336091
v 0.235930 0.918110 -0.502190
v 0.565349 1.147761 -0.329991
v 0.328264 0.782080 -0.452073
v 0.129406 0.365186 -0.346220
v 0.016385 0.531422 -0.500002
v -0.238217 0.198210 -0.338696
v -0.331400 0.333577 -0.452075
v -0.738881 0.228001 -0.336018
v -0.746635 0.239151 -0.339781
v -0.423940 0.469466 -0.502193
v -0.754467 0.250422 -0.333195
v -0.527999 0.622882 -0.451943
v -0.762086 0.261918 -0.339732
v -0.631103 0.776695 -0.338542
v -0.769575 0.273272 -0.335874
v -0.096681 0.697724 -0.567577
v -0.652869 0.803080 -0.310615
v -0.390069 1.133091 -0.310752
v -0.390069 1.133091 -0.328784
v -0.652870 0.803080 -0.328922
v 0.316261 1.181046 -0.304843
v 0.316261 1.181046 -0.334688
v 0.309821 1.180426 -0.328218
v 0.309821 1.180426 -0.311313
v -0.350790 1.074273 -0.334690
v -0.625892 0.766724 -0.334691
v -0.625892 0.766725 -0.325541
v -0.350791 1.074273 -0.325540
v -0.625892 0.766724 -0.304847
v -0.350791 1.074273 -0.304846
v -0.350791 1.074273 -0.313996
v -0.625892 0.766724 -0.313997
v -0.350791 1.074273 -0.304846
v 0.035204 1.218361 -0.304844
v 0.035204 1.218361 -0.313994
v -0.350791 1.074273 -0.313996
v -0.653599 0.656145 -0.334691
v -0.653599 0.656145 -0.304847
v -0.648249 0.659783 -0.311317
v -0.648249 0.659783 -0.328221
v 0.035205 1.218361 -0.334689
v -0.350790 1.074273 -0.334690
v -0.350791 1.074273 -0.325540
v 0.035204 1.218361 -0.325539
v -0.659556 0.676912 -0.328948
v -0.648249 0.659783 -0.328221
v -0.648249 0.659783 -0.311317
v -0.659555 0.676912 -0.310590
v -0.769575 0.273272 -0.303665
v -0.631103 0.776695 -0.300996
v -0.631103 0.776695 -0.338542
v -0.769575 0.273272 -0.335874
v 0.297422 0.343403 -0.319764
v 0.244916 0.322293 -0.319765
v 0.259445 0.331240 -0.338904
v 0.290355 0.353566 -0.350101
v 0.290355 0.353566 -0.289428
v 0.259445 0.331240 -0.300626
v 0.322047 0.374770 -0.300626
v 0.335493 0.385274 -0.319764
v 0.322047 0.374770 -0.338903
v -0.652869 0.803080 -0.310615
v -0.659555 0.676912 -0.310590
v -0.625892 0.766724 -0.313997
v -0.277202 0.061499 -0.319767
v -0.331240 0.078304 -0.319767
v -0.314325 0.076062 -0.338906
v -0.276259 0.073841 -0.350103
v -0.276259 0.073841 -0.289431
v -0.314325 0.076062 -0.300629
v -0.238298 0.070256 -0.300628
v -0.221239 0.069905 -0.319766
v -0.238298 0.070256 -0.338905
v -0.659556 0.676912 -0.328948
v -0.652870 0.803080 -0.328922
v -0.648249 0.659783 -0.328221
v 0.670568 1.366059 -0.301465
v 0.745552 1.270203 -0.307074
v 0.745552 1.270203 -0.332453
v 0.670568 1.366059 -0.338062
v 0.601736 1.458474 -0.305639
v 0.601736 1.458474 -0.333890
v 0.807116 1.165222 -0.301465
v 0.867740 1.067226 -0.305638
v 0.867740 1.067226 -0.333888
v 0.807116 1.165221 -0.338061
v 0.745552 1.270203 -0.307074
v 0.745552 1.270203 -0.332453
v 0.581218 1.129359 -0.305607
v 0.419875 0.645645 -0.300836
v 0.419875 0.645645 -0.338694
v 0.581218 1.129359 -0.333922
v 0.867740 1.067226 -0.333888
v 0.867740 1.067226 -0.305638
v 0.581218 1.129359 -0.305607
v 0.581218 1.129359 -0.333922
v 0.601736 1.458474 -0.305639
v 0.601736 1.458474 -0.333890
v 0.554004 1.169056 -0.333930
v 0.554003 1.169056 -0.305599
v 0.026417 1.223740 -0.300994
v 0.554003 1.169056 -0.305599
v 0.554004 1.169056 -0.333930
v 0.026417 1.223740 -0.338539
v -0.390069 1.133091 -0.310752
v -0.652869 0.803080 -0.310615
v -0.350791 1.074273 -0.313996
v 0.035204 1.218361 -0.313994
v 0.023129 1.322963 -0.310764
v 0.309821 1.180426 -0.311313
v 0.297479 1.317887 -0.310158
v -0.625892 0.766724 -0.313997
v -0.350791 1.074273 -0.313996
v 0.297479 1.317887 -0.310158
v 0.309821 1.180426 -0.311313
v 0.309821 1.180426 -0.328218
v 0.297479 1.317887 -0.329372
v -0.659555 0.676912 -0.310590
v -0.652869 0.803080 -0.310615
v -0.652870 0.803080 -0.328922
v -0.659556 0.676912 -0.328948
v 0.023129 1.322963 -0.310764
v 0.297479 1.317887 -0.310158
v 0.297479 1.317887 -0.329372
v 0.023129 1.322963 -0.328769
v -0.390069 1.133091 -0.310752
v 0.023129 1.322963 -0.310764
v 0.023129 1.322963 -0.328769
v -0.390069 1.133091 -0.328784
v -0.353605 1.075615 -0.293466
v 0.026417 1.223740 -0.300994
v 0.026417 1.223740 -0.338539
v -0.353605 1.075616 -0.346070
v -0.631103 0.776695 -0.300996
v -0.631103 0.776695 -0.338542
v 0.129406 0.365186 -0.293311
v -0.238218 0.198210 -0.300838
v -0.238217 0.198210 -0.338696
v 0.129406 0.365186 -0.346220
v 0.419875 0.645645 -0.300836
v 0.419875 0.645645 -0.338694
v -0.238218 0.198210 -0.300838
v -0.738881 0.228001 -0.303520
v -0.738881 0.228001 -0.336018
v -0.238217 0.198210 -0.338696
v 0.807116 1.165221 -0.338061
v 0.867740 1.067226 -0.333888
v 0.581218 1.129359 -0.333922
v 0.573300 1.136393 -0.336137
v 0.745552 1.270203 -0.332453
v 0.565349 1.147761 -0.329991
v 0.670568 1.366059 -0.338062
v 0.557679 1.159393 -0.336091
v 0.601736 1.458474 -0.333890
v 0.554004 1.169056 -0.333930
v 0.670568 1.366059 -0.301465
v 0.601736 1.458474 -0.305639
v 0.554003 1.169056 -0.305599
v 0.557679 1.159393 -0.303438
v 0.745552 1.270203 -0.307074
v 0.565348 1.147761 -0.309538
v 0.807116 1.165222 -0.301465
v 0.573300 1.136393 -0.303392
v 0.867740 1.067226 -0.305638
v 0.581218 1.129359 -0.305607
v -0.746635 0.239151 -0.339781
v -0.738881 0.228001 -0.336018
v -0.738881 0.228001 -0.303520
v -0.746635 0.239151 -0.299758
v -0.754467 0.250422 -0.333195
v -0.754467 0.250422 -0.306344
v -0.762086 0.261918 -0.339732
v -0.762086 0.261918 -0.299806
v -0.769575 0.273272 -0.335874
v -0.769575 0.273272 -0.303665
v 0.138400 0.463308 -0.357308
v 0.189395 0.498767 -0.374890
v 0.188895 0.499485 -0.365782
v 0.141977 0.467065 -0.349770
v 0.114517 0.446702 -0.319765
v 0.121117 0.453039 -0.319765
v 0.138400 0.463308 -0.282224
v 0.141976 0.467065 -0.289761
v 0.189394 0.498767 -0.264641
v 0.188895 0.499485 -0.273749
v 0.240389 0.534225 -0.282222
v 0.235622 0.532180 -0.289760
v 0.264271 0.550831 -0.319765
v 0.256033 0.546851 -0.319765
v 0.240389 0.534225 -0.357307
v 0.235622 0.532180 -0.349769
v 0.189395 0.498767 -0.374890
v 0.188895 0.499485 -0.365782
v -0.324726 0.254908 -0.357309
v -0.262795 0.250179 -0.374892
v -0.262728 0.251051 -0.365784
v -0.319580 0.255561 -0.349772
v -0.353729 0.257123 -0.319767
v -0.344610 0.257866 -0.319767
v -0.324726 0.254908 -0.282225
v -0.319580 0.255561 -0.289762
v -0.262795 0.250179 -0.264643
v -0.262729 0.251051 -0.273750
v -0.200865 0.245451 -0.282225
v -0.205852 0.246877 -0.289762
v -0.171861 0.243236 -0.319766
v -0.180762 0.245355 -0.319766
v -0.200864 0.245451 -0.357309
v -0.205852 0.246877 -0.349771
v -0.262795 0.250179 -0.374892
v -0.262728 0.251051 -0.365784
v -0.262728 0.251051 -0.365784
v -0.276259 0.073841 -0.350103
v -0.314325 0.076062 -0.338906
v -0.319580 0.255561 -0.349772
v -0.331240 0.078304 -0.319767
v -0.344610 0.257866 -0.319767
v -0.314325 0.076062 -0.300629
v -0.319580 0.255561 -0.289762
v -0.276259 0.073841 -0.289431
v -0.262729 0.251051 -0.273750
v -0.238298 0.070256 -0.300628
v -0.205852 0.246877 -0.289762
v -0.221239 0.069905 -0.319766
v -0.180762 0.245355 -0.319766
v -0.238298 0.070256 -0.338905
v -0.205852 0.246877 -0.349771
v -0.276259 0.073841 -0.350103
v -0.262728 0.251051 -0.365784
v 0.188895 0.499485 -0.365782
v 0.290355 0.353566 -0.350101
v 0.259445 0.331240 -0.338904
v 0.141977 0.467065 -0.349770
v 0.244916 0.322293 -0.319765
v 0.121117 0.453039 -0.319765
v 0.259445 0.331240 -0.300626
v 0.141976 0.467065 -0.289761
v 0.290355 0.353566 -0.289428
v 0.188895 0.499485 -0.273749
v 0.322047 0.374770 -0.300626
v 0.235622 0.532180 -0.289760
v 0.335493 0.385274 -0.319764
v 0.256033 0.546851 -0.319765
v 0.322047 0.374770 -0.338903
v 0.235622 0.532180 -0.349769
v 0.290355 0.353566 -0.350101
v 0.188895 0.499485 -0.365782
v -0.652870 0.803080 -0.328922
v -0.625892 0.766725 -0.325541
v -0.648249 0.659783 -0.328221
v -0.653599 0.656145 -0.304847
v -0.625892 0.766724 -0.304847
v -0.625892 0.766724 -0.313997
v -0.648249 0.659783 -0.311317
v -0.653599 0.656145 -0.304847
v -0.625892 0.766724 -0.313997
v -0.625892 0.766725 -0.325541
v -0.625892 0.766724 -0.334691
v -0.648249 0.659783 -0.328221
v -0.625892 0.766724 -0.334691
v -0.653599 0.656145 -0.334691
v -0.648249 0.659783 -0.328221
v 0.316261 1.181046 -0.334688
v 0.035205 1.218361 -0.334689
v 0.035204 1.218361 -0.325539
v 0.309821 1.180426 -0.328218
v 0.316261 1.181046 -0.334688
v 0.035204 1.218361 -0.325539
v 0.035204 1.218361 -0.313994
v 0.035204 1.218361 -0.304844
v 0.309821 1.180426 -0.311313
v 0.035204 1.218361 -0.304844
v 0.316261 1.181046 -0.304843
v 0.309821 1.180426 -0.311313
vn 0.0774 0.0088 0.9970
vn -0.0111 -0.0094 -0.9999
vn 0.0111 -0.0296 -0.9995
vn -0.0110 -0.0095 -0.9999
vn -0.0110 -0.0094 -0.9999
vn 0.0352 -0.0315 -0.9989
vn 0.0353 -0.0315 -0.9989
vn 0.0605 -0.0478 -0.9970
vn -0.2218 0.0176 0.9749
vn -0.0250 -0.3352 0.9418
vn 0.1210 -0.5847 0.8022
vn 0.0200 -0.5039 0.8635
vn 0.3322 -0.5019 0.7986
vn -0.1961 -0.2218 0.9552
vn -0.2075 -0.1677 0.9637
vn -0.2756 -0.2771 0.9205
vn -0.4466 0.1662 0.8792
vn -0.4782 0.0392 0.8774
vn -0.4962 0.2859 0.8198
vn -0.2350 0.3562 0.9044
vn -0.3056 0.4610 0.8331
vn 0.0099 0.4764 0.8792
vn -0.0875 0.5528 0.8287
vn 0.2073 -0.0144 0.9782
vn 0.0323 0.2299 0.9727
vn 0.2567 -0.3890 0.8848
vn 0.5140 -0.3286 0.7923
vn 0.4616 -0.2026 0.8637
vn 0.3975 0.0225 0.9173
vn 0.0084 -0.0127 0.9999
vn 0.2276 0.1407 0.9635
vn 0.1952 0.2243 0.9548
vn 0.2372 0.2857 0.9285
vn 0.0676 0.1925 -0.9790
vn 0.2168 -0.0627 -0.9742
vn 0.4996 -0.3269 -0.8022
vn -0.3163 0.4537 -0.8331
vn -0.0831 0.5667 -0.8197
vn -0.2448 0.3496 -0.9044
vn 0.0103 0.4762 -0.8793
vn 0.1734 0.3581 -0.9174
vn 0.3550 0.1220 -0.9269
vn 0.2332 0.1321 -0.9634
vn 0.2841 0.1058 -0.9530
vn 0.4616 -0.2034 -0.8634
vn 0.3446 -0.4935 -0.7986
vn 0.2673 -0.3818 -0.8848
vn 0.1169 -0.5987 -0.7924
vn 0.0193 -0.5038 -0.8636
vn -0.1320 -0.4574 -0.8794
vn -0.3566 -0.1451 -0.9229
vn -0.2136 -0.1591 -0.9639
vn -0.2754 -0.0926 -0.9569
vn -0.4462 0.1666 -0.8793
vn -0.0622 -0.2180 -0.9740
vn -0.4817 0.2853 -0.8286
vn -0.3450 0.0899 -0.9343
vn 0.0087 -0.0125 -0.9999
vn -0.7823 0.6229 -0.0000
vn -0.0959 0.9954 -0.0000
vn -0.7453 0.6667 -0.0000
vn -0.3497 0.9369 -0.0000
vn -0.5623 0.8269 -0.0000
vn -0.8346 -0.5509 -0.0000
vn -0.9642 0.2652 -0.0000
vn 0.5709 -0.8210 -0.0000
vn 0.4223 -0.9061 0.0261
vn 0.3961 -0.8917 -0.2192
vn 0.5676 -0.7492 -0.3414
vn 0.5047 -0.7929 0.3414
vn 0.6041 -0.7920 -0.0883
vn 0.6980 -0.6817 0.2192
vn 0.7023 -0.7114 -0.0261
vn 0.5322 -0.8420 0.0883
vn 0.1164 -0.0060 0.9932
vn -0.0761 -0.9971 -0.0000
vn -0.2450 -0.9692 0.0261
vn -0.2563 -0.9414 -0.2193
vn -0.0333 -0.9393 -0.3414
vn -0.1097 -0.9335 0.3414
vn -0.0321 -0.9956 -0.0882
vn 0.1104 -0.9694 0.2192
vn 0.0950 -0.9951 -0.0261
vn -0.1194 -0.9889 0.0883
vn 0.0597 -0.0030 -0.9982
vn 0.7949 0.6067 -0.0000
vn 0.7876 0.6161 -0.0000
vn 0.8020 0.5973 -0.0000
vn 0.8566 0.5161 -0.0000
vn 0.8504 0.5261 -0.0000
vn 0.8626 0.5059 -0.0000
vn 0.9486 -0.3164 -0.0000
vn -0.2119 -0.9773 -0.0000
vn -0.9867 0.1627 -0.0000
vn 0.1031 0.9947 -0.0000
vn 0.0164 -0.0441 0.9989
vn 0.0567 -0.0507 0.9971
vn -0.0142 -0.0325 0.9994
vn -0.0024 -0.0086 1.0000
vn 0.9960 0.0894 -0.0000
vn -0.9986 0.0529 -0.0000
vn 0.0185 0.9998 -0.0000
vn -0.4175 0.9087 -0.0000
vn -0.5623 0.8270 -0.0000
vn -0.3632 0.9317 -0.0000
vn -0.5622 0.8270 -0.0000
vn -0.7329 0.6804 -0.0000
vn 0.5623 -0.8270 -0.0000
vn 0.4135 -0.9105 -0.0000
vn 0.6946 -0.7194 -0.0000
vn -0.0594 -0.9982 -0.0000
vn -0.0113 -0.0170 -0.9998
vn -0.0105 -0.0490 -0.9987
vn 0.0207 -0.2425 -0.9699
vn -0.1228 0.1022 -0.9872
vn -0.0036 0.0067 -1.0000
vn 0.0175 0.0876 -0.9960
vn -0.0139 -0.0112 -0.9998
vn 0.2008 -0.1457 -0.9687
vn -0.0502 0.0147 -0.9986
vn -0.3785 0.0626 -0.9235
vn -0.0199 -0.0044 0.9998
vn -0.0494 0.0083 0.9987
vn -0.2153 0.1070 0.9707
vn 0.0479 -0.1491 0.9877
vn 0.0048 -0.0058 1.0000
vn 0.0865 -0.0125 0.9962
vn -0.0154 -0.0087 0.9998
vn -0.0620 0.2450 0.9675
vn -0.0046 -0.0522 0.9986
vn -0.0830 -0.3832 0.9199
vn -0.8210 -0.5710 -0.0000
vn -0.8210 -0.5709 -0.0000
vn -0.8274 -0.5616 -0.0000
vn -0.8212 -0.5706 -0.0000
vn -0.8342 -0.5515 -0.0000
vn -0.8348 -0.5506 -0.0000
vn -0.8347 -0.5506 -0.0000
vn 0.6183 -0.7802 0.0942
vn 0.5691 -0.8166 0.0967
vn 0.5696 -0.8162 0.0964
vn 0.6200 -0.7784 0.0985
vn 0.6879 -0.7258 0.0039
vn 0.6900 -0.7236 0.0130
vn 0.6182 -0.7795 -0.1014
vn 0.6139 -0.7832 -0.0981
vn 0.5673 -0.8178 -0.0967
vn 0.5668 -0.8182 -0.0964
vn 0.5162 -0.8513 -0.0941
vn 0.5138 -0.8522 -0.0985
vn 0.4409 -0.8976 -0.0039
vn 0.4381 -0.8988 -0.0130
vn 0.5155 -0.8509 0.1013
vn 0.5205 -0.8482 0.0981
vn 0.5691 -0.8165 0.0967
vn 0.5696 -0.8163 0.0964
vn -0.0136 -0.9955 0.0941
vn -0.0747 -0.9925 0.0967
vn -0.0741 -0.9926 0.0964
vn -0.0112 -0.9951 0.0985
vn 0.0748 -0.9972 0.0039
vn 0.0778 -0.9969 0.0130
vn -0.0133 -0.9948 -0.1013
vn -0.0189 -0.9950 -0.0981
vn -0.0769 -0.9923 -0.0967
vn -0.0775 -0.9923 -0.0964
vn -0.1377 -0.9860 -0.0942
vn -0.1401 -0.9852 -0.0985
vn -0.2252 -0.9743 -0.0039
vn -0.2282 -0.9735 -0.0130
vn -0.1379 -0.9852 0.1014
vn -0.1324 -0.9863 0.0981
vn -0.0075 -0.0886 -0.9960
vn -0.0079 -0.0889 -0.9960
vn -0.5286 -0.0652 -0.8464
vn -0.5552 -0.0646 -0.8292
vn -0.9970 -0.0776 0.0021
vn -0.9971 -0.0765 0.0011
vn -0.5310 -0.0642 0.8450
vn -0.5568 -0.0655 0.8281
vn -0.0057 -0.0891 0.9960
vn -0.0061 -0.0887 0.9960
vn 0.5125 -0.1447 0.8464
vn 0.5390 -0.1481 0.8292
vn 0.9736 -0.2281 -0.0020
vn 0.9739 -0.2270 -0.0011
vn 0.5151 -0.1440 -0.8450
vn 0.5404 -0.1492 -0.8281
vn -0.0078 -0.0889 -0.9960
vn -0.0074 -0.0886 -0.9960
vn 0.0502 -0.0734 -0.9960
vn 0.0501 -0.0739 -0.9960
vn -0.3685 -0.3845 -0.8464
vn -0.3896 -0.4008 -0.8292
vn -0.7238 -0.6900 0.0021
vn -0.7246 -0.6892 0.0011
vn -0.3711 -0.3852 0.8450
vn -0.3903 -0.4025 0.8281
vn 0.0519 -0.0727 0.9960
vn 0.0513 -0.0726 0.9960
vn 0.4887 0.2116 0.8464
vn 0.5114 0.2257 0.8292
vn 0.8988 0.4383 -0.0020
vn 0.8983 0.4393 -0.0011
vn 0.4903 0.2137 -0.8450
vn 0.5132 0.2257 -0.8281
vn 0.1232 -0.0009 -0.9924
vn -0.9700 0.2431 -0.0000
vn -0.8022 0.1532 -0.5771
vn -0.9788 0.2046 -0.0000
vn -0.8076 0.2024 0.5540
vn 0.1316 0.9913 -0.0000
vn 0.1354 0.9644 0.2273
vn 0.1368 0.9906 -0.0000
vn 0.1284 0.9669 -0.2205
vt 0.821548 0.988526
vt 0.828269 0.996628
vt 0.836141 0.944582
vt 0.805901 0.502630
vt 0.743089 0.496769
vt 0.759931 0.620746
vt 0.806565 0.616754
vt 0.777449 0.790254
vt 0.807397 0.787646
vt 0.791432 0.944762
vt 0.808127 0.933811
vt 0.055223 0.425948
vt 0.055729 0.434590
vt 0.263180 0.529519
vt 0.269905 0.466301
vt 0.371242 0.570465
vt 0.053281 0.417065
vt 0.277151 0.402916
vt 0.053861 0.407998
vt 0.281683 0.321596
vt 0.052918 0.398611
vt 0.285323 0.211407
vt 0.455322 0.344153
vt 0.503178 0.218832
vt 0.599737 0.440426
vt 0.668027 0.356370
vt 0.714628 0.649619
vt 0.721289 0.643210
vt 0.398183 0.497300
vt 0.479768 0.609094
vt 0.515359 0.556776
vt 0.696413 0.668388
vt 0.422932 0.430600
vt 0.550688 0.504288
vt 0.709324 0.656783
vt 0.702249 0.662209
vt 0.693097 0.695346
vt 0.691266 0.686920
vt 0.475261 0.623420
vt 0.215550 0.999825
vt 0.500451 0.992286
vt 0.272505 0.841857
vt 0.482011 0.852525
vt 0.700675 0.722399
vt 0.697653 0.712998
vt 0.474882 0.758283
vt 0.696615 0.703855
vt 0.475004 0.688828
vt 0.365009 0.587386
vt 0.336741 0.664710
vt 0.257227 0.543380
vt 0.214976 0.594037
vt 0.047880 0.452460
vt 0.041000 0.457833
vt 0.170197 0.647700
vt 0.032771 0.462186
vt 0.104042 0.715905
vt 0.026061 0.468634
vt 0.000175 0.812158
vt 0.017662 0.474003
vt 0.309857 0.738684
vt 0.819339 0.933954
vt 0.819059 0.787661
vt 0.000175 0.184431
vt 0.012205 0.184431
vt 0.849008 0.790041
vt 0.865111 0.620522
vt 0.807221 0.999825
vt 0.821719 0.999601
vt 0.807050 0.988750
vt 0.276676 0.184781
vt 0.038070 0.380404
vt 0.064091 0.157322
vt 0.055998 0.184431
vt 0.070104 0.179238
vt 0.081135 0.162410
vt 0.047047 0.152234
vt 0.047047 0.172355
vt 0.058077 0.135406
vt 0.072183 0.130213
vt 0.081135 0.142289
vt 0.029626 0.157280
vt 0.037732 0.130129
vt 0.023604 0.135330
vt 0.012556 0.152184
vt 0.046697 0.162376
vt 0.046697 0.142223
vt 0.035649 0.179230
vt 0.021521 0.184431
vt 0.012556 0.172336
vt 0.800444 0.997055
vt 0.947331 0.374805
vt 0.949978 0.429159
vt 0.967000 0.429159
vt 0.969646 0.374805
vt 0.949978 0.320451
vt 0.967000 0.320451
vt 0.947331 0.483513
vt 0.949978 0.537866
vt 0.967000 0.537866
vt 0.969646 0.483512
vt 0.940375 0.221772
vt 0.941715 0.204802
vt 0.810824 0.194466
vt 0.809484 0.211435
vt 0.799434 0.040656
vt 0.782446 0.039573
vt 0.774093 0.170606
vt 0.791081 0.171689
vt 0.742739 0.639317
vt 0.691103 0.343523
vt 0.818488 0.616711
vt 0.881872 0.496769
vt 0.819180 0.502644
vt 0.000175 0.126806
vt 0.012205 0.126806
vt 0.517025 0.184781
vt 0.900969 0.259301
vt 0.803848 0.216440
vt 0.861705 0.296980
vt 0.798079 0.221290
vt 0.817838 0.329183
vt 0.792309 0.226139
vt 0.774093 0.361551
vt 0.786411 0.230831
vt 0.837556 0.079490
vt 0.796170 0.177249
vt 0.875825 0.118178
vt 0.801107 0.182944
vt 0.908688 0.161553
vt 0.806044 0.188639
vt 0.081485 0.177374
vt 0.084132 0.184431
vt 0.101154 0.184431
vt 0.103800 0.177374
vt 0.084132 0.170317
vt 0.101154 0.170317
vt 0.081485 0.163259
vt 0.103800 0.163259
vt 0.084132 0.156202
vt 0.101154 0.156202
vt 0.990945 0.832163
vt 0.980752 0.805163
vt 0.997011 0.852511
vt 0.999073 0.873644
vt 0.999825 0.902494
vt 0.999073 0.931344
vt 0.997011 0.952477
vt 0.990945 0.972825
vt 0.980752 0.999825
vt 0.891116 0.755017
vt 0.901325 0.782059
vt 0.885041 0.734637
vt 0.882975 0.713472
vt 0.882223 0.684577
vt 0.882975 0.655682
vt 0.885041 0.634516
vt 0.891116 0.614136
vt 0.901325 0.587094
vt 0.977307 0.751091
vt 0.970341 0.732640
vt 0.966195 0.718734
vt 0.964786 0.704292
vt 0.964273 0.684577
vt 0.964786 0.664861
vt 0.966195 0.650419
vt 0.970341 0.636513
vt 0.977307 0.618062
vt 0.904889 0.836083
vt 0.911844 0.854505
vt 0.915983 0.868389
vt 0.917390 0.882809
vt 0.917902 0.902494
vt 0.917390 0.922179
vt 0.915983 0.936598
vt 0.911844 0.950482
vt 0.904889 0.968905
s 0
usemtl fish
f 2672/1887/1664 2673/1888/1664 2674/1889/1664
f 2675/1890/1665 2676/1891/1665 2677/1892/1665
s 1
f 2678/1893/1666 2675/1890/1667 2677/1892/1668
f 2678/1893/1666 2677/1892/1668 2679/1894/1669
f 2680/1895/1670 2678/1893/1666 2679/1894/1669
s 0
f 2680/1895/1670 2679/1894/1670 2681/1896/1670
s 1
f 2682/1897/1671 2680/1895/1670 2681/1896/1670
f 2683/1898/1672 2684/1899/1673 2685/1900/1674
f 2686/1901/1675 2683/1898/1672 2685/1900/1674
f 2686/1901/1675 2685/1900/1674 2687/1902/1676
f 2688/1903/1677 2683/1898/1672 2686/1901/1675
f 2689/1904/1678 2688/1903/1677 2686/1901/1675
f 2690/1905/1679 2688/1903/1677 2689/1904/1678
f 2691/1906/1680 2690/1905/1679 2689/1904/1678
f 2692/1907/1681 2690/1905/1679 2691/1906/1680
f 2693/1908/1682 2692/1907/1681 2691/1906/1680
f 2693/1908/1682 2691/1906/1680 2694/1909/1683
f 2695/1910/1684 2693/1908/1682 2694/1909/1683
f 2695/1910/1684 2694/1909/1683 2696/1911/1685
f 2697/1912/1686 2695/1910/1684 2696/1911/1685
f 2697/1912/1686 2696/1911/1685 2698/1913/1687
f 2699/1914/1688 2697/1912/1686 2698/1913/1687
f 2700/1915/1689 2686/1901/1675 2687/1902/1676
f 2689/1904/1678 2686/1901/1675 2700/1915/1689
f 2700/1915/1689 2687/1902/1676 2701/1916/1690
f 2702/1917/1691 2700/1915/1689 2701/1916/1690
f 2702/1917/1691 2701/1916/1690 2703/1918/1692
f 2704/1919/1693 2689/1904/1678 2700/1915/1689
f 2704/1919/1693 2700/1915/1689 2702/1917/1691
f 2694/1909/1683 2691/1906/1680 2704/1919/1693
f 2691/1906/1680 2689/1904/1678 2704/1919/1693
f 2694/1909/1683 2704/1919/1693 2705/1920/1694
f 2696/1911/1685 2694/1909/1683 2705/1920/1694
f 2705/1920/1694 2704/1919/1693 2702/1917/1691
f 2698/1913/1687 2696/1911/1685 2706/1921/1695
f 2696/1911/1685 2705/1920/1694 2706/1921/1695
f 2707/1922/1696 2702/1917/1691 2703/1918/1692
f 2705/1920/1694 2702/1917/1691 2707/1922/1696
f 2706/1921/1695 2705/1920/1694 2707/1922/1696
f 2708/1923/1697 2709/1924/1698 2710/1925/1699
f 2711/1926/1700 2712/1927/1701 2713/1928/1702
f 2712/1927/1701 2714/1929/1703 2713/1928/1702
f 2712/1927/1701 2715/1930/1704 2714/1929/1703
f 2715/1930/1704 2716/1931/1705 2714/1929/1703
f 2714/1929/1703 2716/1931/1705 2717/1932/1706
f 2716/1931/1705 2718/1933/1707 2717/1932/1706
f 2719/1934/1708 2708/1923/1697 2710/1925/1699
f 2717/1932/1706 2718/1933/1707 2719/1934/1708
f 2718/1933/1707 2708/1923/1697 2719/1934/1708
f 2719/1934/1708 2710/1925/1699 2720/1935/1709
f 2721/1936/1710 2719/1934/1708 2720/1935/1709
f 2717/1932/1706 2719/1934/1708 2721/1936/1710
f 2721/1936/1710 2720/1935/1709 2722/1937/1711
f 2723/1938/1712 2721/1936/1710 2722/1937/1711
f 2723/1938/1712 2722/1937/1711 2724/1939/1713
f 2725/1940/1714 2723/1938/1712 2724/1939/1713
f 2726/1941/1715 2723/1938/1712 2725/1940/1714
f 2727/1942/1716 2726/1941/1715 2725/1940/1714
f 2728/1943/1717 2713/1928/1702 2726/1941/1715
f 2711/1926/1700 2713/1928/1702 2728/1943/1717
f 2728/1943/1717 2726/1941/1715 2727/1942/1716
f 2729/1944/1718 2728/1943/1717 2727/1942/1716
f 2730/1945/1719 2728/1943/1717 2729/1944/1718
f 2730/1945/1719 2711/1926/1700 2728/1943/1717
f 2731/1946/1720 2730/1945/1719 2729/1944/1718
f 2713/1928/1702 2732/1947/1721 2726/1941/1715
f 2726/1941/1715 2732/1947/1721 2723/1938/1712
f 2732/1947/1721 2717/1932/1706 2721/1936/1710
f 2732/1947/1721 2721/1936/1710 2723/1938/1712
f 2714/1929/1703 2717/1932/1706 2732/1947/1721
f 2713/1928/1702 2714/1929/1703 2732/1947/1721
s 0
f 2733/1948/1722 2734/1949/1722 2735/1895/1722
f 2736/1897/1722 2733/1948/1722 2735/1895/1722
f 2737/1950/1723 2738/1951/1723 2739/1951/1723
f 2740/1950/1723 2737/1950/1723 2739/1951/1723
f 2741/1894/1724 2742/1896/1724 2743/1896/1724
f 2744/1894/1724 2741/1894/1724 2743/1896/1724
f 2745/1889/1724 2746/1952/1724 2747/1952/1724
f 2748/1889/1724 2745/1889/1724 2747/1952/1724
f 2749/1952/1725 2750/1953/1725 2751/1953/1725
f 2752/1952/1725 2749/1952/1725 2751/1953/1725
f 2753/1954/1726 2754/1955/1726 2755/1955/1726
s 1
f 2756/1954/1726 2753/1954/1726 2755/1955/1726
s 0
f 2757/1892/1725 2758/1894/1725 2759/1894/1725
f 2760/1892/1725 2757/1892/1725 2759/1894/1725
f 2761/1956/1727 2762/1954/1727 2763/1955/1727
f 2764/1887/1727 2761/1956/1727 2763/1955/1727
f 2765/1907/1728 2766/1908/1728 2767/1957/1728
f 2768/1958/1728 2765/1907/1728 2767/1957/1728
s 1
f 2769/1959/1729 2770/1960/1730 2771/1961/1731
f 2772/1962/1732 2769/1959/1729 2771/1961/1731
f 2769/1959/1729 2773/1963/1733 2770/1960/1730
f 2773/1963/1733 2774/1964/1734 2770/1960/1730
f 2775/1965/1735 2773/1963/1733 2769/1959/1729
f 2776/1966/1736 2775/1965/1735 2769/1959/1729
f 2776/1966/1736 2769/1959/1729 2772/1962/1732
f 2777/1967/1737 2776/1966/1736 2772/1962/1732
s 0
f 2778/1948/1738 2779/1887/1738 2780/1889/1738
s 1
f 2781/1968/1739 2782/1969/1740 2783/1970/1741
f 2784/1971/1742 2781/1968/1739 2783/1970/1741
f 2781/1968/1739 2785/1972/1743 2782/1969/1740
f 2785/1972/1743 2786/1973/1744 2782/1969/1740
f 2787/1974/1745 2785/1972/1743 2781/1968/1739
f 2788/1975/1746 2781/1968/1739 2784/1971/1742
f 2788/1975/1746 2787/1974/1745 2781/1968/1739
f 2789/1976/1747 2788/1975/1746 2784/1971/1742
s 0
f 2790/1956/1748 2791/1897/1748 2792/1977/1748
s 1
f 2793/1978/1749 2794/1979/1750 2795/1980/1750
f 2796/1981/1749 2793/1978/1749 2795/1980/1750
f 2797/1982/1751 2793/1978/1749 2796/1981/1749
f 2798/1983/1751 2797/1982/1751 2796/1981/1749
f 2799/1984/1752 2800/1985/1753 2801/1986/1753
f 2802/1987/1752 2799/1984/1752 2801/1986/1753
f 2803/1979/1754 2799/1984/1752 2802/1987/1752
f 2804/1980/1754 2803/1979/1754 2802/1987/1752
s 0
f 2805/1918/1755 2806/1916/1755 2807/1925/1755
f 2808/1924/1755 2805/1918/1755 2807/1925/1755
s 1
f 2809/1988/1756 2810/1989/1756 2811/1990/1756
s 0
f 2812/1991/1756 2809/1988/1756 2811/1990/1756
f 2813/1992/1757 2814/1993/1757 2815/1994/1757
f 2816/1995/1757 2813/1992/1757 2815/1994/1757
f 2817/1912/1758 2818/1914/1758 2819/1996/1758
f 2820/1997/1758 2817/1912/1758 2819/1996/1758
s 1
f 2821/1949/1759 2822/1948/1760 2823/1952/1759
f 2821/1949/1759 2823/1952/1759 2824/1953/1761
f 2825/1998/1761 2821/1949/1759 2824/1953/1761
s 0
f 2825/1998/1761 2824/1953/1761 2826/1999/1761
s 1
f 2827/2000/1762 2825/1998/1761 2826/1999/1761
s 0
f 2822/1948/1760 2828/1889/1760 2829/1952/1760
f 2830/2001/1763 2831/1950/1763 2832/1951/1763
f 2833/2002/1763 2830/2001/1763 2832/1951/1763
f 2834/1887/1764 2835/1948/1764 2836/1897/1764
f 2837/1956/1764 2834/1887/1764 2836/1897/1764
f 2838/1998/1765 2839/2000/1765 2840/1890/1765
f 2841/1893/1765 2838/1998/1765 2840/1890/1765
f 2842/1949/1766 2843/1998/1766 2844/1893/1766
f 2845/1895/1766 2842/1949/1766 2844/1893/1766
s 1
f 2846/1910/1767 2847/1912/1768 2848/1997/1768
f 2849/2003/1769 2846/1910/1767 2848/1997/1768
f 2850/1908/1770 2846/1910/1767 2849/2003/1769
f 2851/1957/1770 2850/1908/1770 2849/2003/1769
f 2852/1902/1771 2853/1900/1772 2854/1937/1772
f 2855/1935/1771 2852/1902/1771 2854/1937/1772
f 2856/1916/1773 2852/1902/1771 2855/1935/1771
f 2857/1925/1773 2856/1916/1773 2855/1935/1771
s 0
f 2858/1900/1774 2859/1899/1774 2860/1939/1774
f 2861/1937/1774 2858/1900/1774 2860/1939/1774
s 1
f 2862/2004/1775 2863/1988/1776 2864/1991/1777
f 2865/2005/1778 2862/2004/1775 2864/1991/1777
f 2866/2006/1779 2862/2004/1775 2865/2005/1778
f 2867/2007/1780 2866/2006/1779 2865/2005/1778
f 2868/2008/1781 2866/2006/1779 2867/2007/1780
f 2869/2009/1782 2868/2008/1781 2867/2007/1780
f 2870/2010/1783 2868/2008/1781 2869/2009/1782
f 2871/2011/1784 2870/2010/1783 2869/2009/1782
f 2872/2012/1785 2873/1992/1786 2874/1995/1787
f 2875/2013/1788 2872/2012/1785 2874/1995/1787
f 2876/2014/1789 2872/2012/1785 2875/2013/1788
f 2877/2015/1790 2876/2014/1789 2875/2013/1788
f 2878/2016/1791 2876/2014/1789 2877/2015/1790
f 2879/2017/1792 2878/2016/1791 2877/2015/1790
f 2880/1989/1793 2878/2016/1791 2879/2017/1792
f 2881/1990/1794 2880/1989/1793 2879/2017/1792
s 0
f 2882/2018/1795 2883/2019/1795 2884/2020/1795
f 2885/2021/1796 2882/2018/1796 2884/2020/1796
s 1
f 2886/2022/1797 2882/2018/1798 2885/2021/1798
f 2887/2023/1797 2886/2022/1797 2885/2021/1798
f 2888/2024/1799 2886/2022/1797 2887/2023/1797
f 2889/2025/1799 2888/2024/1799 2887/2023/1797
f 2890/2026/1800 2888/2024/1799 2889/2025/1799
f 2891/2027/1801 2890/2026/1800 2889/2025/1799
f 2892/2028/1802 2893/2029/1803 2894/2029/1804
f 2895/2028/1805 2892/2028/1802 2894/2029/1804
f 2896/2030/1806 2892/2028/1802 2895/2028/1805
f 2897/2030/1807 2896/2030/1806 2895/2028/1805
f 2898/2031/1808 2896/2030/1806 2897/2030/1807
f 2899/2031/1809 2898/2031/1808 2897/2030/1807
f 2900/2032/1810 2898/2031/1808 2899/2031/1809
f 2901/2032/1811 2900/2032/1810 2899/2031/1809
f 2902/2033/1812 2900/2032/1810 2901/2032/1811
f 2903/2033/1813 2902/2033/1812 2901/2032/1811
f 2904/2034/1814 2902/2033/1812 2903/2033/1813
f 2905/2034/1815 2904/2034/1814 2903/2033/1813
f 2906/2035/1816 2904/2034/1814 2905/2034/1815
f 2907/2035/1817 2906/2035/1816 2905/2034/1815
f 2908/2036/1818 2906/2035/1816 2907/2035/1817
f 2909/2036/1819 2908/2036/1818 2907/2035/1817
f 2910/2037/1820 2911/2038/1821 2912/2038/1822
f 2913/2037/1823 2910/2037/1820 2912/2038/1822
f 2914/2039/1824 2910/2037/1820 2913/2037/1823
f 2915/2039/1825 2914/2039/1824 2913/2037/1823
f 2916/2040/1826 2914/2039/1824 2915/2039/1825
f 2917/2040/1827 2916/2040/1826 2915/2039/1825
f 2918/2041/1828 2916/2040/1826 2917/2040/1827
f 2919/2041/1829 2918/2041/1828 2917/2040/1827
f 2920/2042/1830 2918/2041/1828 2919/2041/1829
f 2921/2042/1831 2920/2042/1830 2919/2041/1829
f 2922/2043/1832 2920/2042/1830 2921/2042/1831
f 2923/2043/1833 2922/2043/1832 2921/2042/1831
f 2924/2044/1834 2922/2043/1832 2923/2043/1833
f 2925/2044/1835 2924/2044/1834 2923/2043/1833
f 2926/2045/1821 2924/2044/1834 2925/2044/1835
f 2927/2045/1822 2926/2045/1821 2925/2044/1835
f 2928/2038/1836 2929/2046/1837 2930/2047/1838
f 2931/2037/1839 2928/2038/1836 2930/2047/1838
f 2931/2037/1839 2930/2047/1838 2932/2048/1840
f 2933/2039/1841 2931/2037/1839 2932/2048/1840
f 2933/2039/1841 2932/2048/1840 2934/2049/1842
f 2935/2040/1843 2933/2039/1841 2934/2049/1842
f 2935/2040/1843 2934/2049/1842 2936/2050/1844
f 2937/2041/1845 2935/2040/1843 2936/2050/1844
f 2937/2041/1845 2936/2050/1844 2938/2051/1846
f 2939/2042/1847 2937/2041/1845 2938/2051/1846
f 2939/2042/1847 2938/2051/1846 2940/2052/1848
f 2941/2043/1849 2939/2042/1847 2940/2052/1848
f 2941/2043/1849 2940/2052/1848 2942/2053/1850
f 2943/2044/1851 2941/2043/1849 2942/2053/1850
f 2943/2044/1851 2942/2053/1850 2944/2054/1852
f 2945/2045/1853 2943/2044/1851 2944/2054/1852
f 2946/2029/1854 2947/2055/1855 2948/2056/1856
f 2949/2028/1857 2946/2029/1854 2948/2056/1856
f 2949/2028/1857 2948/2056/1856 2950/2057/1858
f 2951/2030/1859 2949/2028/1857 2950/2057/1858
f 2951/2030/1859 2950/2057/1858 2952/2058/1860
f 2953/2031/1861 2951/2030/1859 2952/2058/1860
f 2953/2031/1861 2952/2058/1860 2954/2059/1862
f 2955/2032/1863 2953/2031/1861 2954/2059/1862
f 2955/2032/1863 2954/2059/1862 2956/2060/1864
f 2957/2033/1865 2955/2032/1863 2956/2060/1864
f 2957/2033/1865 2956/2060/1864 2958/2061/1866
f 2959/2034/1867 2957/2033/1865 2958/2061/1866
f 2959/2034/1867 2958/2061/1866 2960/2062/1868
f 2961/2035/1869 2959/2034/1867 2960/2062/1868
f 2961/2035/1869 2960/2062/1868 2962/2063/1855
f 2963/2036/1854 2961/2035/1869 2962/2063/1855
s 0
f 2964/1897/1870 2965/1896/1870 2966/1977/1870
f 2967/1888/1871 2968/1889/1871 2969/1889/1871
f 2970/1888/1872 2971/1888/1872 2972/1889/1872
f 2973/1896/1873 2974/1896/1873 2975/1977/1873
f 2976/1896/1874 2977/1977/1874 2978/1977/1874
f 2979/1891/1875 2980/1892/1875 2981/1892/1875
f 2982/1891/1876 2983/1891/1876 2984/1892/1876
f 2985/1953/1877 2986/1953/1877 2987/1999/1877
s 1
f 2988/1953/1878 2989/1999/1878 2990/1999/1878
o Object_14
v 0.008252 1.029556 -0.054185
v 0.015943 1.040590 -0.023341
v 0.014871 1.036142 -0.023312
v -0.003084 1.001177 -0.064066
v 0.008303 1.026080 -0.051211
v -0.000671 1.001071 -0.060180
v 0.101356 0.994662 -0.088169
v 0.121914 1.009305 -0.035612
v 0.174046 0.930081 -0.121996
v 0.209532 0.944237 -0.046761
v 0.225314 0.860425 -0.146921
v 0.270490 0.872864 -0.057304
v 0.260969 0.801366 -0.159406
v 0.308168 0.812485 -0.068105
v 0.290543 0.748888 -0.159309
v 0.330937 0.758285 -0.081384
v 0.340552 0.687550 -0.157344
v 0.365769 0.693474 -0.108525
v 0.443881 0.621596 -0.172481
v 0.446687 0.622249 -0.167090
v 0.236056 0.694118 -0.185235
v 0.183623 0.751400 -0.184478
v 0.317031 0.647447 -0.178352
v 0.442381 0.616978 -0.175354
v 0.113221 0.992572 0.019558
v 0.014742 1.024841 0.004884
v 0.007908 0.999421 0.014554
v 0.080671 0.955194 0.040541
v 0.002444 0.987451 0.000659
v 0.060881 0.937681 0.015032
v -0.000637 0.986670 -0.022625
v 0.054179 0.936647 -0.029560
v -0.002906 0.988480 -0.045944
v 0.051024 0.939417 -0.074469
v 0.064862 0.957978 -0.102982
v 0.109007 0.891994 -0.141669
v 0.144823 0.819132 -0.169970
v 0.192509 0.925473 0.033726
v 0.133605 0.885856 0.065796
v 0.098791 0.868088 0.029770
v 0.087939 0.868006 -0.034599
v 0.083452 0.871916 -0.099605
v 0.114167 0.795117 -0.119552
v 0.157090 0.719305 -0.134408
v 0.222880 0.656783 -0.146184
v 0.317349 0.619371 -0.157768
v 0.251092 0.848660 0.038950
v 0.179164 0.803457 0.077662
v 0.135582 0.785343 0.034872
v 0.120961 0.788009 -0.041938
v 0.167357 0.706821 -0.056082
v 0.237164 0.640347 -0.081458
v 0.331191 0.606391 -0.119456
v 0.294558 0.777973 0.028388
v 0.228372 0.720234 0.065716
v 0.184996 0.699870 0.021614
v 0.256355 0.630085 -0.016728
v 0.346843 0.597970 -0.080571
v 0.330835 0.716752 -0.003491
v 0.289737 0.651304 0.022359
v 0.364328 0.613128 -0.054560
v 0.376053 0.661791 -0.064427
v 0.443327 0.613720 -0.173531
v 0.445392 0.612195 -0.169560
v 0.447525 0.611197 -0.165459
v 0.449114 0.612931 -0.162410
v 0.448935 0.618560 -0.162766
v 0.446687 0.622249 -0.167090
v 0.365769 0.693474 -0.108525
v 0.330937 0.758285 -0.081384
v 0.308168 0.812485 -0.068105
v 0.270490 0.872864 -0.057304
v 0.209532 0.944237 -0.046761
v 0.121914 1.009305 -0.035612
v 0.014871 1.036142 -0.023312
v 0.015943 1.040590 -0.023341
v 0.015347 1.028199 0.007931
v 0.006390 0.999372 0.018869
v -0.000480 0.984533 0.002627
v -0.003693 0.983277 -0.022352
v -0.006196 0.985623 -0.047338
v -0.081122 1.010033 -0.130040
v -0.112710 1.056199 -0.127507
v -0.031726 1.066419 -0.082988
v -0.026669 1.029112 -0.096420
v -0.110842 0.962613 -0.188167
v -0.162439 1.006711 -0.198579
v -0.156040 1.072846 -0.088460
v -0.050082 1.081432 -0.018534
v -0.018446 1.069993 -0.080474
v -0.025684 1.035271 -0.092911
v -0.016877 1.017063 -0.048916
v 0.000596 1.083025 -0.018706
v -0.226758 1.016244 -0.162448
v 0.105150 1.075465 -0.090709
v 0.056967 1.060202 -0.132269
v 0.019750 1.012665 -0.134278
v 0.026647 0.985746 -0.103832
v 0.056723 0.978492 -0.063765
v -0.001484 1.013623 -0.021652
v -0.036724 1.010328 -0.051164
v -0.088854 0.985300 -0.101958
v -0.118487 0.934071 -0.151798
v -0.141361 0.873438 -0.207526
v -0.131379 0.907656 -0.245028
v -0.190812 0.952021 -0.260769
v -0.266421 0.954484 -0.228790
v -0.209379 0.908229 -0.310361
v -0.286359 0.906744 -0.283672
v -0.152292 0.860441 -0.299578
v -0.165242 0.820389 -0.270195
v -0.214407 0.796490 -0.238797
v -0.188070 0.855042 -0.168580
v -0.157735 0.922777 -0.111257
v -0.116785 0.980056 -0.064616
v -0.052463 1.007629 -0.021717
v 0.014017 1.013815 0.005766
v 0.089334 0.976314 -0.025108
v -0.226770 0.875075 -0.348751
v -0.293726 0.872731 -0.328437
v -0.181650 0.828918 -0.351993
v -0.196605 0.789531 -0.338952
v -0.241496 0.765551 -0.320430
v -0.289121 0.747183 -0.302327
v -0.267339 0.778363 -0.209747
v -0.238883 0.841852 -0.132786
v -0.200596 0.916375 -0.073396
v -0.146769 0.979670 -0.028522
v -0.068079 1.008792 0.007896
v -0.302458 0.763063 -0.396342
v -0.270361 0.774981 -0.403411
v -0.239631 0.790540 -0.409388
v -0.227143 0.816092 -0.408146
v -0.252996 0.846034 -0.394904
v -0.296437 0.844511 -0.382547
v -0.330007 0.761009 -0.293261
v -0.316012 0.793049 -0.202644
v -0.287764 0.857005 -0.125177
v -0.215957 0.943032 -0.031488
v -0.173991 1.001004 -0.012279
v -0.073822 1.027279 0.027276
v 0.023857 1.030063 0.023000
v 0.120274 0.997541 -0.008038
v 0.132420 1.048850 -0.037513
v 0.018739 1.066085 0.013567
v -0.069466 1.064572 0.016322
v -0.182418 1.049422 -0.039116
v -0.261269 0.985413 -0.104212
v -0.308194 0.914003 -0.170809
v -0.332266 0.857645 -0.237603
v -0.338126 0.824102 -0.304666
v -0.328617 0.812962 -0.379201
v -0.327891 0.772031 -0.387226
v -0.293726 0.872731 -0.328437
v -0.286359 0.906744 -0.283672
v -0.266421 0.954484 -0.228790
v -0.226758 1.016244 -0.162448
v -0.156040 1.072846 -0.088460
v -0.050082 1.081432 -0.018534
v 0.000596 1.083025 -0.018706
v 0.105150 1.075465 -0.090709
v 0.174486 1.015593 -0.165328
v 0.209875 0.980869 -0.101454
v 0.212451 0.952400 -0.229439
v 0.254375 0.908167 -0.166872
v 0.231392 0.904576 -0.281243
v 0.152651 0.907165 -0.311765
v 0.212451 0.952400 -0.229439
v 0.132959 0.951495 -0.265617
v 0.092812 0.857790 -0.303720
v 0.068450 0.905424 -0.250880
v 0.104882 0.815595 -0.273608
v 0.077298 0.868614 -0.210952
v 0.154492 0.789863 -0.239714
v 0.125458 0.847879 -0.168333
v 0.208127 0.770135 -0.207993
v 0.178172 0.832616 -0.128913
v 0.258376 0.784892 -0.198499
v 0.230210 0.847698 -0.119323
v 0.276923 0.852448 -0.232787
v 0.186721 0.926313 -0.056075
v 0.231392 0.904576 -0.281243
v 0.238932 0.870470 -0.324760
v 0.283023 0.820232 -0.300424
v 0.274225 0.755834 -0.291050
v 0.233024 0.742189 -0.302206
v 0.185386 0.761534 -0.321820
v 0.140549 0.786583 -0.341587
v 0.125934 0.827022 -0.354203
v 0.171717 0.873664 -0.347826
v 0.238932 0.870470 -0.324760
v 0.243425 0.843038 -0.380893
v 0.275503 0.811146 -0.377509
v 0.274787 0.770259 -0.386520
v 0.249441 0.761592 -0.396467
v 0.217451 0.773870 -0.404035
v 0.186820 0.789768 -0.410393
v 0.174370 0.815441 -0.408850
v 0.200131 0.845060 -0.394270
v 0.242830 0.826826 -0.473406
v 0.245122 0.829422 -0.471139
v 0.243425 0.843038 -0.380893
v 0.249444 0.829278 -0.469954
v 0.249444 0.829278 -0.469954
v 0.252921 0.826525 -0.470616
v 0.253220 0.822968 -0.472709
v 0.250779 0.822195 -0.473902
v 0.247488 0.823241 -0.474231
v 0.244300 0.824602 -0.474336
v 0.020714 0.946811 0.155613
v 0.014650 0.974751 0.097999
v -0.000747 0.998822 0.143143
v 0.009481 0.966774 0.179323
v -0.026921 1.004943 0.149818
v -0.019835 0.974673 0.192170
v -0.045262 1.000452 0.113094
v -0.047913 0.965066 0.185423
v -0.045392 0.985987 0.102306
v -0.048141 0.951145 0.170011
v -0.031603 0.971644 0.092549
v -0.032393 0.938840 0.154166
v 0.005157 1.035515 0.065368
v 0.012252 1.015732 0.057794
v -0.013429 1.034539 0.080349
v -0.030877 1.034173 0.061582
v -0.033697 1.028353 0.054620
v -0.023424 1.015053 0.050590
v -0.011654 1.002823 0.047335
v -0.015911 0.958607 0.083897
v -0.014453 0.927997 0.139639
v -0.001858 1.038028 -0.002217
v 0.000793 1.044293 0.001336
v -0.007431 1.049861 0.002707
v -0.016804 1.044586 0.001112
v -0.014820 1.036183 -0.003616
v -0.011578 1.035682 -0.005303
v -0.007270 1.035056 -0.004298
v -0.004276 1.034354 -0.003616
v 0.002093 1.000198 0.048805
v 0.002013 0.956544 0.083574
v 0.006109 0.927946 0.136717
v -0.008932 1.031451 -0.006573
v -0.002205 1.031048 -0.006007
v -0.014655 1.032791 -0.007065
v -0.019076 1.035323 -0.005055
v -0.020111 1.047738 0.000866
v -0.007517 1.054380 0.003416
v 0.004133 1.047415 0.001528
v 0.002574 1.037618 -0.003277
v -0.002205 1.031048 -0.006007
v -0.004276 1.034354 -0.003616
v 0.002093 1.000198 0.048805
v 0.002013 0.956544 0.083574
v 0.006109 0.927946 0.136717
v 0.013396 0.894922 0.173868
v 0.028549 0.912167 0.194299
v 0.018542 0.926383 0.222689
v -0.009688 0.928251 0.240234
v -0.037547 0.916351 0.235066
v -0.038435 0.905220 0.217314
v -0.023655 0.897790 0.197576
v -0.006666 0.891856 0.179151
v 0.013396 0.894922 0.173868
v 0.025247 0.859069 0.204048
v 0.039007 0.873005 0.222522
v 0.032507 0.879980 0.250085
v 0.010308 0.875497 0.268460
v -0.012989 0.862388 0.265249
v -0.014817 0.855177 0.248451
v -0.003847 0.853448 0.228811
v 0.009027 0.853108 0.210285
v 0.025247 0.859069 0.204048
v 0.035323 0.811476 0.230636
v 0.045042 0.818044 0.225686
v 0.076125 0.766861 0.227729
v 0.078464 0.769527 0.226228
v 0.045042 0.818044 0.225686
v 0.054916 0.827158 0.238627
v 0.052741 0.828262 0.258690
v 0.040115 0.820741 0.272563
v 0.025322 0.809495 0.270897
v 0.023026 0.806146 0.258831
v 0.028541 0.808289 0.244358
v 0.074896 0.764968 0.231884
v 0.078464 0.769527 0.226228
v 0.081544 0.772177 0.230143
v 0.081764 0.771519 0.236217
v 0.079017 0.768031 0.240418
v 0.075097 0.764003 0.239918
v 0.074026 0.763417 0.236266
v -0.050966 1.004314 -0.003995
v -0.035404 1.006923 -0.003789
v -0.036444 1.010931 -0.001841
v -0.037951 0.986664 0.047279
v -0.050358 1.008092 -0.001487
v -0.063364 1.011221 -0.001272
v -0.058734 0.933812 0.087960
v -0.069182 0.984298 0.039823
v -0.060404 1.012743 0.001867
v -0.072759 1.047800 0.014654
v -0.080921 0.911413 0.123368
v -0.101397 0.937139 0.064444
v -0.093856 0.998188 0.039916
v -0.069466 1.045097 0.016322
v -0.048954 1.049932 0.015765
v -0.114775 0.921964 0.089209
v -0.121929 0.889563 0.145317
v -0.132747 0.961281 0.060537
v -0.095974 1.021342 0.044518
v -0.047970 1.045466 0.015651
v -0.011045 1.053668 0.000285
v -0.011011 1.049093 0.000255
v -0.053974 1.049247 0.076821
v -0.124398 1.003558 0.062401
v -0.140893 0.950622 0.079007
v -0.143464 0.907207 0.102966
v -0.173308 0.875781 0.154818
v -0.178775 0.895938 0.115053
v -0.233735 0.873008 0.150417
v -0.228566 0.888196 0.124765
v -0.301552 0.884786 0.109360
v -0.299582 0.887198 0.105802
v -0.228632 0.911115 0.115726
v -0.298826 0.890805 0.104685
v -0.266345 0.938887 0.098392
v -0.013429 1.045135 0.080348
v -0.082827 1.029034 0.132221
v -0.008283 1.007469 0.152365
v -0.247443 0.932167 0.178136
v -0.195393 0.963292 0.195748
v -0.217190 0.961036 0.091785
v -0.187208 0.928446 0.100565
v -0.162373 0.940769 0.088157
v -0.156076 0.989033 0.072633
v -0.105373 1.007307 0.168179
v -0.060115 0.976922 0.201030
v -0.008283 0.958604 0.139675
v -0.034369 0.924833 0.192322
v -0.116751 0.948724 0.234029
v -0.184740 0.922892 0.236064
v -0.251137 0.902976 0.203898
v -0.147361 0.988139 0.191585
v -0.188520 0.974158 0.083110
v -0.095443 0.892459 0.227870
v -0.171531 0.871145 0.231535
v -0.246362 0.867369 0.200320
v -0.239622 0.860916 0.177518
v -0.168999 0.860205 0.196727
v -0.101726 0.877081 0.190090
v -0.048347 0.905882 0.159873
v -0.017333 0.935470 0.113794
v -0.007559 0.992306 0.056283
v -0.008195 1.010258 0.068583
v -0.022901 1.015201 -0.001487
v -0.010218 1.023775 0.001529
v -0.019807 1.012243 -0.003102
v -0.009982 1.019869 -0.000841
v -0.035404 1.006923 -0.003789
v -0.036444 1.010931 -0.001841
v -0.037951 0.986664 0.047279
v -0.058734 0.933812 0.087960
v -0.080921 0.911413 0.123368
v -0.121929 0.889563 0.145317
v -0.173308 0.875781 0.154818
v -0.233735 0.873008 0.150417
v -0.303620 0.882859 0.113151
v -0.301552 0.884786 0.109360
v -0.300581 0.894654 0.108419
v -0.303412 0.894042 0.113802
v -0.305441 0.889432 0.117266
v -0.305300 0.883847 0.116472
v 0.510127 0.933147 -0.023137
v 0.508025 0.933861 -0.026284
v 0.509219 0.936891 -0.019014
v 0.504819 0.936911 -0.027950
v 0.505538 0.941764 -0.018742
v 0.501547 0.944541 -0.022446
v 0.501650 0.940215 -0.029135
v 0.499906 0.943338 -0.027709
v 0.005506 0.677094 -0.444878
v 0.002729 0.674432 -0.444705
v 0.003490 0.682292 -0.445745
v -0.001973 0.673998 -0.444980
v -0.002233 0.684327 -0.446437
v -0.007843 0.681900 -0.446499
v -0.006687 0.674106 -0.445332
v -0.009593 0.676571 -0.445883
v 0.253220 0.822968 -0.472709
v 0.250779 0.822195 -0.473902
v 0.252921 0.826525 -0.470616
v 0.247488 0.823241 -0.474231
v 0.249444 0.829278 -0.469954
v 0.245122 0.829422 -0.471139
v 0.244300 0.824602 -0.474336
v 0.242830 0.826826 -0.473406
v 0.449114 0.612931 -0.162410
v 0.447525 0.611197 -0.165459
v 0.448935 0.618560 -0.162766
v 0.445392 0.612195 -0.169560
v 0.446687 0.622249 -0.167090
v 0.443881 0.621596 -0.172481
v 0.443327 0.613720 -0.173531
v 0.442381 0.616978 -0.175354
v -0.117457 0.808190 -0.120663
v -0.138361 0.741375 -0.152208
v -0.079740 0.809510 -0.148375
v -0.059219 0.876749 -0.118438
v -0.092276 0.876196 -0.093668
v -0.153860 0.819473 -0.119580
v -0.123790 0.887818 -0.091840
v -0.028767 0.879996 -0.146164
v -0.175500 0.753012 -0.151040
v -0.190451 0.693229 -0.195094
v -0.158170 0.681057 -0.197379
v -0.099428 0.743986 -0.179847
v -0.045095 0.813550 -0.179611
v -0.021948 0.893911 -0.176022
v -0.001530 0.959199 -0.125983
v -0.008124 0.945708 -0.103694
v -0.032601 0.942811 -0.081742
v -0.058919 0.942559 -0.061827
v -0.082983 0.954149 -0.058847
v -0.012704 1.004514 -0.015419
v -0.028603 1.014473 -0.011647
v 0.006019 1.004672 -0.029620
v 0.023707 1.007095 -0.044901
v 0.029786 1.018611 -0.058924
v 0.012423 1.040139 -0.063550
v -0.029621 0.984317 -0.137433
v -0.060001 0.919368 -0.194299
v -0.037822 0.828067 -0.214107
v -0.063567 0.749573 -0.210982
v -0.123012 0.684921 -0.220872
v -0.178409 0.636403 -0.262680
v -0.199363 0.646367 -0.259314
v -0.154008 0.640049 -0.277520
v -0.090345 0.692051 -0.247045
v -0.055562 0.766158 -0.245289
v -0.082195 0.853481 -0.236619
v -0.108963 0.928187 -0.174897
v -0.067788 0.993330 -0.120634
v -0.013762 1.047927 -0.050265
v -0.015431 1.051821 -0.051992
v 0.013877 1.043168 -0.066655
v 0.033980 1.018442 -0.060743
v 0.027098 1.004241 -0.043765
v -0.138412 0.861475 -0.215674
v -0.100427 0.793492 -0.267556
v -0.081690 0.710857 -0.274737
v -0.131009 0.646437 -0.293619
v -0.194150 0.616825 -0.352336
v -0.198259 0.616119 -0.350105
v -0.158110 0.800833 -0.246597
v -0.119507 0.740460 -0.290889
v -0.123352 0.662457 -0.308929
v -0.190213 0.618041 -0.354657
v -0.170600 0.747317 -0.272048
v -0.146481 0.687126 -0.315004
v -0.188607 0.621040 -0.356463
v -0.180791 0.692388 -0.301578
v -0.191904 0.625618 -0.356441
v -0.197462 0.626565 -0.354077
v -0.090760 0.980526 -0.087041
v -0.067788 0.993330 -0.120634
v -0.108963 0.928187 -0.174897
v -0.136444 0.914793 -0.131112
v -0.138412 0.861475 -0.215674
v -0.169292 0.847029 -0.165667
v -0.158110 0.800833 -0.246597
v -0.190452 0.783625 -0.196813
v -0.170600 0.747317 -0.272048
v -0.201143 0.727228 -0.231109
v -0.180791 0.692388 -0.301578
v -0.203535 0.675048 -0.277764
v -0.197462 0.626565 -0.354077
v -0.201588 0.623305 -0.350962
v -0.201510 0.617957 -0.349164
v -0.031404 1.037033 -0.028064
v -0.013762 1.047927 -0.050265
v 0.008151 1.001369 -0.027280
v -0.012027 1.001484 -0.012059
v -0.031180 1.013861 -0.007916
v -0.034958 1.039735 -0.027063
v -0.015431 1.051821 -0.051992
v 0.499906 0.943338 -0.027709
v 0.501650 0.940215 -0.029135
v 0.397825 0.933371 -0.014917
v 0.406907 0.907360 -0.024025
v 0.504819 0.936911 -0.027950
v 0.324607 0.937857 -0.011058
v 0.424113 0.878390 -0.012421
v 0.508025 0.933861 -0.026284
v 0.329221 0.895317 -0.022588
v 0.272955 0.948924 -0.010469
v 0.441613 0.851342 0.002812
v 0.510127 0.933147 -0.023137
v 0.341235 0.846738 -0.001200
v 0.265395 0.899653 -0.022027
v 0.224301 0.962968 -0.009381
v 0.205964 0.916831 -0.020628
v 0.164754 0.983564 -0.008814
v 0.259931 0.843333 0.005303
v 0.353841 0.801136 0.025693
v 0.453479 0.843542 0.028119
v 0.509219 0.936891 -0.019014
v 0.505538 0.941764 -0.018742
v 0.449395 0.873440 0.058081
v 0.364088 0.786830 0.066365
v 0.255426 0.790454 0.038952
v 0.184009 0.865200 0.006943
v 0.143645 0.945488 -0.019153
v 0.092407 1.008692 -0.011336
v 0.501547 0.944541 -0.022446
v 0.429719 0.915073 0.056897
v 0.364946 0.834646 0.110298
v 0.256968 0.773814 0.087316
v 0.163199 0.816941 0.040797
v 0.115683 0.904406 0.004301
v 0.077095 0.979535 -0.019019
v 0.013112 1.022040 -0.017006
v 0.007890 1.003933 -0.020328
v 0.054685 0.949245 -0.001554
v -0.002152 0.985560 -0.009657
v 0.032678 0.921407 0.020016
v -0.012381 0.968766 0.003211
v -0.014349 0.965838 0.000298
v -0.002938 0.983438 -0.013634
v 0.007782 1.003355 -0.024865
v 0.013994 1.024956 -0.020419
v 0.088673 0.866315 0.033269
v 0.155724 0.802785 0.089120
v 0.268306 0.829148 0.136634
v 0.352578 0.903605 0.103944
v 0.407622 0.940865 0.025779
v 0.499906 0.943338 -0.027709
v 0.397825 0.933371 -0.014917
v 0.335312 0.948007 0.052184
v 0.324607 0.937857 -0.011058
v 0.280306 0.960584 0.063237
v 0.272955 0.948924 -0.010469
v 0.226899 0.975823 0.064054
v 0.076600 0.856604 0.075249
v 0.175426 0.855591 0.137988
v 0.278265 0.909057 0.125996
v 0.021180 0.915477 0.051262
v 0.096870 0.901555 0.118472
v 0.205886 0.929617 0.126928
v 0.033978 0.950946 0.083418
v 0.133884 0.961540 0.109678
v 0.062368 0.996031 0.076854
v 0.163038 0.996851 0.055375
v 0.087440 1.020911 0.036431
v -0.019395 0.965648 0.020741
v -0.017181 0.988068 0.037439
v -0.005760 1.015752 0.032340
v 0.006335 1.034676 -0.001487
v 0.224301 0.962968 -0.009381
v 0.164754 0.983564 -0.008814
v 0.092407 1.008692 -0.011336
v 0.013112 1.022040 -0.017006
v 0.013994 1.024956 -0.020419
v 0.006769 1.039212 -0.001069
v -0.007011 1.018800 0.035514
v -0.020164 0.988269 0.040901
v -0.023058 0.962970 0.021325
v -0.572894 0.931540 -0.074713
v -0.572697 0.927966 -0.079330
v -0.574154 0.928283 -0.076931
v -0.570113 0.929424 -0.081128
v -0.569677 0.934567 -0.075478
v -0.566647 0.935372 -0.078685
v -0.567507 0.931150 -0.082629
v -0.565832 0.933387 -0.082223
v 0.087440 1.020912 0.036432
v 0.038586 1.043601 0.004649
v 0.018739 1.046610 0.013567
v 0.037584 1.049248 0.076821
v 0.111650 1.009479 0.092965
v 0.066261 1.029034 0.132222
v 0.168173 0.922892 0.236065
v 0.178826 0.963292 0.195749
v 0.100184 0.948724 0.234030
v 0.130794 0.988139 0.191586
v 0.043548 0.976923 0.201030
v 0.088806 1.007307 0.168180
v -0.008283 1.007469 0.152365
v -0.013429 1.045135 0.080348
v -0.011011 1.049093 0.000255
v 0.019550 1.051111 0.013437
v 0.041573 1.046008 0.002157
v 0.046450 1.010888 -0.001399
v 0.043838 1.012743 0.001867
v 0.075367 0.997416 0.042190
v 0.116181 0.961281 0.060538
v -0.011045 1.053668 0.000285
v -0.008283 0.958604 0.139675
v 0.017802 0.924833 0.192323
v 0.078876 0.892460 0.227871
v 0.154963 0.871145 0.231537
v 0.034503 1.004337 -0.004002
v 0.046450 1.010888 -0.001399
v 0.043838 1.012743 0.001867
v 0.033792 1.008092 -0.001487
v 0.018838 1.006922 -0.003786
v 0.019878 1.010931 -0.001841
v 0.003425 1.012037 -0.003053
v 0.006335 1.015201 -0.001487
v -0.009982 1.019869 -0.000841
v -0.010218 1.023775 0.001529
v -0.008195 1.010258 0.068583
v -0.008831 0.992306 0.056283
v 0.000766 0.935471 0.113795
v 0.031780 0.905882 0.159873
v 0.085158 0.877081 0.190092
v 0.152431 0.860206 0.196728
v 0.021560 0.986664 0.047280
v 0.042168 0.933813 0.087961
v 0.064354 0.911413 0.123369
v 0.105362 0.889564 0.145318
v 0.156742 0.875781 0.154820
v 0.223054 0.860916 0.177520
v 0.217168 0.873007 0.150419
v 0.162208 0.895938 0.115054
v 0.211998 0.888196 0.124767
v 0.170641 0.928446 0.100566
v 0.212065 0.911115 0.115728
v 0.229794 0.867369 0.200322
v 0.288733 0.883847 0.123599
v 0.287053 0.882858 0.120279
v 0.284985 0.884785 0.116487
v 0.283015 0.887197 0.112928
v 0.282258 0.890804 0.111813
v 0.052792 0.984298 0.039823
v 0.084830 0.937140 0.064444
v 0.098209 0.921964 0.089210
v 0.126896 0.907207 0.102967
v 0.145806 0.940769 0.088159
v 0.075367 0.997416 0.042190
v 0.116181 0.961281 0.060538
v 0.124326 0.950622 0.079009
v -0.567507 0.931150 -0.082629
v -0.565832 0.933387 -0.082223
v -0.457362 0.902553 -0.060805
v -0.470943 0.877619 -0.062822
v -0.378974 0.892212 -0.049428
v -0.570113 0.929424 -0.081128
v -0.389894 0.849566 -0.047905
v -0.327460 0.897695 -0.044428
v -0.492881 0.857093 -0.044955
v -0.572697 0.927966 -0.079330
v -0.322870 0.847307 -0.037563
v -0.279663 0.913053 -0.038262
v -0.411529 0.812849 -0.014591
v -0.514743 0.839392 -0.024203
v -0.574154 0.928283 -0.076931
v -0.259780 0.867078 -0.029385
v -0.215957 0.943032 -0.031488
v -0.327211 0.803599 0.007187
v -0.433645 0.780745 0.022910
v -0.527600 0.841253 0.001124
v -0.572894 0.931540 -0.074713
v -0.569677 0.934567 -0.075478
v -0.518098 0.876404 0.021471
v -0.449133 0.781852 0.064131
v -0.333176 0.765298 0.056474
v -0.245065 0.828786 0.017732
v -0.191590 0.906285 -0.023897
v -0.135316 0.982990 -0.028692
v -0.117043 0.955126 -0.022927
v -0.058688 1.037595 -0.030928
v -0.168699 0.877943 0.017230
v -0.232828 0.795645 0.069254
v -0.343986 0.766186 0.106369
v -0.445073 0.840528 0.090723
v -0.491423 0.911063 0.010121
v -0.566647 0.935372 -0.078685
v -0.051614 1.020335 -0.026655
v -0.059189 1.038512 -0.035383
v -0.097232 0.935261 0.007692
v -0.148183 0.854023 0.062238
v -0.236443 0.798505 0.119915
v -0.357734 0.835223 0.131736
v -0.420728 0.900974 0.065369
v -0.465377 0.922415 -0.025012
v -0.565832 0.933387 -0.082223
v -0.457362 0.902553 -0.060805
v -0.392412 0.923365 0.005485
v -0.378974 0.892212 -0.049428
v -0.358230 0.906878 0.093856
v -0.265953 0.862921 0.143085
v -0.146350 0.859225 0.106636
v -0.078843 0.918972 0.041174
v -0.041499 1.008594 -0.008990
v -0.050155 1.018630 -0.030642
v -0.345330 0.933933 0.018549
v -0.292393 0.927149 0.101894
v -0.178163 0.912739 0.127197
v -0.074058 0.925014 0.074102
v -0.031602 0.999144 0.010115
v -0.039019 1.006048 -0.011871
v -0.298394 0.948900 0.024358
v -0.214086 0.962434 0.091368
v -0.095543 0.967052 0.089166
v -0.026596 1.003613 0.028036
v -0.028193 0.996508 0.008578
v -0.230410 0.975644 0.023522
v -0.124398 1.003557 0.062401
v -0.032722 1.030156 0.034694
v -0.022631 1.002279 0.029887
v -0.173992 1.001004 -0.012279
v -0.045665 1.052358 0.018500
v -0.030921 1.031773 0.038576
v -0.056810 1.055663 -0.009565
v -0.046536 1.056051 0.021057
v -0.058752 1.059524 -0.011063
v -0.327460 0.897695 -0.044428
v -0.279663 0.913053 -0.038262
v -0.215957 0.943032 -0.031488
v -0.135316 0.982990 -0.028692
v -0.058688 1.037595 -0.030928
v -0.059189 1.038512 -0.035383
v -0.002233 0.684327 -0.446437
v -0.007843 0.681900 -0.446499
v -0.009331 0.744484 -0.371641
v -0.009593 0.676571 -0.445883
v -0.044362 0.730464 -0.368371
v -0.013432 0.799212 -0.332134
v -0.055822 0.699755 -0.356201
v -0.006687 0.674106 -0.445332
v -0.068706 0.780657 -0.321306
v -0.015580 0.851819 -0.306714
v -0.038108 0.685577 -0.348819
v -0.001973 0.673998 -0.444980
v -0.087549 0.739790 -0.290130
v -0.084734 0.833501 -0.288314
v -0.016635 0.909304 -0.278672
v -0.008919 0.684998 -0.346334
v 0.002729 0.674432 -0.444705
v -0.060219 0.720845 -0.273108
v -0.108800 0.791971 -0.239877
v -0.093818 0.891763 -0.255935
v -0.017328 0.971957 -0.235180
v 0.020248 0.687533 -0.345174
v 0.005506 0.677094 -0.444878
v -0.014520 0.719971 -0.269158
v -0.075006 0.772302 -0.214649
v -0.120791 0.850289 -0.198214
v -0.094956 0.953041 -0.213266
v -0.019260 1.026642 -0.164088
v 0.037757 0.702889 -0.350355
v 0.003490 0.682292 -0.445745
v 0.031236 0.723248 -0.268505
v -0.018062 0.770883 -0.210069
v -0.083168 0.830065 -0.168772
v -0.122035 0.907956 -0.157732
v -0.085423 1.006048 -0.149702
v -0.024426 1.043899 -0.064448
v -0.063425 1.033242 -0.061109
v -0.024465 1.048414 -0.065186
v -0.060442 1.029773 -0.061061
v -0.108261 0.958741 -0.110856
v -0.084152 0.885855 -0.129439
v -0.019666 0.827905 -0.164112
v 0.039011 0.773701 -0.210548
v 0.059106 0.743643 -0.282748
v 0.025878 0.732816 -0.363982
v -0.002233 0.684327 -0.446437
v -0.009331 0.744484 -0.371641
v 0.041372 0.783549 -0.315765
v -0.072434 0.998561 -0.048130
v -0.075777 0.936127 -0.090337
v -0.020261 0.883358 -0.124996
v 0.043994 0.830007 -0.165450
v 0.074037 0.794215 -0.233302
v -0.054394 0.984055 -0.040216
v -0.021208 0.934243 -0.086298
v 0.043784 0.885499 -0.126321
v 0.083122 0.850196 -0.192885
v 0.052502 0.835185 -0.283379
v -0.024483 0.983342 -0.037487
v 0.033463 0.937195 -0.086332
v 0.083123 0.907385 -0.152732
v 0.059239 0.891693 -0.251936
v 0.005430 0.985799 -0.036170
v 0.066914 0.960456 -0.104433
v 0.059034 0.952612 -0.209513
v 0.023500 1.001359 -0.041642
v 0.046062 1.007334 -0.144881
v 0.011565 1.031873 -0.056191
v -0.013432 0.799212 -0.332134
v -0.015580 0.851819 -0.306714
v -0.016635 0.909304 -0.278672
v -0.017328 0.971957 -0.235180
v -0.019260 1.026642 -0.164088
v -0.024426 1.043899 -0.064448
v -0.024465 1.048414 -0.065186
v 0.014439 1.035429 -0.056010
v 0.027369 1.001673 -0.039221
v 0.006988 0.983151 -0.032780
v -0.024584 0.980111 -0.034250
v -0.056168 0.981383 -0.036954
v -0.076491 0.998777 -0.046025
v -0.521955 0.613045 -0.134935
v -0.523306 0.616193 -0.132613
v -0.433064 0.699566 -0.132693
v -0.408020 0.655670 -0.163624
v -0.377951 0.762405 -0.135446
v -0.522239 0.610544 -0.133654
v -0.327681 0.699750 -0.179200
v -0.334714 0.811324 -0.131533
v -0.405327 0.621271 -0.142542
v -0.523376 0.609146 -0.130690
v -0.266224 0.749435 -0.177516
v -0.281801 0.862252 -0.116215
v -0.311300 0.652029 -0.142448
v -0.416189 0.602376 -0.097926
v -0.524601 0.608121 -0.127612
v -0.210640 0.810390 -0.158356
v -0.213167 0.923184 -0.091730
v -0.235913 0.704405 -0.132725
v -0.319078 0.626818 -0.070475
v -0.429135 0.588660 -0.051992
v -0.525742 0.609160 -0.125246
v -0.154587 0.881881 -0.125902
v -0.130502 0.986369 -0.063055
v -0.175255 0.774871 -0.114493
v -0.236292 0.682197 -0.049204
v -0.331603 0.608930 0.003005
v -0.446200 0.603375 -0.018418
v -0.526149 0.613277 -0.125341
v -0.243549 0.667113 0.035585
v -0.170675 0.759092 -0.034353
v -0.123947 0.855349 -0.089939
v -0.094185 0.954078 -0.086634
v -0.038828 1.031343 -0.035935
v -0.025302 1.010214 -0.048463
v -0.039790 1.034950 -0.038580
v -0.023600 1.010937 -0.052649
v -0.018057 0.997644 -0.035986
v -0.014648 0.995451 -0.038108
v -0.016523 0.993645 -0.012879
v -0.012989 0.990781 -0.013366
v -0.016414 0.991934 0.010558
v -0.012839 0.989371 0.011819
v -0.022666 1.001058 0.026173
v -0.074754 0.934351 -0.062304
v -0.070661 0.927581 -0.017734
v -0.070390 0.924335 0.027415
v -0.087186 0.938016 0.057237
v -0.125248 0.974314 0.044934
v -0.036850 1.024470 0.020087
v -0.143630 0.994871 -0.006672
v -0.043710 1.037341 -0.006559
v -0.130502 0.986369 -0.063055
v -0.038828 1.031343 -0.035935
v -0.020560 1.000863 0.030230
v -0.037508 1.027389 0.023548
v -0.045464 1.041529 -0.005999
v -0.039790 1.034950 -0.038580
v -0.118243 0.845026 -0.024449
v -0.118666 0.839276 0.041844
v -0.146119 0.856107 0.085424
v -0.206810 0.903838 0.066890
v -0.235254 0.932370 -0.009107
v -0.173442 0.749169 0.046803
v -0.207733 0.769176 0.100297
v -0.279619 0.831316 0.077928
v -0.278469 0.689635 0.092383
v -0.343905 0.766438 0.071052
v -0.402388 0.710530 0.039628
v -0.311012 0.870933 -0.014954
v -0.367679 0.818260 -0.025018
v -0.409747 0.766663 -0.041695
v -0.455986 0.701301 -0.072765
v -0.461722 0.660315 -0.023702
v -0.360237 0.630638 0.054046
v -0.213167 0.923184 -0.091730
v -0.281801 0.862252 -0.116215
v -0.334714 0.811324 -0.131533
v -0.377951 0.762405 -0.135446
v -0.433064 0.699566 -0.132693
v -0.523306 0.616193 -0.132613
v -0.525100 0.616275 -0.128506
v 0.198007 0.617956 -0.349162
v 0.194757 0.616118 -0.350104
v 0.198086 0.623304 -0.350960
v 0.190647 0.616824 -0.352334
v 0.193959 0.626564 -0.354076
v 0.188401 0.625618 -0.356439
v 0.186711 0.618040 -0.354656
v 0.185105 0.621039 -0.356461
v 0.288733 0.883847 0.123599
v 0.287053 0.882858 0.120279
v 0.288874 0.889432 0.124393
v 0.284985 0.884785 0.116487
v 0.286845 0.894041 0.120929
v 0.284013 0.894654 0.115547
v 0.283015 0.887197 0.112928
v 0.282258 0.890804 0.111813
v 0.075097 0.764003 0.239918
v 0.074026 0.763417 0.236266
v 0.079017 0.768031 0.240418
v 0.074896 0.764968 0.231884
v 0.081764 0.771519 0.236217
v 0.081544 0.772177 0.230143
v 0.076125 0.766861 0.227729
v 0.078464 0.769527 0.226228
v -0.302997 0.571582 -0.113582
v -0.321491 0.584158 -0.091314
v -0.308787 0.661210 -0.102554
v -0.271582 0.642502 -0.143630
v -0.279615 0.554313 -0.111596
v -0.224390 0.616555 -0.139691
v -0.245322 0.718382 -0.164023
v -0.179461 0.689704 -0.158462
v -0.215028 0.803154 -0.166306
v -0.142612 0.772055 -0.160172
v -0.171828 0.893217 -0.144406
v -0.107981 0.857686 -0.139839
v -0.107629 0.975323 -0.095777
v -0.066142 0.938950 -0.095184
v -0.018706 1.030577 -0.023622
v -0.003626 1.007063 -0.026081
v -0.018047 1.033761 -0.026840
v -0.000213 1.006981 -0.029126
v -0.004416 0.996104 -0.010413
v -0.000788 0.993319 -0.010498
v -0.274857 0.549963 -0.092788
v -0.214693 0.609874 -0.104775
v -0.166350 0.681141 -0.111856
v -0.129181 0.760417 -0.109240
v -0.097810 0.842167 -0.093453
v -0.061998 0.922160 -0.061738
v -0.037107 1.045429 -0.001569
v -0.035632 1.041179 -0.000735
v -0.146014 0.991930 -0.053075
v -0.225985 0.910583 -0.089137
v -0.274000 0.820875 -0.106798
v -0.297795 0.737531 -0.109515
v -0.348298 0.500053 -0.084728
v -0.350717 0.502091 -0.081550
v -0.345298 0.497215 -0.084469
v -0.344722 0.496477 -0.081805
v -0.345699 0.497155 -0.078546
v -0.282131 0.554266 -0.069882
v -0.229255 0.616154 -0.062393
v -0.187215 0.686576 -0.055458
v -0.153379 0.763303 -0.047639
v -0.121281 0.842625 -0.036770
v -0.080399 0.921474 -0.019324
v -0.035632 1.041179 -0.000735
v -0.146014 0.991930 -0.053075
v -0.043234 1.032067 0.027228
v -0.156062 0.978111 0.004201
v -0.036304 1.009048 0.041667
v -0.130669 0.942666 0.038013
v -0.024794 0.997342 0.031834
v -0.102237 0.924477 0.021324
v -0.014040 0.995528 0.011018
v -0.150232 0.846640 0.017171
v -0.183891 0.769205 0.010865
v -0.213868 0.694678 -0.001891
v -0.247981 0.624794 -0.022114
v -0.291467 0.560134 -0.048098
v -0.346940 0.498092 -0.075446
v -0.348854 0.499805 -0.074272
v -0.306250 0.570625 -0.039930
v -0.277769 0.640480 -0.007138
v -0.255658 0.711412 0.017878
v -0.230346 0.786149 0.032426
v -0.192046 0.864860 0.037558
v -0.234927 0.898601 -0.011253
v -0.225985 0.910583 -0.089137
v -0.274000 0.820875 -0.106798
v -0.297795 0.737531 -0.109515
v -0.280881 0.813733 -0.021743
v -0.302516 0.734675 -0.031663
v -0.311648 0.660461 -0.044135
v -0.322988 0.583824 -0.059791
v -0.350968 0.501997 -0.077075
v -0.308787 0.661210 -0.102554
v -0.321491 0.584158 -0.091314
v -0.350717 0.502091 -0.081550
v 0.119850 0.662457 -0.308928
v 0.078187 0.710857 -0.274736
v 0.116004 0.740459 -0.290888
v 0.142978 0.687125 -0.315003
v 0.185105 0.621039 -0.356461
v 0.188401 0.625618 -0.356439
v 0.096925 0.793492 -0.267555
v 0.078693 0.853479 -0.236618
v 0.134910 0.861475 -0.215673
v 0.154609 0.800833 -0.246596
v 0.167098 0.747316 -0.272047
v 0.177288 0.692387 -0.301577
v 0.193959 0.626564 -0.354076
v 0.134910 0.861475 -0.215673
v 0.105461 0.928187 -0.174896
v 0.132941 0.914793 -0.131111
v 0.165790 0.847028 -0.165665
v 0.120288 0.887818 -0.091840
v 0.150356 0.819472 -0.119579
v 0.088773 0.876195 -0.093668
v 0.113953 0.808189 -0.120662
v 0.055716 0.876749 -0.118438
v 0.076237 0.809510 -0.148375
v 0.025264 0.879995 -0.146164
v 0.041593 0.813549 -0.179610
v 0.018446 0.893911 -0.176022
v 0.034320 0.828067 -0.214107
v 0.056499 0.919367 -0.194299
v 0.052060 0.766158 -0.245288
v 0.154609 0.800833 -0.246596
v 0.186949 0.783624 -0.196812
v 0.171997 0.753012 -0.151039
v 0.134857 0.741375 -0.152207
v 0.095924 0.743985 -0.179846
v 0.060064 0.749572 -0.210981
v 0.086842 0.692051 -0.247044
v 0.127506 0.646436 -0.293618
v 0.186711 0.618040 -0.354656
v 0.167098 0.747316 -0.272047
v 0.197640 0.727227 -0.231107
v 0.186949 0.693228 -0.195092
v 0.154666 0.681057 -0.197377
v 0.119509 0.684920 -0.220871
v 0.150505 0.640048 -0.277519
v 0.190647 0.616824 -0.352334
v 0.177288 0.692387 -0.301577
v 0.200032 0.675047 -0.277762
v 0.195860 0.646366 -0.259313
v 0.174906 0.636402 -0.262678
v 0.194757 0.616118 -0.350104
v 0.193959 0.626564 -0.354076
v 0.198086 0.623304 -0.350960
v 0.198007 0.617956 -0.349162
v 0.064286 0.993330 -0.120634
v 0.087257 0.980526 -0.087040
v 0.079480 0.954149 -0.058847
v 0.055416 0.942559 -0.061827
v 0.029098 0.942810 -0.081742
v 0.004621 0.945707 -0.103694
v -0.001973 0.959199 -0.125983
v 0.026119 0.984317 -0.137433
v 0.064286 0.993330 -0.120634
v 0.105461 0.928187 -0.174896
v 0.027901 1.037033 -0.028064
v 0.025100 1.014472 -0.011646
v 0.009201 1.004514 -0.015419
v -0.009523 1.004672 -0.029620
v -0.027210 1.007095 -0.044901
v -0.033289 1.018611 -0.058924
v -0.015926 1.040140 -0.063550
v 0.010259 1.047926 -0.050265
v -0.017380 1.043168 -0.066655
v 0.011928 1.051821 -0.051992
v -0.037482 1.018442 -0.060744
v -0.030601 1.004241 -0.043765
v -0.011654 1.001369 -0.027280
v 0.008524 1.001484 -0.012059
v 0.027676 1.013861 -0.007916
v 0.031455 1.039735 -0.027063
v 0.011928 1.051821 -0.051992
v 0.010259 1.047926 -0.050265
v 0.140551 0.908705 -0.068439
v 0.094761 0.917361 -0.110167
v 0.053144 0.931161 -0.154783
v 0.046556 0.962322 -0.194533
v 0.104668 1.007897 -0.205380
v 0.174486 1.015593 -0.165328
v -0.201588 0.623305 -0.350962
v -0.198259 0.616119 -0.350105
v -0.201510 0.617957 -0.349164
v -0.194150 0.616825 -0.352336
v -0.197462 0.626565 -0.354077
v -0.191904 0.625618 -0.356441
v -0.190213 0.618041 -0.354657
v -0.188607 0.621040 -0.356463
v -0.296725 0.829419 -0.471146
v -0.301044 0.829282 -0.469957
v -0.294439 0.826819 -0.473413
v -0.295913 0.824595 -0.474341
v -0.299104 0.823239 -0.474231
v -0.302396 0.822200 -0.473898
v -0.304833 0.822977 -0.472704
v -0.304527 0.826536 -0.470614
v -0.301044 0.829282 -0.469957
v -0.296437 0.844511 -0.382547
v -0.526149 0.613277 -0.125341
v -0.524601 0.608121 -0.127612
v -0.525742 0.609160 -0.125246
v -0.523376 0.609146 -0.130690
v -0.525100 0.616275 -0.128506
v -0.523306 0.616193 -0.132613
v -0.522239 0.610544 -0.133654
v -0.521955 0.613045 -0.134935
v -0.011142 0.992318 0.012511
v -0.022678 0.994637 0.034857
v -0.036591 1.009168 0.046231
v -0.045290 1.035403 0.029591
v -0.037107 1.045429 -0.001569
v -0.304527 0.826536 -0.470614
v -0.302396 0.822200 -0.473898
v -0.304833 0.822977 -0.472704
v -0.299104 0.823239 -0.474231
v -0.301044 0.829282 -0.469957
v -0.296725 0.829419 -0.471146
v -0.295913 0.824595 -0.474341
v -0.294439 0.826819 -0.473413
v 0.124326 0.950622 0.079009
v 0.123505 0.996280 0.115977
v 0.145806 0.940769 0.088159
v 0.150422 0.984985 0.129162
v 0.170641 0.928446 0.100566
v 0.179941 0.965902 0.137759
v 0.212065 0.911115 0.115728
v 0.221262 0.935811 0.140405
v 0.282258 0.890804 0.111813
v 0.284013 0.894654 0.115547
v 0.230876 0.932167 0.178137
v 0.286845 0.894041 0.120929
v 0.234569 0.902976 0.203900
v 0.288874 0.889432 0.124393
v -0.350968 0.501997 -0.077075
v -0.346940 0.498092 -0.075446
v -0.348854 0.499805 -0.074272
v -0.345699 0.497155 -0.078546
v -0.350717 0.502091 -0.081550
v -0.348298 0.500053 -0.084728
v -0.344722 0.496477 -0.081805
v -0.345298 0.497215 -0.084469
v -0.305441 0.889432 0.117266
v -0.303620 0.882859 0.113151
v -0.305300 0.883847 0.116472
v -0.301552 0.884786 0.109360
v -0.303412 0.894042 0.113802
v -0.300581 0.894654 0.108419
v -0.299582 0.887198 0.105802
v -0.298826 0.890805 0.104685
vn 0.5867 -0.7227 0.3655
vn 0.4193 -0.9047 -0.0756
vn 0.9085 0.4061 -0.0980
vn 0.8834 -0.2034 0.4221
vn 0.7413 0.3097 -0.5955
vn 0.2817 -0.3028 -0.9105
vn 0.1562 0.7355 -0.6592
vn 0.4324 0.9013 -0.0252
vn 0.3476 0.6125 -0.7100
vn 0.6801 0.7312 -0.0538
vn 0.4348 0.4970 -0.7510
vn 0.8008 0.5950 -0.0681
vn 0.5016 0.3871 -0.7737
vn 0.8754 0.4755 -0.0872
vn 0.5401 0.3651 -0.7583
vn 0.8810 0.4611 -0.1057
vn 0.4583 0.5333 -0.7110
vn 0.7629 0.6416 -0.0794
vn 0.6234 0.4556 -0.6355
vn 0.8217 0.5130 -0.2483
vn -0.1693 -0.2366 -0.9568
vn -0.3271 -0.1139 -0.9381
vn -0.0176 -0.1912 -0.9814
vn 0.4032 -0.0624 -0.9130
vn 0.2994 0.7028 0.6453
vn 0.8676 0.2783 0.4121
vn 0.4916 -0.3570 0.7943
vn -0.2794 0.1119 0.9536
vn 0.1196 -0.9388 0.3229
vn -0.7403 -0.4828 0.4678
vn 0.0552 -0.9982 -0.0234
vn -0.7937 -0.6035 0.0768
vn 0.0402 -0.9245 -0.3791
vn -0.8285 -0.4698 -0.3049
vn -0.4905 0.1490 -0.8586
vn -0.4442 0.1555 -0.8823
vn -0.4063 0.0511 -0.9123
vn 0.5065 0.5653 0.6511
vn -0.2168 0.0965 0.9714
vn -0.8101 -0.3331 0.4825
vn -0.9039 -0.4169 0.0960
vn -0.9054 -0.3108 -0.2891
vn -0.8857 -0.3608 -0.2922
vn -0.7772 -0.5419 -0.3199
vn -0.5414 -0.7415 -0.3965
vn -0.2463 -0.8203 -0.5162
vn 0.6291 0.3994 0.6668
vn -0.1338 -0.0789 0.9879
vn -0.7723 -0.4139 0.4819
vn -0.8891 -0.4476 0.0958
vn -0.7792 -0.6236 0.0625
vn -0.5388 -0.8418 -0.0323
vn -0.2191 -0.9594 -0.1778
vn 0.7312 0.2264 0.6435
vn 0.0081 -0.3336 0.9427
vn -0.6368 -0.6331 0.4400
vn -0.3615 -0.8748 0.3226
vn -0.0080 -0.9892 0.1465
vn 0.8156 0.1440 0.5604
vn 0.2472 -0.5427 0.8027
vn 0.5192 -0.5846 0.6235
vn 0.8377 0.2335 0.4936
vn 0.4403 -0.5905 -0.6763
vn 0.5519 -0.6723 -0.4934
vn 0.6353 -0.7266 -0.2617
vn 0.9055 -0.3922 0.1619
vn 0.9629 0.2517 0.0969
vn 0.7630 0.6415 -0.0793
vn 0.8811 0.4611 -0.1056
vn 0.8754 0.4755 -0.0871
vn 0.6801 0.7312 -0.0537
vn 0.4324 0.9013 -0.0251
vn 0.9085 0.4062 -0.0979
vn 0.4193 -0.9047 -0.0755
vn 0.4867 -0.6947 -0.5297
vn 0.7529 -0.1968 -0.6281
vn 0.9543 0.1107 -0.2774
vn 0.9910 0.0799 -0.1077
vn 0.9934 0.1030 0.0496
vn 0.7492 -0.0574 -0.6599
vn 0.2154 0.7729 -0.5968
vn 0.0793 0.7579 -0.6476
vn 0.7511 -0.2240 -0.6210
vn 0.8794 0.0855 -0.4684
vn 0.1744 0.7195 -0.6723
vn -0.2774 0.9535 -0.1175
vn -0.0864 0.9880 0.1282
vn -0.1631 0.8325 -0.5294
vn 0.1806 0.0979 -0.9787
vn -0.0562 -0.9835 -0.1721
vn 0.0596 0.9861 0.1550
vn -0.4960 0.8108 -0.3108
vn 0.3042 0.9469 -0.1037
vn -0.2109 0.7946 -0.5693
vn -0.8004 0.0187 -0.5992
vn -0.7292 -0.6836 0.0308
vn -0.5060 -0.8042 0.3118
vn -0.1347 -0.9895 0.0527
vn 0.3446 -0.9321 -0.1112
vn 0.6535 -0.7570 0.0001
vn 0.8147 -0.5533 0.1734
vn 0.8175 -0.5414 0.1965
vn 0.9007 0.0939 -0.4241
vn 0.1722 0.7020 -0.6910
vn -0.5576 0.7307 -0.3939
vn 0.1832 0.7081 -0.6819
vn -0.5647 0.7065 -0.4266
vn 0.8914 0.0509 -0.4503
vn 0.7692 -0.6337 0.0819
vn 0.5066 -0.8095 0.2968
vn 0.5629 -0.6981 0.4425
vn 0.5686 -0.6940 0.4417
vn 0.4375 -0.8525 0.2859
vn 0.1972 -0.9768 0.0838
vn -0.0677 -0.8748 0.4798
vn -0.2342 -0.7342 0.6373
vn 0.1844 0.7484 -0.6371
vn -0.5345 0.7412 -0.4061
vn 0.8284 0.0309 -0.5593
vn 0.6724 -0.7142 -0.1943
vn 0.4068 -0.9133 -0.0210
vn 0.0267 -0.9969 0.0739
vn 0.1395 -0.8826 0.4489
vn 0.2108 -0.7356 0.6438
vn 0.3646 -0.7445 0.5593
vn 0.2373 -0.7571 0.6087
vn 0.0741 -0.8727 0.4826
vn -0.1025 -0.9171 -0.3851
vn 0.2823 -0.8596 -0.4259
vn 0.5486 -0.6363 -0.5424
vn 0.7280 0.1414 -0.6709
vn 0.2001 0.8500 -0.4873
vn -0.4641 0.8470 -0.2593
vn -0.7430 -0.6565 0.1307
vn -0.6662 -0.5676 0.4837
vn -0.6016 -0.3824 0.7013
vn -0.3254 -0.3531 0.8772
vn -0.3875 -0.0489 0.9206
vn -0.1611 -0.2006 0.9664
vn 0.1747 -0.1953 0.9651
vn 0.3728 -0.1233 0.9197
vn 0.5944 0.6359 0.4922
vn 0.2133 0.6408 0.7375
vn -0.2054 0.6478 0.7336
vn -0.5845 0.6540 0.4803
vn -0.8398 0.4569 0.2932
vn -0.9274 0.3303 0.1756
vn -0.9717 0.2310 0.0496
vn -0.9718 0.2195 -0.0857
vn -0.9301 0.3326 -0.1558
vn -0.8063 -0.5352 -0.2520
vn -0.5577 0.7307 -0.3938
vn -0.4960 0.8108 -0.3107
vn -0.0864 0.9880 0.1283
vn 0.0596 0.9861 0.1551
vn 0.5303 0.7892 -0.3098
vn 0.8452 0.4451 0.2960
vn 0.5900 0.7048 -0.3940
vn 0.9391 0.2945 0.1769
vn 0.5933 0.6848 -0.4232
vn -0.1393 0.6939 -0.7065
vn 0.5899 0.7048 -0.3940
vn -0.1328 0.6891 -0.7124
vn -0.8619 0.0452 -0.5050
vn -0.8800 0.0944 -0.4655
vn -0.7692 -0.6384 0.0292
vn -0.8286 -0.5364 0.1606
vn -0.5186 -0.8164 0.2541
vn -0.5849 -0.6959 0.4166
vn -0.1576 -0.8960 0.4150
vn -0.2391 -0.7435 0.6246
vn 0.6485 -0.5931 0.4773
vn 0.5754 -0.4206 0.7014
vn 0.9766 0.2055 0.0638
vn 0.5005 -0.2471 0.8297
vn 0.5933 0.6848 -0.4231
vn 0.5559 0.7366 -0.3852
vn 0.9755 0.2120 -0.0593
vn 0.7371 -0.6639 0.1265
vn -0.0292 -0.9989 0.0364
vn -0.4052 -0.9116 -0.0686
vn -0.6601 -0.7087 -0.2491
vn -0.7928 0.0401 -0.6081
vn -0.1441 0.7491 -0.6465
vn 0.4747 0.8504 -0.2268
vn 0.9346 0.3331 -0.1247
vn 0.8117 -0.5297 -0.2459
vn 0.1100 -0.9075 -0.4054
vn -0.2748 -0.8477 -0.4537
vn -0.5353 -0.6203 -0.5734
vn -0.7042 0.1641 -0.6908
vn -0.1798 0.8625 -0.4731
vn -0.3688 0.4219 -0.8283
vn -0.0299 0.8307 -0.5559
vn 0.4746 0.8504 -0.2268
vn 0.3604 0.8265 -0.4323
vn 0.3604 0.8265 -0.4324
vn 0.6995 0.5556 -0.4495
vn 0.7154 -0.0266 -0.6982
vn 0.2296 -0.2712 -0.9347
vn 0.0054 -0.1778 -0.9841
vn -0.1905 -0.0876 -0.9778
vn 0.9913 0.0642 -0.1145
vn 0.9912 -0.0630 -0.1163
vn 0.6472 0.6662 0.3705
vn 0.7193 0.5989 0.3521
vn -0.3374 0.7773 0.5309
vn -0.0123 0.7958 0.6054
vn -0.9164 0.3844 0.1114
vn -0.8177 0.4407 0.3704
vn -0.9340 -0.2247 -0.2777
vn -0.9517 -0.2731 -0.1403
vn -0.7379 -0.5014 -0.4518
vn -0.7308 -0.5821 -0.3565
vn 0.6483 0.7315 0.2113
vn 0.9937 0.0095 -0.1114
vn -0.0224 0.9432 0.3315
vn -0.6095 0.7883 0.0841
vn -0.9492 0.1121 -0.2941
vn -0.7279 -0.4900 -0.4796
vn -0.4135 -0.6639 -0.6231
vn -0.4152 -0.6910 -0.5917
vn -0.4261 -0.7571 -0.4952
vn 0.7072 -0.5823 0.4009
vn 0.7317 -0.0845 0.6763
vn 0.0079 0.4180 0.9084
vn -0.7942 -0.0098 0.6076
vn -0.3549 -0.8937 0.2747
vn -0.2228 -0.8493 0.4786
vn -0.2714 -0.9157 0.2965
vn 0.2720 -0.8935 0.3573
vn 0.5002 -0.6151 -0.6095
vn 0.4310 -0.6872 -0.5849
vn 0.4845 -0.6883 -0.5399
vn -0.0146 0.3111 0.9503
vn -0.3308 0.2748 0.9028
vn 0.2668 0.2834 0.9212
vn 0.6261 0.0642 0.7771
vn 0.5603 -0.5840 0.5873
vn -0.0124 -0.8836 0.4680
vn -0.6232 -0.5245 0.5801
vn -0.5727 -0.1389 0.8079
vn -0.3307 0.2749 0.9028
vn 0.4309 -0.6872 -0.5849
vn 0.4671 -0.5488 -0.6933
vn 0.9820 0.1034 -0.1578
vn 0.7140 0.5442 0.4404
vn 0.0251 0.6070 0.7943
vn -0.7862 0.1840 0.5900
vn -0.9230 -0.3775 -0.0747
vn -0.7180 -0.5780 -0.3878
vn -0.4193 -0.6879 -0.5924
vn 0.4283 -0.3873 -0.8164
vn 0.9590 0.1871 -0.2127
vn 0.7498 0.4443 0.4903
vn 0.1285 0.3396 0.9317
vn -0.6516 -0.1305 0.7473
vn -0.8496 -0.5274 -0.0060
vn -0.6919 -0.6072 -0.3907
vn -0.4238 -0.6351 -0.6458
vn 0.4283 -0.3873 -0.8165
vn -0.4891 -0.5313 -0.6917
vn 0.2861 -0.1006 -0.9529
vn 0.0492 -0.7825 -0.6207
vn 0.4736 -0.3309 -0.8162
vn 0.8984 0.3417 -0.2759
vn 0.8173 0.3232 0.4771
vn 0.3417 0.0157 0.9397
vn -0.3720 -0.4912 0.7876
vn -0.7124 -0.7012 0.0302
vn -0.6762 -0.6186 -0.4002
vn 0.0119 -0.9273 -0.3740
vn 0.4735 -0.3310 -0.8162
vn 0.9371 -0.0372 -0.3471
vn 0.9757 -0.1240 0.1807
vn 0.7341 -0.4191 0.5342
vn 0.2020 -0.8694 0.4509
vn -0.0527 -0.9905 -0.1273
vn 0.0877 0.3326 0.9390
vn -0.1254 0.3492 0.9286
vn 0.2234 -0.9099 0.3496
vn 0.2695 -0.7834 -0.5601
vn -0.0477 -0.9544 0.2947
vn 0.3055 -0.0477 0.9510
vn 0.3023 -0.7755 -0.5543
vn -0.0303 -0.6827 -0.7301
vn -0.6855 -0.7271 0.0376
vn 0.2749 -0.8623 0.4253
vn 0.2399 -0.8788 -0.4125
vn -0.0346 -0.6801 -0.7323
vn -0.5066 -0.1799 -0.8432
vn -0.5389 0.3529 0.7649
vn 0.3082 -0.7125 0.6303
vn -0.0197 -0.7851 -0.6190
vn 0.2104 -0.8899 -0.4047
vn -0.6734 -0.1997 -0.7118
vn -0.6995 0.5817 -0.4151
vn -0.0192 0.7458 0.6659
vn -0.0004 -0.6462 0.7631
vn -0.0091 0.6112 0.7914
vn -0.2107 0.9711 0.1126
vn -0.6332 0.5830 -0.5092
vn -0.3994 -0.4085 -0.8207
vn 0.0210 -0.7201 -0.6936
vn 0.1210 -0.9063 -0.4049
vn -0.0157 -0.7123 -0.7017
vn 0.0836 -0.8983 -0.4313
vn 0.0766 -0.6894 -0.7203
vn -0.5115 -0.5860 -0.6285
vn -0.3789 -0.4591 -0.8035
vn 0.0175 -0.3738 -0.9273
vn -0.4102 -0.0724 -0.9091
vn -0.5056 0.4934 -0.7078
vn 0.0097 0.9677 0.2519
vn -0.2320 0.9208 0.3134
vn -0.0016 0.6429 0.7659
vn -0.6430 0.6527 0.4008
vn -0.4491 0.7662 0.4596
vn -0.4408 0.4796 -0.7588
vn -0.1857 -0.4022 -0.8965
vn -0.2095 -0.3861 -0.8983
vn -0.4957 0.4974 -0.7119
vn -0.1838 0.8894 0.4185
vn 0.3947 0.4753 0.7863
vn 0.0001 -0.6373 0.7706
vn 0.7770 -0.3049 0.5508
vn 0.1052 0.3590 0.9274
vn -0.2782 0.2440 0.9290
vn -0.6637 0.1881 0.7240
vn -0.2728 0.8513 0.4482
vn -0.4780 0.4871 -0.7310
vn 0.4174 -0.5029 0.7569
vn -0.0267 -0.6239 0.7811
vn -0.4947 -0.6308 0.5978
vn -0.1338 -0.9892 -0.0598
vn 0.1194 -0.9928 0.0087
vn 0.3566 -0.9343 -0.0053
vn 0.5161 -0.8518 -0.0896
vn 0.7030 -0.6576 -0.2708
vn 0.8562 -0.3683 -0.3622
vn -0.0021 0.0443 -0.9990
vn 0.3777 -0.8072 0.4536
vn 0.0623 -0.9511 0.3026
vn -0.3494 0.3070 0.8853
vn -0.0067 0.0979 0.9952
vn -0.1165 0.3513 0.9290
vn 0.3024 -0.7755 -0.5542
vn -0.5973 -0.6770 -0.4299
vn -0.8080 0.4399 -0.3920
vn -0.8323 0.5354 -0.1434
vn -0.9743 0.1909 0.1196
vn -0.8970 -0.4405 0.0383
vn 0.9671 -0.1244 -0.2219
vn 0.6577 -0.0593 -0.7510
vn 0.9109 0.3176 0.2633
vn 0.5187 0.1328 -0.8446
vn 0.6390 0.7225 0.2638
vn 0.3624 0.9308 -0.0488
vn 0.3702 0.2812 -0.8854
vn 0.1982 0.7605 -0.6184
vn 0.7075 -0.3031 -0.6384
vn 0.3170 -0.7703 -0.5532
vn 0.4936 0.3046 -0.8146
vn 0.0675 -0.7998 -0.5965
vn 0.0465 0.4573 -0.8881
vn -0.3920 0.2707 -0.8792
vn -0.1845 -0.7876 -0.5880
vn -0.5862 -0.3519 -0.7298
vn 0.7153 -0.0267 -0.6983
vn 0.2297 -0.2712 -0.9347
vn 0.6994 0.5556 -0.4496
vn 0.0053 -0.1778 -0.9840
vn -0.0299 0.8306 -0.5560
vn -0.1905 -0.0877 -0.9778
vn -0.3689 0.4219 -0.8282
vn 0.9055 -0.3922 0.1620
vn 0.6353 -0.7266 -0.2616
vn 0.5518 -0.6723 -0.4934
vn 0.4402 -0.5906 -0.6763
vn 0.4032 -0.0623 -0.9130
vn 0.2276 -0.4522 0.8624
vn 0.1962 -0.5512 0.8110
vn 0.5746 -0.4806 0.6624
vn 0.5626 -0.5192 0.6434
vn 0.2232 -0.4695 0.8543
vn -0.5987 -0.1198 0.7920
vn -0.5810 -0.0605 0.8117
vn 0.8280 -0.4340 0.3551
vn -0.6308 -0.2567 0.7323
vn -0.6827 -0.4323 0.5892
vn 0.1197 -0.7375 0.6647
vn 0.5506 -0.5540 0.6244
vn 0.8348 -0.4076 0.3702
vn 0.9080 0.0276 -0.4180
vn 0.9096 0.0150 -0.4152
vn 0.7847 -0.5471 0.2914
vn 0.5088 -0.6464 0.5686
vn 0.1783 -0.5847 0.7914
vn -0.5796 -0.0763 0.8113
vn -0.2770 -0.9596 0.0489
vn -0.8289 -0.5593 0.0073
vn 0.0206 -0.9977 -0.0647
vn 0.1818 -0.9272 -0.3276
vn 0.2107 -0.4986 -0.8408
vn -0.2046 -0.0141 -0.9787
vn 0.2622 0.6272 -0.7334
vn 0.2054 0.5325 -0.8211
vn 0.9033 -0.0085 -0.4289
vn 0.8078 -0.4857 0.3340
vn 0.4820 -0.7189 0.5009
vn -0.0023 -0.9135 0.4069
vn -0.7534 -0.5510 0.3589
vn 0.3655 -0.8893 0.2750
vn 0.7343 -0.6433 0.2168
vn 0.8850 -0.0947 -0.4558
vn 0.1777 0.4477 -0.8764
vn -0.5016 0.6618 -0.5571
vn -0.4193 0.7889 -0.4492
vn -0.6326 0.0971 -0.7683
vn -0.0402 -0.9902 -0.1337
vn -0.5406 -0.8366 0.0882
vn -0.9437 -0.3145 -0.1025
vn -0.8095 0.0593 -0.5841
vn -0.5510 0.5566 -0.6217
vn 0.1642 0.3831 -0.9090
vn 0.8280 -0.2055 -0.5217
vn 0.6114 -0.7913 0.0038
vn -0.0730 -0.8678 -0.4916
vn -0.2799 -0.8961 -0.3444
vn -0.5765 0.4851 -0.6575
vn 0.1484 0.3554 -0.9229
vn 0.7267 -0.2641 -0.6341
vn 0.1327 -0.7948 -0.5923
vn -0.5792 0.4642 -0.6701
vn 0.1361 0.4084 -0.9026
vn 0.2824 -0.3127 -0.9069
vn -0.5491 0.5398 -0.6381
vn -0.1141 0.1972 -0.9737
vn -0.5317 0.2723 -0.8019
vn -0.8138 0.5604 0.1539
vn -0.4194 0.7889 -0.4492
vn -0.5017 0.6618 -0.5570
vn -0.8809 0.4667 0.0787
vn -0.5511 0.5566 -0.6217
vn -0.9310 0.3637 0.0301
vn -0.5766 0.4851 -0.6575
vn -0.9658 0.2589 -0.0124
vn -0.5793 0.4642 -0.6700
vn -0.9812 0.1779 -0.0744
vn -0.5491 0.5398 -0.6380
vn -0.9725 0.1846 -0.1424
vn -0.5317 0.2723 -0.8020
vn -0.8417 0.0406 -0.5383
vn -0.7843 -0.5598 -0.2673
vn -0.9167 -0.0579 -0.3954
vn -0.6327 0.0971 -0.7683
vn -0.6298 0.0476 -0.7753
vn -0.4135 0.0827 -0.9068
vn 0.1134 -0.2422 -0.9636
vn 0.2645 -0.7810 -0.5658
vn 0.1982 0.7604 -0.6184
vn 0.3702 0.2813 -0.8853
vn -0.0639 0.7494 -0.6590
vn -0.0220 -0.0487 -0.9986
vn 0.0775 0.7278 -0.6814
vn 0.0727 -0.4021 -0.9127
vn 0.6577 -0.0592 -0.7510
vn -0.0123 -0.1015 -0.9948
vn 0.1596 0.7033 -0.6928
vn 0.3233 -0.6448 -0.6926
vn -0.0012 -0.4617 -0.8870
vn -0.0427 -0.1266 -0.9910
vn 0.2080 0.6895 -0.6938
vn -0.0665 -0.1150 -0.9911
vn 0.2482 0.6822 -0.6877
vn -0.1050 -0.4809 -0.8705
vn 0.1264 -0.7674 -0.6286
vn 0.7089 -0.7027 0.0610
vn 0.9110 0.3175 0.2632
vn 0.6391 0.7225 0.2638
vn 0.6841 -0.1092 0.7211
vn 0.3684 -0.9097 0.1917
vn -0.1170 -0.7980 -0.5912
vn -0.1886 -0.4577 -0.8688
vn -0.0568 -0.0962 -0.9937
vn 0.2366 0.6814 -0.6926
vn 0.3623 0.9308 -0.0488
vn 0.4109 0.5561 0.7224
vn 0.4273 -0.2811 0.8593
vn -0.0517 -0.9626 0.2658
vn -0.3211 -0.7402 -0.5908
vn -0.2210 -0.4304 -0.8752
vn -0.0296 -0.0927 -0.9953
vn 0.8514 0.2890 -0.4377
vn 0.6891 -0.3819 -0.6158
vn -0.1950 -0.4409 -0.8761
vn 0.5031 -0.6639 -0.5532
vn -0.4498 -0.6321 -0.6309
vn 0.3207 -0.8720 -0.3697
vn 0.8097 0.1311 0.5721
vn 0.7317 0.0157 0.6815
vn 0.5979 -0.1205 0.7925
vn 0.4173 -0.5008 0.7583
vn -0.4347 -0.6608 -0.6119
vn -0.4218 -0.8646 0.2731
vn 0.0985 -0.3300 0.9388
vn 0.3405 0.4668 0.8162
vn 0.1151 0.9702 0.2133
vn 0.2187 0.9449 0.2437
vn 0.0776 0.7278 -0.6814
vn 0.2681 0.9261 0.2653
vn 0.1597 0.7033 -0.6928
vn 0.2725 0.9258 0.2618
vn -0.6652 -0.7085 0.2356
vn -0.2036 -0.2459 0.9477
vn 0.2161 0.4342 0.8745
vn -0.7805 -0.5976 0.1836
vn -0.4193 -0.1016 0.9021
vn 0.0808 0.4743 0.8767
vn -0.5708 0.0218 0.8208
vn -0.0318 0.5519 0.8333
vn -0.1701 0.6352 0.7534
vn 0.2590 0.9363 0.2371
vn 0.1715 0.9648 0.1992
vn -0.0384 -0.9279 0.3709
vn 0.1368 -0.2543 0.9574
vn 0.5105 0.3452 0.7876
vn 0.8520 0.4272 0.3028
vn 0.2080 0.6894 -0.6938
vn 0.8514 0.2891 -0.4377
vn 0.4952 -0.8432 0.2095
vn 0.7346 -0.6162 -0.2840
vn 0.9394 -0.2362 -0.2486
vn 0.9859 0.1179 0.1186
vn -0.8336 0.5205 0.1847
vn -0.6978 -0.1434 -0.7018
vn -0.9851 -0.0166 -0.1714
vn -0.5353 -0.0109 -0.8446
vn -0.4977 0.8632 0.0844
vn -0.1937 0.9423 -0.2732
vn -0.3544 0.0964 -0.9301
vn -0.0773 0.5993 -0.7968
vn 0.6471 0.4032 -0.6470
vn 0.6433 0.5008 0.5790
vn 0.1795 0.8112 0.5566
vn 0.1864 0.9770 0.1033
vn 0.7540 0.6501 -0.0948
vn 0.2056 0.9165 0.3430
vn 0.2781 0.2440 0.9290
vn 0.4706 0.7703 0.4303
vn -0.1052 0.3590 0.9274
vn 0.2759 0.8449 0.4583
vn -0.3947 0.4753 0.7863
vn 0.1706 0.8859 0.4313
vn -0.0016 0.6429 0.7660
vn 0.0096 0.9677 0.2519
vn -0.0092 0.6112 0.7914
vn -0.1678 -0.7832 0.5987
vn -0.1374 -0.6499 0.7475
vn -0.3341 0.0272 0.9421
vn 0.9125 -0.4090 0.0072
vn 0.3198 -0.3666 -0.8737
vn 0.6893 -0.1791 -0.7020
vn -0.0003 -0.6462 0.7631
vn -0.0000 -0.6373 0.7706
vn -0.7770 -0.3049 0.5508
vn -0.4174 -0.5029 0.7569
vn 0.0267 -0.6239 0.7811
vn -0.0924 0.3063 0.9474
vn -0.3342 0.0271 0.9421
vn 0.0081 -0.9479 0.3184
vn 0.1032 0.3461 0.9325
vn -0.2338 -0.9034 0.3595
vn 0.3052 0.3399 0.8896
vn -0.3585 -0.8178 0.4502
vn -0.0020 0.0444 -0.9990
vn -0.8561 -0.3688 -0.3622
vn -0.7034 -0.6570 -0.2712
vn -0.5161 -0.8518 -0.0896
vn -0.3566 -0.9343 -0.0053
vn -0.1194 -0.9928 0.0087
vn -0.2694 -0.7834 -0.5601
vn -0.3026 -0.7752 -0.5546
vn -0.2399 -0.8788 -0.4125
vn -0.2104 -0.8899 -0.4047
vn -0.1210 -0.9063 -0.4049
vn 0.1322 -0.9891 -0.0645
vn -0.0642 -0.8974 -0.4365
vn 0.0157 -0.7123 -0.7017
vn -0.0425 -0.6839 -0.7283
vn 0.4123 0.0582 -0.9092
vn 0.2161 0.1405 -0.9662
vn 0.4833 -0.6344 0.6033
vn 0.8964 -0.4400 0.0540
vn 0.6097 -0.6696 -0.4242
vn 0.5292 -0.5724 -0.6264
vn 0.4135 -0.4497 -0.7917
vn 0.3844 0.1200 -0.9153
vn 0.0654 -0.6737 -0.7361
vn 0.0353 -0.6738 -0.7380
vn 0.0197 -0.7851 -0.6190
vn -0.0210 -0.7201 -0.6936
vn 0.4303 0.0433 -0.9017
vn 0.3198 -0.3667 -0.8737
vn 0.6894 -0.1791 -0.7019
vn 0.6525 -0.1245 -0.7475
vn -0.3545 0.0965 -0.9301
vn -0.0774 0.5993 -0.7968
vn 0.2370 0.4908 -0.8384
vn 0.0303 -0.3400 -0.9399
vn 0.1105 0.4511 -0.8856
vn -0.5353 -0.0108 -0.8446
vn 0.0779 -0.4263 -0.9012
vn 0.0247 0.4087 -0.9123
vn -0.1377 -0.6281 -0.7659
vn -0.6979 -0.1434 -0.7017
vn 0.1927 -0.4661 -0.8635
vn -0.0473 0.3951 -0.9174
vn -0.0065 -0.7199 -0.6940
vn -0.4232 -0.7528 -0.5041
vn -0.9851 -0.0165 -0.1714
vn 0.2810 -0.4352 -0.8554
vn -0.1566 0.3283 -0.9315
vn 0.1979 -0.7521 -0.6286
vn -0.1996 -0.9053 -0.3750
vn -0.8195 -0.5326 0.2118
vn -0.8336 0.5206 0.1847
vn -0.4977 0.8632 0.0843
vn -0.6910 0.2177 0.6892
vn -0.5239 -0.7504 0.4031
vn 0.1349 -0.9548 -0.2650
vn 0.3678 -0.7053 -0.6061
vn 0.2870 -0.4056 -0.8678
vn -0.0539 0.1484 -0.9875
vn 0.3025 -0.3998 -0.8653
vn -0.9219 0.0250 -0.3866
vn 0.4324 -0.6602 -0.6141
vn 0.4289 -0.8735 -0.2302
vn -0.0793 -0.8243 0.5606
vn -0.5405 0.0617 0.8391
vn -0.2908 0.8028 0.5205
vn -0.1937 0.9422 -0.2733
vn -0.4181 -0.6514 -0.6331
vn -0.3593 -0.4926 0.7926
vn 0.4900 -0.6058 -0.6268
vn 0.5784 -0.7767 -0.2495
vn 0.3354 -0.7100 0.6192
vn -0.2826 -0.0008 0.9592
vn -0.3315 0.7437 0.5805
vn 0.0918 0.9932 -0.0719
vn 0.2371 0.4907 -0.8385
vn -0.0831 0.9918 -0.0967
vn -0.3268 0.7057 0.6286
vn -0.0173 0.0791 0.9967
vn 0.5918 -0.5408 0.5977
vn 0.6880 -0.6652 -0.2901
vn -0.1295 -0.8863 -0.4447
vn -0.7502 -0.0550 0.6590
vn -0.2385 0.9643 -0.1148
vn -0.2757 0.7229 0.6335
vn 0.1698 0.2151 0.9617
vn 0.7738 -0.3946 0.4955
vn 0.0868 -0.9858 -0.1436
vn -0.8874 -0.0765 0.4547
vn -0.3277 0.9360 -0.1283
vn -0.2154 0.7715 0.5987
vn 0.3350 0.3009 0.8929
vn 0.1793 -0.6572 0.7321
vn -0.9248 -0.0238 0.3796
vn -0.4141 0.9046 -0.1014
vn -0.1742 0.8015 0.5721
vn -0.4464 0.0306 0.8943
vn -0.9963 -0.0780 -0.0364
vn -0.3856 0.8065 -0.4482
vn -0.8306 0.1659 0.5316
vn -0.7785 -0.4905 -0.3915
vn -0.9559 0.2186 0.1960
vn -0.3908 -0.8912 -0.2302
vn -0.2192 -0.9213 0.3213
vn -0.0539 0.1485 -0.9874
vn -0.3593 -0.4927 0.7926
vn 0.0268 0.6837 -0.7293
vn -0.6530 0.3852 -0.6520
vn 0.0334 0.5125 -0.8581
vn -0.8709 -0.4238 -0.2489
vn -0.1845 -0.7875 -0.5880
vn -0.6691 0.2736 -0.6910
vn 0.0280 0.4410 -0.8970
vn -0.3488 -0.9232 0.1612
vn 0.0675 -0.7997 -0.5965
vn -0.9102 -0.4071 -0.0763
vn -0.6894 0.2515 -0.6794
vn 0.0224 0.5081 -0.8610
vn 0.0155 -0.9636 0.2668
vn 0.3170 -0.7703 -0.5533
vn -0.3768 -0.8170 0.4365
vn -0.9470 -0.3173 0.0507
vn -0.7013 0.3344 -0.6295
vn 0.0209 0.6881 -0.7253
vn 0.3873 -0.8981 0.2082
vn 0.7074 -0.3031 -0.6385
vn -0.0052 -0.8427 0.5384
vn -0.3985 -0.6726 0.6236
vn -0.9721 -0.1970 0.1273
vn -0.6963 0.5066 -0.5085
vn 0.0118 0.9110 -0.4121
vn 0.9248 -0.3566 -0.1323
vn 0.4936 0.3045 -0.8146
vn 0.3724 -0.7991 0.4720
vn -0.0175 -0.6956 0.7182
vn -0.4120 -0.5664 0.7138
vn -0.9770 -0.0612 0.2040
vn -0.6691 0.7040 -0.2381
vn 0.0487 0.4979 -0.8659
vn 0.4179 -0.7088 -0.5683
vn 0.0423 -0.8803 -0.4726
vn -0.5712 0.3454 -0.7446
vn -0.9379 0.0562 0.3422
vn -0.4188 -0.5223 0.7428
vn -0.0213 -0.6024 0.7979
vn 0.3671 -0.6660 0.6494
vn 0.9328 -0.3603 0.0063
vn 0.7075 0.4347 -0.5572
vn 0.0269 0.6836 -0.7293
vn 0.7204 0.3015 -0.6246
vn -0.8871 -0.3679 -0.2786
vn -0.4132 -0.5397 0.7335
vn -0.0213 -0.5909 0.8064
vn 0.3722 -0.5678 0.7342
vn 0.9470 -0.3026 0.1082
vn -0.3055 -0.9519 -0.0243
vn -0.0205 -0.6567 0.7539
vn 0.3815 -0.5235 0.7618
vn 0.9637 -0.2017 0.1747
vn 0.7279 0.2556 -0.6362
vn 0.0358 -0.9993 -0.0069
vn 0.3786 -0.5314 0.7578
vn 0.9657 -0.0630 0.2519
vn 0.7326 0.3295 -0.5956
vn 0.3715 -0.9283 -0.0129
vn 0.9145 0.0715 0.3982
vn 0.7245 0.5039 -0.4704
vn 0.8996 -0.3558 -0.2533
vn 0.6790 0.7096 -0.1883
vn 0.6267 0.3222 -0.7095
vn 0.0335 0.5125 -0.8581
vn 0.0280 0.4410 -0.8971
vn 0.0210 0.6881 -0.7253
vn 0.0119 0.9111 -0.4121
vn 0.0488 0.4979 -0.8659
vn -0.3455 -0.7295 -0.5903
vn -0.4395 -0.2839 -0.8522
vn -0.1083 0.0444 -0.9931
vn 0.0680 0.0277 -0.9973
vn 0.2082 0.0280 -0.9777
vn 0.4993 -0.2628 -0.8256
vn -0.5338 -0.0846 -0.8414
vn -0.7545 0.3539 -0.5527
vn -0.5828 0.5477 -0.6004
vn -0.1683 -0.1092 -0.9797
vn -0.5730 0.5313 -0.6240
vn -0.4789 -0.5890 -0.6509
vn 0.0080 -0.1150 -0.9933
vn -0.4955 0.5997 -0.6284
vn 0.1394 -0.7709 -0.6215
vn -0.5497 -0.6812 -0.4835
vn 0.1876 -0.0091 -0.9822
vn -0.4262 0.6689 -0.6090
vn 0.4032 -0.7308 -0.5508
vn 0.1713 -0.9418 -0.2894
vn -0.6047 -0.7480 -0.2735
vn 0.2863 0.1169 -0.9510
vn -0.3836 0.7106 -0.5899
vn 0.6366 -0.5908 -0.4957
vn 0.4444 -0.8743 -0.1953
vn -0.0188 -0.9985 0.0506
vn -0.8676 -0.4742 0.1496
vn 0.3199 0.1939 -0.9274
vn -0.2961 0.7651 -0.5718
vn 0.7669 -0.4398 -0.4673
vn 0.6778 -0.7239 -0.1288
vn 0.3127 -0.9321 0.1828
vn -0.5001 -0.6298 0.5943
vn -0.9855 0.1127 0.1272
vn 0.5980 -0.7554 0.2679
vn 0.8129 -0.5738 -0.0995
vn 0.8103 -0.3623 -0.4606
vn 0.3392 0.2096 -0.9171
vn -0.8514 0.1908 -0.4886
vn -0.3676 -0.3509 -0.8612
vn -0.3864 -0.8526 0.3519
vn -0.7346 -0.4197 0.5330
vn 0.0237 -0.8941 -0.4473
vn -0.9726 -0.0728 0.2209
vn 0.0883 -0.9878 -0.1285
vn -0.9969 -0.0744 0.0240
vn 0.0543 -0.9745 0.2177
vn -0.9867 -0.0394 -0.1577
vn -0.2984 -0.5244 0.7975
vn 0.7834 -0.4077 -0.4690
vn 0.8219 -0.5604 -0.1020
vn 0.8200 -0.4913 0.2937
vn 0.4247 0.0076 0.9053
vn -0.2302 0.6143 0.7548
vn -0.7991 0.0698 0.5971
vn -0.4806 0.8683 0.1227
vn -0.9625 0.2618 0.0717
vn -0.8514 0.1908 -0.4885
vn -0.7791 -0.2938 -0.5538
vn -0.4220 -0.7467 -0.5141
vn -0.2678 -0.9576 -0.1059
vn -0.3864 -0.8526 0.3518
vn 0.8600 -0.5014 -0.0946
vn 0.8364 -0.4572 0.3022
vn 0.3840 -0.0406 0.9225
vn -0.3318 0.5344 0.7774
vn -0.5976 0.7919 0.1251
vn 0.7677 -0.5662 0.3002
vn 0.2914 -0.1985 0.9358
vn -0.4163 0.4285 0.8019
vn 0.1035 -0.4167 0.9031
vn -0.5408 0.2889 0.7900
vn -0.6946 0.1785 0.6969
vn -0.6613 0.7385 0.1312
vn -0.7401 0.6613 0.1223
vn -0.8037 0.5893 0.0825
vn -0.7992 0.6001 0.0342
vn -0.8139 0.1686 0.5560
vn -0.1891 -0.5918 0.7836
vn -0.3837 0.7105 -0.5898
vn -0.4956 0.5997 -0.6283
vn -0.5828 0.5477 -0.6003
vn -0.9073 0.3780 -0.1840
vn 0.7844 -0.5597 -0.2673
vn 0.2799 -0.8961 -0.3443
vn 0.8417 0.0407 -0.5384
vn 0.0729 -0.8678 -0.4915
vn 0.5317 0.2723 -0.8020
vn 0.1141 0.1972 -0.9737
vn -0.1327 -0.7948 -0.5922
vn -0.2818 -0.3135 -0.9068
vn 0.6096 -0.6696 -0.4242
vn 0.9716 0.1916 0.1392
vn 0.5291 -0.5724 -0.6264
vn 0.8349 0.5341 -0.1332
vn 0.6239 0.5699 -0.5347
vn 0.3844 0.1199 -0.9154
vn -0.0528 -0.9905 -0.1272
vn 0.0118 -0.9273 -0.3741
vn 0.9371 -0.0371 -0.3471
vn 0.0491 -0.7825 -0.6207
vn 0.4735 -0.3309 -0.8163
vn -0.4661 -0.1236 -0.8761
vn -0.9075 0.1752 -0.3819
vn -0.9148 0.0965 -0.3923
vn -0.4252 -0.1354 -0.8949
vn 0.2819 -0.6225 -0.7301
vn 0.3906 -0.5368 -0.7479
vn -0.3584 -0.0023 -0.9336
vn 0.5042 -0.3622 -0.7840
vn -0.2816 0.2146 -0.9352
vn 0.5844 -0.1642 -0.7947
vn -0.1706 0.4483 -0.8774
vn 0.6458 -0.0097 -0.7634
vn 0.0073 0.6415 -0.7671
vn 0.7047 0.0436 -0.7082
vn -0.5300 0.1368 -0.8369
vn -0.0133 -0.4653 -0.8851
vn -0.5884 -0.7717 0.2414
vn -0.9408 -0.2792 0.1922
vn 0.0815 -0.9516 -0.2963
vn -0.9690 0.0444 -0.2429
vn 0.6608 -0.7505 0.0104
vn 0.7721 -0.6355 0.0074
vn 0.8694 -0.4940 0.0038
vn 0.9193 -0.3934 0.0059
vn 0.9222 -0.3865 0.0102
vn 0.8623 -0.5063 -0.0059
vn -0.2693 -0.9574 -0.1046
vn -0.8653 0.2774 -0.4175
vn -0.4791 0.8403 -0.2538
vn -0.7001 0.6175 -0.3584
vn -0.8286 0.3817 -0.4096
vn -0.8916 0.1846 -0.4135
vn -0.6665 -0.3954 -0.6320
vn -0.9419 -0.1786 -0.2845
vn -0.1501 -0.8160 -0.5582
vn 0.0444 -0.9990 -0.0037
vn -0.0480 -0.9721 0.2296
vn 0.6342 -0.6696 0.3867
vn 0.7264 -0.5638 0.3930
vn 0.7974 -0.4523 0.3995
vn 0.8241 -0.3971 0.4040
vn 0.8042 -0.4409 0.3985
vn 0.7127 -0.6008 0.3620
vn -0.8654 0.2774 -0.4174
vn -0.4791 0.8403 -0.2537
vn -0.9836 0.1481 0.1030
vn -0.5818 0.6746 0.4544
vn -0.7341 -0.4091 0.5420
vn -0.1199 0.0936 0.9884
vn -0.2149 -0.9327 0.2897
vn 0.5180 -0.4852 0.7044
vn -0.0132 -0.9997 0.0192
vn 0.5841 -0.3534 0.7307
vn 0.5926 -0.3406 0.7300
vn 0.5615 -0.4136 0.7167
vn 0.4923 -0.5193 0.6985
vn 0.4103 -0.6006 0.6862
vn -0.1179 -0.8841 0.4521
vn -0.5729 -0.5157 0.6371
vn -0.3332 -0.2610 0.9060
vn -0.2939 -0.2639 0.9187
vn -0.2541 -0.1728 0.9516
vn -0.2198 -0.0361 0.9749
vn -0.1752 0.0720 0.9819
vn -0.7679 0.5070 0.3915
vn -0.7002 0.6175 -0.3584
vn -0.8286 0.3817 -0.4095
vn -0.8916 0.1846 -0.4134
vn -0.8784 0.3098 0.3639
vn -0.9260 0.1361 0.3521
vn -0.9366 0.0648 0.3445
vn -0.9267 0.1490 0.3449
vn -0.9604 -0.1867 0.2069
vn -0.9148 0.0966 -0.3922
vn -0.9075 0.1752 -0.3818
vn -0.7267 -0.2641 -0.6341
vn -0.8280 -0.2054 -0.5217
vn -0.1484 0.3554 -0.9229
vn -0.1361 0.4084 -0.9026
vn -0.2817 -0.3135 -0.9068
vn 0.1140 0.1972 -0.9737
vn -0.1642 0.3831 -0.9090
vn -0.1777 0.4476 -0.8764
vn 0.5510 0.5566 -0.6217
vn 0.5765 0.4850 -0.6575
vn 0.5792 0.4642 -0.6701
vn 0.5491 0.5398 -0.6381
vn 0.5317 0.2723 -0.8019
vn 0.5511 0.5566 -0.6217
vn 0.5017 0.6618 -0.5570
vn 0.8809 0.4668 0.0787
vn 0.9310 0.3637 0.0301
vn 0.5810 -0.0605 0.8117
vn 0.5987 -0.1198 0.7920
vn -0.2232 -0.4695 0.8543
vn -0.2276 -0.4522 0.8624
vn -0.5626 -0.5192 0.6434
vn -0.5746 -0.4806 0.6624
vn -0.8280 -0.4340 0.3551
vn -0.8348 -0.4075 0.3702
vn -0.9080 0.0276 -0.4180
vn -0.9033 -0.0085 -0.4289
vn -0.2054 0.5325 -0.8212
vn -0.8850 -0.0947 -0.4558
vn 0.5766 0.4851 -0.6575
vn 0.9658 0.2588 -0.0124
vn 0.6307 -0.2567 0.7323
vn -0.1962 -0.5512 0.8110
vn -0.5506 -0.5540 0.6244
vn -0.8078 -0.4857 0.3340
vn -0.7343 -0.6433 0.2168
vn -0.6114 -0.7913 0.0037
vn -0.1327 -0.7947 -0.5923
vn 0.5793 0.4642 -0.6700
vn 0.9812 0.1779 -0.0744
vn 0.6827 -0.4323 0.5892
vn -0.1197 -0.7375 0.6647
vn -0.4820 -0.7189 0.5009
vn -0.3655 -0.8893 0.2750
vn 0.0730 -0.8678 -0.4916
vn 0.5491 0.5398 -0.6380
vn 0.9725 0.1846 -0.1424
vn 0.7534 -0.5510 0.3589
vn 0.0023 -0.9135 0.4069
vn 0.2799 -0.8961 -0.3444
vn 0.8417 0.0406 -0.5384
vn 0.4194 0.7889 -0.4492
vn 0.8138 0.5604 0.1539
vn 0.5796 -0.0763 0.8113
vn -0.1783 -0.5847 0.7914
vn -0.5088 -0.6464 0.5686
vn -0.7847 -0.5471 0.2914
vn -0.9096 0.0150 -0.4152
vn -0.2622 0.6272 -0.7334
vn 0.4193 0.7889 -0.4492
vn 0.5017 0.6618 -0.5571
vn 0.9142 -0.0577 -0.4012
vn 0.8223 -0.5689 0.0076
vn 0.2749 -0.9602 0.0496
vn -0.0179 -0.9979 -0.0624
vn -0.1821 -0.9264 -0.3297
vn -0.2115 -0.4897 -0.8458
vn 0.1983 -0.0142 -0.9800
vn 0.6283 0.0972 -0.7719
vn 0.5386 -0.8376 0.0909
vn 0.0307 -0.9895 -0.1415
vn 0.9449 -0.3111 -0.1021
vn 0.8088 0.0589 -0.5851
vn 0.6323 0.0476 -0.7732
vn 0.4124 0.0837 -0.9072
vn -0.1133 -0.2460 -0.9626
vn -0.2619 -0.7801 -0.5682
vn 0.0385 -0.9900 -0.1354
vn 0.6284 0.0971 -0.7718
vn -0.2757 -0.6667 0.6924
vn -0.6019 -0.6680 0.4377
vn -0.8395 -0.5182 0.1635
vn -0.8699 0.1152 -0.4796
vn -0.1412 0.7204 -0.6790
vn 0.5303 0.7892 -0.3099
vn -0.8418 0.0406 -0.5383
vn -0.2798 -0.8962 -0.3443
vn -0.7844 -0.5597 -0.2673
vn -0.0729 -0.8678 -0.4915
vn 0.1327 -0.7947 -0.5923
vn 0.0302 0.8260 -0.5628
vn -0.3571 0.8216 -0.4443
vn 0.3743 0.4146 -0.8295
vn 0.1951 -0.0965 -0.9760
vn -0.0031 -0.1861 -0.9825
vn -0.2276 -0.2771 -0.9335
vn -0.7114 -0.0277 -0.7022
vn -0.6927 0.5555 -0.4601
vn -0.4642 0.8470 -0.2592
vn -0.9855 0.1126 0.1272
vn -0.6047 -0.7480 -0.2736
vn -0.8676 -0.4741 0.1497
vn -0.5497 -0.6813 -0.4835
vn -0.5339 -0.0845 -0.8413
vn -0.8989 0.0201 -0.4378
vn -0.7893 0.0337 -0.6131
vn -0.4255 -0.3035 -0.8525
vn -0.1769 -0.7951 -0.5801
vn -0.2692 -0.9574 -0.1046
vn -0.6927 0.5554 -0.4601
vn -0.2275 -0.2772 -0.9335
vn -0.7115 -0.0277 -0.7022
vn -0.0031 -0.1863 -0.9825
vn 0.1952 -0.0965 -0.9760
vn 0.6524 -0.1246 -0.7476
vn 0.6398 0.7499 -0.1683
vn 0.5384 0.7946 -0.2806
vn 0.5676 0.7635 -0.3082
vn 0.4800 0.7951 -0.3707
vn 0.3844 0.1199 -0.9153
vn 0.6200 0.7241 0.3022
vn 0.6516 0.1923 0.7338
vn -0.9604 -0.1866 0.2070
vn -0.1178 -0.8842 0.4521
vn -0.0480 -0.9721 0.2297
vn -0.9419 -0.1785 -0.2845
vn 0.0445 -0.9990 -0.0037
vn -0.1500 -0.8160 -0.5582
vn -0.9743 0.1910 0.1196
vn -0.5972 -0.6771 -0.4300
vn -0.8970 -0.4405 0.0382
vn -0.5114 -0.5861 -0.6285
vn -0.3787 -0.4592 -0.8036
vn -0.4102 -0.0723 -0.9091
vt 0.531637 0.390514
vt 0.513828 0.390989
vt 0.548116 0.388341
vt 0.545202 0.447484
vt 0.513828 0.456113
vt 0.573054 0.491245
vt 0.534930 0.517736
vt 0.604612 0.519021
vt 0.571311 0.562985
vt 0.632044 0.534077
vt 0.610133 0.587102
vt 0.657752 0.545112
vt 0.647707 0.593144
vt 0.696556 0.556140
vt 0.696837 0.587292
vt 0.763610 0.558268
vt 0.764255 0.561801
vt 0.672377 0.514741
vt 0.649470 0.501800
vt 0.704556 0.532708
vt 0.764401 0.555523
vt 0.636895 0.340498
vt 0.579365 0.335224
vt 0.579629 0.351755
vt 0.626911 0.366320
vt 0.575332 0.361745
vt 0.615052 0.381528
vt 0.566554 0.372340
vt 0.598962 0.399980
vt 0.557374 0.382582
vt 0.583366 0.419140
vt 0.569967 0.433617
vt 0.598351 0.466312
vt 0.625918 0.487700
vt 0.682942 0.362095
vt 0.663019 0.388909
vt 0.647057 0.404205
vt 0.627982 0.424139
vt 0.611441 0.447001
vt 0.637851 0.468094
vt 0.661784 0.484904
vt 0.684842 0.501100
vt 0.714130 0.521935
vt 0.714204 0.390020
vt 0.688816 0.412983
vt 0.672541 0.426850
vt 0.653951 0.445805
vt 0.677578 0.466124
vt 0.699836 0.486242
vt 0.725501 0.510934
vt 0.733829 0.417077
vt 0.707613 0.435921
vt 0.694011 0.448844
vt 0.713326 0.471284
vt 0.735741 0.499950
vt 0.749050 0.444443
vt 0.724759 0.459570
vt 0.745128 0.491227
vt 0.765214 0.482550
vt 0.765758 0.554147
vt 0.767464 0.552587
vt 0.769175 0.551034
vt 0.770583 0.549779
vt 0.773203 0.548749
vt 0.776785 0.548755
vt 0.795233 0.479265
vt 0.796759 0.427008
vt 0.782073 0.389547
vt 0.753510 0.353675
vt 0.704756 0.322312
vt 0.641425 0.308665
vt 0.577214 0.317619
vt 0.083490 0.681606
vt 0.041138 0.677893
vt 0.046692 0.750974
vt 0.087086 0.737844
vt 0.086514 0.624651
vt 0.049005 0.617930
vt 0.005123 0.673381
vt 0.000295 0.747451
vt 0.045930 0.759991
vt 0.081377 0.742814
vt 0.136206 0.757035
vt 0.003351 0.772462
vt 0.009842 0.611354
vt 0.021475 0.835594
vt 0.054410 0.825339
vt 0.094760 0.814223
vt 0.120401 0.812192
vt 0.151735 0.813890
vt 0.159743 0.764661
vt 0.135952 0.741481
vt 0.113932 0.680618
vt 0.112420 0.628438
vt 0.115338 0.587235
vt 0.093705 0.583216
vt 0.059776 0.573973
vt 0.020255 0.561177
vt 0.071344 0.543661
vt 0.035564 0.524656
vt 0.100671 0.553735
vt 0.118627 0.555741
vt 0.138855 0.555412
vt 0.140111 0.588531
vt 0.142111 0.629022
vt 0.146325 0.677068
vt 0.159146 0.730799
vt 0.178550 0.769646
vt 0.177727 0.817108
vt 0.082258 0.521637
vt 0.054042 0.500135
vt 0.106569 0.530217
vt 0.120996 0.530206
vt 0.136943 0.528617
vt 0.151793 0.527330
vt 0.157656 0.553550
vt 0.163456 0.585537
vt 0.168758 0.625919
vt 0.173633 0.673092
vt 0.177525 0.723269
vt 0.144840 0.501609
vt 0.134382 0.502445
vt 0.123237 0.503932
vt 0.112873 0.504226
vt 0.096356 0.496999
vt 0.080995 0.480401
vt 0.163746 0.525347
vt 0.172384 0.550580
vt 0.181219 0.581465
vt 0.188630 0.622145
vt 0.192866 0.670598
vt 0.190494 0.721732
vt 0.191918 0.770942
vt 0.195944 0.819429
vt 0.220662 0.818324
vt 0.210041 0.766637
vt 0.208814 0.727077
vt 0.219121 0.671206
vt 0.217327 0.618240
vt 0.208105 0.574261
vt 0.195598 0.541819
vt 0.182692 0.517060
vt 0.166825 0.492195
vt 0.153578 0.500038
vt 0.211647 0.494917
vt 0.230800 0.522650
vt 0.246168 0.562309
vt 0.253587 0.615249
vt 0.248231 0.675652
vt 0.227599 0.734890
vt 0.227061 0.759674
vt 0.248415 0.813368
vt 0.253587 0.866655
vt 0.219673 0.863895
vt 0.246635 0.911554
vt 0.212192 0.900720
vt 0.065095 0.954297
vt 0.094431 0.933605
vt 0.048406 0.926318
vt 0.082001 0.910013
vt 0.119169 0.922469
vt 0.110929 0.898485
vt 0.134680 0.919687
vt 0.129648 0.893387
vt 0.152293 0.918853
vt 0.151435 0.890718
vt 0.168759 0.919333
vt 0.172253 0.892083
vt 0.181731 0.921086
vt 0.188120 0.894908
vt 0.202355 0.927870
vt 0.193350 0.860756
vt 0.233615 0.944051
vt 0.218013 0.967220
vt 0.192356 0.949353
vt 0.175559 0.943099
vt 0.165109 0.942077
vt 0.152189 0.941824
vt 0.138273 0.941309
vt 0.125705 0.942074
vt 0.105048 0.951280
vt 0.083076 0.971795
vt 0.192369 0.985144
vt 0.179737 0.971700
vt 0.168073 0.965673
vt 0.160497 0.964775
vt 0.151442 0.964611
vt 0.141713 0.963951
vt 0.132724 0.964299
vt 0.119035 0.971562
vt 0.147400 0.996863
vt 0.146026 0.997664
vt 0.107289 0.986587
vt 0.145044 0.999382
vt 0.154641 0.999705
vt 0.153405 0.998123
vt 0.152039 0.997374
vt 0.151009 0.997237
vt 0.149742 0.997074
vt 0.148473 0.996921
vt 0.879098 0.887979
vt 0.880459 0.854610
vt 0.865705 0.856064
vt 0.863973 0.889696
vt 0.851677 0.856398
vt 0.850765 0.889982
vt 0.839090 0.856126
vt 0.839370 0.888689
vt 0.831246 0.855341
vt 0.831656 0.887029
vt 0.821507 0.854129
vt 0.821215 0.885228
vt 0.859485 0.826467
vt 0.869484 0.825487
vt 0.850590 0.826788
vt 0.842790 0.827196
vt 0.837071 0.826980
vt 0.829610 0.826035
vt 0.821483 0.825032
vt 0.811486 0.852861
vt 0.809559 0.883479
vt 0.858657 0.797294
vt 0.853419 0.797725
vt 0.848208 0.797939
vt 0.843426 0.798079
vt 0.840316 0.798179
vt 0.836467 0.797926
vt 0.832548 0.797681
vt 0.829449 0.796857
vt 0.814522 0.822987
vt 0.802545 0.851429
vt 0.799103 0.882905
vt 0.863299 0.795790
vt 0.879711 0.822404
vt 0.894575 0.851637
vt 0.895419 0.885751
vt 0.893128 0.915179
vt 0.876357 0.914243
vt 0.861452 0.914156
vt 0.849000 0.913771
vt 0.838449 0.912657
vt 0.831152 0.911662
vt 0.821263 0.910741
vt 0.809820 0.909771
vt 0.799103 0.909908
vt 0.884336 0.943002
vt 0.870296 0.938272
vt 0.857582 0.935811
vt 0.846985 0.934552
vt 0.838124 0.933902
vt 0.831581 0.933872
vt 0.822859 0.934198
vt 0.813091 0.934661
vt 0.803818 0.935932
vt 0.820115 0.959387
vt 0.813858 0.961105
vt 0.828776 0.989318
vt 0.826854 0.989706
vt 0.868150 0.968252
vt 0.859982 0.962171
vt 0.851621 0.957808
vt 0.844023 0.955565
vt 0.837403 0.955095
vt 0.832908 0.955935
vt 0.827036 0.957535
vt 0.831141 0.988833
vt 0.846115 0.992869
vt 0.843912 0.990597
vt 0.841178 0.988939
vt 0.838169 0.988065
vt 0.835283 0.987903
vt 0.833454 0.988306
vt 0.009516 0.070536
vt 0.000295 0.068908
vt 0.000295 0.112274
vt 0.016907 0.069724
vt 0.015229 0.154921
vt 0.021055 0.110009
vt 0.024394 0.062278
vt 0.030907 0.179825
vt 0.040492 0.141490
vt 0.036491 0.103971
vt 0.029325 0.052215
vt 0.050222 0.156892
vt 0.058359 0.195665
vt 0.056004 0.128878
vt 0.051251 0.087233
vt 0.033110 0.042155
vt 0.060773 0.069902
vt 0.070867 0.106557
vt 0.065172 0.137824
vt 0.068462 0.166855
vt 0.091479 0.200326
vt 0.090376 0.173463
vt 0.127411 0.191563
vt 0.120557 0.174917
vt 0.163229 0.168517
vt 0.161459 0.166326
vt 0.117880 0.160929
vt 0.160506 0.164266
vt 0.125208 0.143725
vt 0.068054 0.054968
vt 0.082686 0.083939
vt 0.093137 0.065949
vt 0.136553 0.130859
vt 0.121842 0.114184
vt 0.106352 0.129834
vt 0.092422 0.152801
vt 0.077649 0.145241
vt 0.082527 0.112047
vt 0.097357 0.091037
vt 0.109538 0.075515
vt 0.102972 0.050856
vt 0.120013 0.062634
vt 0.123150 0.088748
vt 0.135692 0.103199
vt 0.147929 0.123016
vt 0.110062 0.101614
vt 0.094219 0.119833
vt 0.135206 0.077976
vt 0.148605 0.095428
vt 0.159228 0.118059
vt 0.168610 0.117274
vt 0.160138 0.090625
vt 0.146317 0.068846
vt 0.127915 0.051812
vt 0.108905 0.038658
vt 0.075915 0.030095
vt 0.073833 0.041539
vt 0.036526 0.026201
vt 0.035321 0.032652
vt 0.037178 0.017620
vt 0.076707 0.012505
vt 0.116951 0.016856
vt 0.142369 0.030901
vt 0.169137 0.050870
vt 0.181982 0.083576
vt 0.183262 0.118280
vt 0.170973 0.156652
vt 0.173592 0.156952
vt 0.161383 0.161199
vt 0.163465 0.158882
vt 0.166282 0.157502
vt 0.169001 0.156604
vt 0.968390 0.959898
vt 0.969477 0.958554
vt 0.965959 0.959190
vt 0.969477 0.956432
vt 0.964803 0.956703
vt 0.965665 0.954099
vt 0.969232 0.954325
vt 0.967998 0.953115
vt 0.960625 0.945742
vt 0.959539 0.947086
vt 0.963056 0.946450
vt 0.959539 0.949208
vt 0.964212 0.948937
vt 0.963350 0.951541
vt 0.959783 0.951315
vt 0.961017 0.952525
vt 0.960335 0.932804
vt 0.959539 0.933790
vt 0.962118 0.933324
vt 0.959539 0.935346
vt 0.962966 0.935148
vt 0.962334 0.937057
vt 0.959718 0.936892
vt 0.960623 0.937779
vt 0.961017 0.967861
vt 0.959783 0.969070
vt 0.963350 0.968845
vt 0.959539 0.971178
vt 0.964212 0.971448
vt 0.963056 0.973936
vt 0.959539 0.973300
vt 0.960625 0.974643
vt 0.870808 0.150954
vt 0.872370 0.179628
vt 0.889607 0.150399
vt 0.889965 0.117214
vt 0.870788 0.117478
vt 0.855427 0.152280
vt 0.855245 0.117850
vt 0.909244 0.117809
vt 0.858639 0.180804
vt 0.863644 0.206033
vt 0.875227 0.205168
vt 0.889346 0.179096
vt 0.908670 0.151433
vt 0.925001 0.118360
vt 0.921005 0.077056
vt 0.907352 0.077607
vt 0.890228 0.077588
vt 0.873091 0.077510
vt 0.859420 0.076899
vt 0.878248 0.031516
vt 0.868760 0.030101
vt 0.890187 0.031566
vt 0.902123 0.031332
vt 0.911599 0.029812
vt 0.925142 0.024813
vt 0.940463 0.073428
vt 0.948115 0.116972
vt 0.924470 0.152970
vt 0.906570 0.179641
vt 0.889312 0.205069
vt 0.879599 0.231986
vt 0.871093 0.232754
vt 0.889646 0.231964
vt 0.903723 0.204879
vt 0.921020 0.181050
vt 0.948733 0.154739
vt 0.974339 0.113110
vt 0.960845 0.067071
vt 0.939329 0.018784
vt 0.978513 0.156154
vt 0.943931 0.185616
vt 0.916012 0.205622
vt 0.899971 0.231612
vt 0.890599 0.270400
vt 0.888467 0.270522
vt 0.973561 0.193478
vt 0.935534 0.211391
vt 0.909028 0.232116
vt 0.892731 0.270283
vt 0.960536 0.224345
vt 0.922754 0.237983
vt 0.894508 0.270257
vt 0.936878 0.249982
vt 0.896930 0.271332
vt 0.899072 0.273680
vt 0.839931 0.073285
vt 0.819547 0.066991
vt 0.806481 0.113002
vt 0.832484 0.116510
vt 0.803048 0.155874
vt 0.832139 0.153962
vt 0.808669 0.192801
vt 0.837133 0.184908
vt 0.821603 0.223048
vt 0.845412 0.211237
vt 0.843828 0.250195
vt 0.858272 0.238301
vt 0.882030 0.273970
vt 0.884300 0.271708
vt 0.886714 0.270646
vt 0.855262 0.025027
vt 0.841176 0.018784
vt 0.668794 0.728859
vt 0.666961 0.730055
vt 0.721351 0.762368
vt 0.706208 0.771097
vt 0.664615 0.731053
vt 0.752009 0.800703
vt 0.689768 0.778093
vt 0.662250 0.732001
vt 0.726255 0.808282
vt 0.765027 0.834431
vt 0.676615 0.783938
vt 0.660368 0.732593
vt 0.701846 0.813924
vt 0.735329 0.839921
vt 0.769215 0.867165
vt 0.739839 0.871247
vt 0.768700 0.908433
vt 0.708048 0.844578
vt 0.683104 0.818194
vt 0.666738 0.787340
vt 0.657435 0.732628
vt 0.654142 0.732325
vt 0.651940 0.788193
vt 0.670348 0.820892
vt 0.686333 0.847442
vt 0.711364 0.875043
vt 0.741134 0.908584
vt 0.754114 0.957162
vt 0.651121 0.730977
vt 0.634537 0.786193
vt 0.652394 0.822396
vt 0.671754 0.848764
vt 0.688403 0.876429
vt 0.712656 0.909212
vt 0.733068 0.952032
vt 0.722578 0.999705
vt 0.711859 0.993521
vt 0.709071 0.948103
vt 0.697854 0.987959
vt 0.687815 0.943325
vt 0.683765 0.982523
vt 0.689249 0.907874
vt 0.672922 0.876298
vt 0.652388 0.849805
vt 0.628801 0.821507
vt 0.613241 0.778341
vt 0.648693 0.728365
vt 0.593195 0.762796
vt 0.598566 0.816311
vt 0.561581 0.802180
vt 0.593498 0.844819
vt 0.547846 0.836864
vt 0.590921 0.872081
vt 0.672903 0.906167
vt 0.651710 0.876454
vt 0.627357 0.848813
vt 0.672036 0.939998
vt 0.650463 0.905679
vt 0.625578 0.875009
vt 0.650056 0.939743
vt 0.624230 0.905193
vt 0.626255 0.941814
vt 0.591761 0.905696
vt 0.600388 0.946658
vt 0.672014 0.980042
vt 0.654577 0.982193
vt 0.636327 0.986866
vt 0.618349 0.992357
vt 0.546799 0.871985
vt 0.555358 0.912580
vt 0.573456 0.957586
vt 0.602485 0.999705
vt 0.966353 0.937057
vt 0.963737 0.936892
vt 0.964642 0.937779
vt 0.963557 0.935346
vt 0.966985 0.935148
vt 0.966137 0.933324
vt 0.963557 0.933790
vt 0.964354 0.932804
vt 0.265425 0.139840
vt 0.253433 0.183426
vt 0.265103 0.190453
vt 0.284979 0.152581
vt 0.277642 0.108544
vt 0.299986 0.128709
vt 0.346533 0.100376
vt 0.332819 0.089984
vt 0.336635 0.113998
vt 0.322493 0.103795
vt 0.327424 0.127832
vt 0.312013 0.116722
vt 0.316534 0.141163
vt 0.299891 0.162384
vt 0.275736 0.197616
vt 0.240715 0.180458
vt 0.238676 0.129038
vt 0.248486 0.081609
vt 0.329874 0.149500
vt 0.339057 0.135430
vt 0.347615 0.121229
vt 0.357310 0.107042
vt 0.305435 0.222039
vt 0.310466 0.228414
vt 0.297936 0.215803
vt 0.290427 0.209690
vt 0.284454 0.205147
vt 0.311749 0.170448
vt 0.319536 0.177958
vt 0.338686 0.155829
vt 0.347055 0.141057
vt 0.356285 0.126490
vt 0.365809 0.111143
vt 0.329862 0.189194
vt 0.352125 0.165579
vt 0.359956 0.149520
vt 0.370053 0.134702
vt 0.379113 0.117736
vt 0.376361 0.091335
vt 0.387835 0.094238
vt 0.397639 0.127570
vt 0.403022 0.098776
vt 0.419495 0.138403
vt 0.419495 0.101581
vt 0.368552 0.088787
vt 0.390257 0.052591
vt 0.392226 0.053331
vt 0.394875 0.054173
vt 0.397542 0.054958
vt 0.399949 0.055216
vt 0.343771 0.201457
vt 0.371867 0.177266
vt 0.378897 0.161890
vt 0.388621 0.146290
vt 0.411443 0.160248
vt 0.355293 0.216340
vt 0.393025 0.192589
vt 0.401370 0.176584
vt 0.386113 0.551540
vt 0.387381 0.552368
vt 0.440671 0.515156
vt 0.426240 0.507464
vt 0.469815 0.473068
vt 0.384513 0.550801
vt 0.444824 0.467227
vt 0.480297 0.439802
vt 0.410605 0.501264
vt 0.382901 0.550091
vt 0.451816 0.435460
vt 0.483783 0.407788
vt 0.421738 0.463117
vt 0.397724 0.495949
vt 0.381596 0.549633
vt 0.455781 0.404075
vt 0.483783 0.362922
vt 0.426455 0.432083
vt 0.403972 0.459755
vt 0.387817 0.492714
vt 0.379547 0.549600
vt 0.377241 0.549937
vt 0.373081 0.491777
vt 0.391655 0.457381
vt 0.406144 0.430143
vt 0.429035 0.400919
vt 0.457131 0.363183
vt 0.467657 0.307901
vt 0.447498 0.313042
vt 0.434216 0.258458
vt 0.429727 0.363301
vt 0.407337 0.400086
vt 0.392313 0.429360
vt 0.373081 0.456456
vt 0.355144 0.494009
vt 0.375170 0.550983
vt 0.424019 0.264215
vt 0.424199 0.317434
vt 0.406953 0.365013
vt 0.392340 0.400785
vt 0.373216 0.428991
vt 0.349079 0.456902
vt 0.334303 0.501649
vt 0.373587 0.552839
vt 0.315912 0.517477
vt 0.315653 0.463046
vt 0.280963 0.478991
vt 0.346269 0.430994
vt 0.371107 0.401846
vt 0.390639 0.367135
vt 0.403259 0.322185
vt 0.410496 0.268912
vt 0.309850 0.436958
vt 0.343477 0.405272
vt 0.367713 0.368900
vt 0.387525 0.325515
vt 0.396893 0.273326
vt 0.306420 0.410962
vt 0.340144 0.371014
vt 0.365281 0.326649
vt 0.385695 0.274890
vt 0.306002 0.372195
vt 0.340938 0.325522
vt 0.369016 0.272530
vt 0.314561 0.321867
vt 0.351097 0.268887
vt 0.333253 0.264356
vt 0.266489 0.447416
vt 0.261928 0.413938
vt 0.267207 0.366913
vt 0.286634 0.312209
vt 0.316456 0.259291
vt 0.987445 0.557100
vt 0.984072 0.557127
vt 0.997870 0.609187
vt 0.981408 0.556096
vt 0.977594 0.608071
vt 0.999705 0.649522
vt 0.962064 0.602468
vt 0.979970 0.554817
vt 0.967409 0.642651
vt 0.993101 0.684453
vt 0.954159 0.596066
vt 0.978278 0.553224
vt 0.946070 0.632698
vt 0.956334 0.670659
vt 0.978300 0.719270
vt 0.945623 0.587843
vt 0.976587 0.551629
vt 0.935278 0.623524
vt 0.931811 0.657284
vt 0.942490 0.697014
vt 0.950224 0.752945
vt 0.936847 0.579790
vt 0.975223 0.550267
vt 0.923171 0.611781
vt 0.918725 0.646458
vt 0.917504 0.679895
vt 0.923004 0.722186
vt 0.906500 0.775855
vt 0.929905 0.572195
vt 0.974043 0.547662
vt 0.910589 0.600329
vt 0.903789 0.632287
vt 0.902620 0.667770
vt 0.901584 0.700736
vt 0.894631 0.743472
vt 0.852136 0.777618
vt 0.849978 0.756868
vt 0.880554 0.719545
vt 0.885840 0.687660
vt 0.885164 0.651667
vt 0.888773 0.617961
vt 0.900586 0.589872
vt 0.923419 0.556810
vt 0.973897 0.544293
vt 0.921378 0.536519
vt 0.889326 0.568489
vt 0.844162 0.738095
vt 0.866351 0.706451
vt 0.866625 0.670735
vt 0.868391 0.634718
vt 0.877069 0.605161
vt 0.835858 0.727592
vt 0.847659 0.690309
vt 0.849095 0.652099
vt 0.855521 0.620166
vt 0.862191 0.580643
vt 0.823373 0.716466
vt 0.830640 0.672668
vt 0.835384 0.636945
vt 0.836916 0.595645
vt 0.810926 0.705352
vt 0.817018 0.659438
vt 0.812857 0.616654
vt 0.799740 0.698166
vt 0.792810 0.646785
vt 0.780857 0.692996
vt 0.881133 0.536363
vt 0.846491 0.544222
vt 0.812338 0.560895
vt 0.780351 0.591254
vt 0.760145 0.636396
vt 0.760145 0.690722
vt 0.400693 0.899525
vt 0.401925 0.901429
vt 0.476696 0.880699
vt 0.451730 0.855156
vt 0.518731 0.840314
vt 0.399259 0.899017
vt 0.472542 0.817620
vt 0.536696 0.800493
vt 0.434006 0.848961
vt 0.397518 0.898589
vt 0.482426 0.786181
vt 0.541558 0.752078
vt 0.448414 0.813301
vt 0.415172 0.844577
vt 0.395763 0.898197
vt 0.487763 0.749925
vt 0.529162 0.692425
vt 0.455916 0.781585
vt 0.422897 0.809962
vt 0.398992 0.839604
vt 0.394372 0.897960
vt 0.484779 0.703058
vt 0.495896 0.632961
vt 0.459483 0.746290
vt 0.427271 0.778121
vt 0.400701 0.806034
vt 0.385815 0.836869
vt 0.392365 0.898538
vt 0.401161 0.776617
vt 0.428849 0.743918
vt 0.457791 0.703436
vt 0.467667 0.649334
vt 0.448594 0.587534
vt 0.436750 0.600291
vt 0.426313 0.605134
vt 0.412433 0.608327
vt 0.398477 0.611176
vt 0.387179 0.611181
vt 0.446979 0.653690
vt 0.422226 0.657215
vt 0.398804 0.661495
vt 0.380407 0.664061
vt 0.354071 0.661222
vt 0.371278 0.605531
vt 0.325469 0.652564
vt 0.354692 0.597310
vt 0.294850 0.636737
vt 0.338827 0.587534
vt 0.427757 0.703962
vt 0.400451 0.707303
vt 0.379447 0.710481
vt 0.348314 0.710753
vt 0.309488 0.707447
vt 0.401354 0.744998
vt 0.380761 0.747294
vt 0.349527 0.749676
vt 0.382207 0.776850
vt 0.353412 0.779371
vt 0.358118 0.806013
vt 0.307028 0.753480
vt 0.311539 0.787632
vt 0.320251 0.816606
vt 0.340113 0.851991
vt 0.365228 0.840390
vt 0.384108 0.803834
vt 0.261611 0.696587
vt 0.249527 0.756183
vt 0.255560 0.802664
vt 0.272271 0.840380
vt 0.313273 0.879171
vt 0.388880 0.902042
vt 0.390202 0.899855
vt 0.961017 0.938369
vt 0.959783 0.939579
vt 0.963350 0.939353
vt 0.959539 0.941686
vt 0.964212 0.941957
vt 0.963056 0.944444
vt 0.959539 0.943808
vt 0.960625 0.945152
vt 0.968390 0.967271
vt 0.969477 0.965927
vt 0.965959 0.966563
vt 0.969477 0.963805
vt 0.964803 0.964076
vt 0.965665 0.961472
vt 0.969232 0.961698
vt 0.967998 0.960488
vt 0.963126 0.967271
vt 0.964212 0.965927
vt 0.960695 0.966563
vt 0.964212 0.963805
vt 0.959539 0.964076
vt 0.960401 0.961472
vt 0.963968 0.961697
vt 0.962734 0.960488
vt 0.070712 0.440347
vt 0.071313 0.456759
vt 0.115371 0.460508
vt 0.109307 0.430347
vt 0.066150 0.427077
vt 0.099596 0.409965
vt 0.142489 0.416230
vt 0.127359 0.392842
vt 0.173325 0.395849
vt 0.153045 0.373279
vt 0.202239 0.365096
vt 0.178110 0.346962
vt 0.225660 0.320667
vt 0.202523 0.310108
vt 0.238238 0.260869
vt 0.224154 0.258549
vt 0.215992 0.253938
vt 0.060339 0.420092
vt 0.089932 0.399389
vt 0.115188 0.379803
vt 0.139170 0.358448
vt 0.163282 0.332657
vt 0.188806 0.299096
vt 0.253494 0.261435
vt 0.253494 0.327630
vt 0.234150 0.385163
vt 0.199660 0.427195
vt 0.158621 0.451293
vt 0.025806 0.446778
vt 0.025810 0.449137
vt 0.025139 0.444821
vt 0.024248 0.443740
vt 0.023040 0.442518
vt 0.052470 0.412436
vt 0.077070 0.387310
vt 0.098939 0.364483
vt 0.120896 0.340728
vt 0.144562 0.314751
vt 0.172363 0.283995
vt 0.188379 0.200917
vt 0.121993 0.205580
vt 0.190126 0.216165
vt 0.130835 0.233251
vt 0.193528 0.230109
vt 0.143317 0.255973
vt 0.198760 0.237931
vt 0.155692 0.268906
vt 0.207252 0.246072
vt 0.124584 0.297619
vt 0.101370 0.323769
vt 0.082340 0.348747
vt 0.064327 0.374459
vt 0.044510 0.404607
vt 0.021821 0.441308
vt 0.020727 0.440416
vt 0.037099 0.398764
vt 0.052739 0.364581
vt 0.067759 0.336639
vt 0.084652 0.310470
vt 0.108361 0.283601
vt 0.087554 0.259920
vt 0.065179 0.228481
vt 0.024821 0.265849
vt 0.003577 0.309293
vt 0.058928 0.290886
vt 0.041635 0.322560
vt 0.030169 0.355721
vt 0.023154 0.394726
vt 0.018744 0.439829
vt 0.000295 0.352455
vt 0.006627 0.395091
vt 0.016399 0.439980
vt 0.657722 0.236766
vt 0.650738 0.210273
vt 0.631216 0.216042
vt 0.643996 0.242634
vt 0.672242 0.274908
vt 0.669820 0.275983
vt 0.622819 0.190267
vt 0.618017 0.159389
vt 0.588237 0.160804
vt 0.593189 0.198128
vt 0.606214 0.228996
vt 0.629872 0.254633
vt 0.667678 0.278331
vt 0.763702 0.160525
vt 0.760269 0.117653
vt 0.734267 0.121161
vt 0.734611 0.158612
vt 0.711505 0.122501
vt 0.711323 0.156931
vt 0.695962 0.122129
vt 0.695942 0.155605
vt 0.676786 0.121865
vt 0.677143 0.155050
vt 0.657506 0.122460
vt 0.658081 0.156084
vt 0.641749 0.123010
vt 0.642280 0.157621
vt 0.618635 0.121623
vt 0.645730 0.185700
vt 0.758081 0.197452
vt 0.729617 0.189559
vt 0.708112 0.185455
vt 0.694380 0.184278
vt 0.677404 0.183746
vt 0.660180 0.184292
vt 0.663027 0.209530
vt 0.666779 0.236262
vt 0.674019 0.274934
vt 0.745147 0.227699
vt 0.721338 0.215888
vt 0.703106 0.210684
vt 0.691523 0.209818
vt 0.677438 0.209719
vt 0.677104 0.236615
vt 0.676151 0.275051
vt 0.722922 0.254846
vt 0.708478 0.242952
vt 0.695658 0.237404
vt 0.687151 0.236637
vt 0.678283 0.275173
vt 0.684720 0.278621
vt 0.682450 0.276359
vt 0.680036 0.275297
vt 0.747203 0.071642
vt 0.726819 0.077936
vt 0.707330 0.081549
vt 0.693659 0.082161
vt 0.676523 0.082238
vt 0.659398 0.082257
vt 0.645746 0.081706
vt 0.626287 0.078079
vt 0.605905 0.071722
vt 0.592411 0.117761
vt 0.711488 0.029677
vt 0.697990 0.034751
vt 0.688502 0.036167
vt 0.676563 0.036217
vt 0.664627 0.035982
vt 0.655151 0.034463
vt 0.641608 0.029464
vt 0.627421 0.023434
vt 0.725574 0.023434
vt 0.175146 0.857811
vt 0.150748 0.856055
vt 0.124009 0.858648
vt 0.101256 0.864410
vt 0.068177 0.874940
vt 0.033647 0.886257
vt 0.968615 0.973660
vt 0.965048 0.973434
vt 0.966282 0.974643
vt 0.964803 0.971327
vt 0.969477 0.971056
vt 0.968320 0.968569
vt 0.964803 0.969205
vt 0.965889 0.967861
vt 0.125599 0.464156
vt 0.124251 0.462209
vt 0.127303 0.464956
vt 0.128565 0.464792
vt 0.130053 0.464527
vt 0.131540 0.464254
vt 0.132753 0.464041
vt 0.134329 0.463074
vt 0.135687 0.461099
vt 0.180933 0.475530
vt 0.967599 0.946238
vt 0.964982 0.946073
vt 0.965887 0.946960
vt 0.964803 0.944527
vt 0.968231 0.944329
vt 0.967383 0.942505
vt 0.964803 0.942971
vt 0.965600 0.941985
vt 0.970371 0.937057
vt 0.967755 0.936892
vt 0.968660 0.937779
vt 0.967576 0.935346
vt 0.971003 0.935148
vt 0.970155 0.933324
vt 0.967576 0.933790
vt 0.968372 0.932804
vt 0.261692 0.069393
vt 0.289800 0.097829
vt 0.275930 0.056193
vt 0.302201 0.086175
vt 0.295683 0.044433
vt 0.315067 0.073204
vt 0.330647 0.035180
vt 0.337535 0.057488
vt 0.382877 0.041391
vt 0.383225 0.045395
vt 0.348786 0.073453
vt 0.384977 0.048495
vt 0.359170 0.082542
vt 0.387766 0.050704
vt 0.967599 0.951803
vt 0.964982 0.951638
vt 0.965887 0.952525
vt 0.964803 0.950092
vt 0.968231 0.949894
vt 0.967383 0.948070
vt 0.964803 0.948536
vt 0.965600 0.947550
vt 0.963350 0.958914
vt 0.959783 0.958688
vt 0.961017 0.959898
vt 0.959539 0.956581
vt 0.964212 0.956310
vt 0.963056 0.953823
vt 0.959539 0.954459
vt 0.960625 0.953115
s 1
usemtl chip_hair
f 2991/2064/1879 2992/2065/1880 2993/2065/1881
f 2994/2066/1882 2991/2064/1879 2995/2064/1883
f 2995/2064/1883 2991/2064/1879 2993/2065/1881
f 2996/2066/1884 2994/2066/1882 2995/2064/1883
f 2997/2067/1885 2995/2064/1883 2993/2065/1881
f 2998/2068/1886 2997/2067/1885 2993/2065/1881
f 2999/2069/1887 2997/2067/1885 2998/2068/1886
f 3000/2070/1888 2999/2069/1887 2998/2068/1886
f 3001/2071/1889 2999/2069/1887 3000/2070/1888
f 3002/2072/1890 3001/2071/1889 3000/2070/1888
f 3003/2073/1891 3001/2071/1889 3002/2072/1890
f 3004/2074/1892 3003/2073/1891 3002/2072/1890
f 3005/2075/1893 3003/2073/1891 3004/2074/1892
f 3006/2076/1894 3005/2075/1893 3004/2074/1892
f 3007/2077/1895 3005/2075/1893 3006/2076/1894
f 3008/2078/1896 3007/2077/1895 3006/2076/1894
f 3009/2079/1897 3007/2077/1895 3008/2078/1896
f 3010/2080/1898 3009/2079/1897 3008/2078/1896
f 3005/2075/1893 3011/2081/1899 3003/2073/1891
f 3011/2081/1899 3012/2082/1900 3003/2073/1891
f 3003/2073/1891 3012/2082/1900 3001/2071/1889
f 3013/2083/1901 3011/2081/1899 3005/2075/1893
f 3007/2077/1895 3013/2083/1901 3005/2075/1893
f 3009/2079/1897 3014/2084/1902 3007/2077/1895
f 3014/2084/1902 3013/2083/1901 3007/2077/1895
f 3015/2085/1903 3016/2086/1904 3017/2087/1905
f 3018/2088/1906 3015/2085/1903 3017/2087/1905
f 3018/2088/1906 3017/2087/1905 3019/2089/1907
f 3020/2090/1908 3018/2088/1906 3019/2089/1907
f 3020/2090/1908 3019/2089/1907 3021/2091/1909
f 3022/2092/1910 3020/2090/1908 3021/2091/1909
f 3022/2092/1910 3021/2091/1909 3023/2093/1911
f 3024/2094/1912 3022/2092/1910 3023/2093/1911
f 3024/2094/1912 3023/2093/1911 2996/2066/1884
f 3025/2095/1913 3024/2094/1912 2996/2066/1884
f 3025/2095/1913 2996/2066/1884 2995/2064/1883
f 2997/2067/1885 3025/2095/1913 2995/2064/1883
f 3026/2096/1914 3025/2095/1913 2997/2067/1885
f 2999/2069/1887 3026/2096/1914 2997/2067/1885
f 3027/2097/1915 3026/2096/1914 2999/2069/1887
f 3001/2071/1889 3027/2097/1915 2999/2069/1887
f 3012/2082/1900 3027/2097/1915 3001/2071/1889
f 3028/2098/1916 3015/2085/1903 3018/2088/1906
f 3029/2099/1917 3028/2098/1916 3018/2088/1906
f 3029/2099/1917 3018/2088/1906 3020/2090/1908
f 3030/2100/1918 3020/2090/1908 3022/2092/1910
f 3030/2100/1918 3029/2099/1917 3020/2090/1908
f 3031/2101/1919 3022/2092/1910 3024/2094/1912
f 3031/2101/1919 3030/2100/1918 3022/2092/1910
f 3032/2102/1920 3024/2094/1912 3025/2095/1913
f 3026/2096/1914 3032/2102/1920 3025/2095/1913
f 3032/2102/1920 3031/2101/1919 3024/2094/1912
f 3033/2103/1921 3032/2102/1920 3026/2096/1914
f 3027/2097/1915 3033/2103/1921 3026/2096/1914
f 3012/2082/1900 3034/2104/1922 3027/2097/1915
f 3034/2104/1922 3033/2103/1921 3027/2097/1915
f 3011/2081/1899 3035/2105/1923 3012/2082/1900
f 3035/2105/1923 3034/2104/1922 3012/2082/1900
f 3013/2083/1901 3036/2106/1924 3011/2081/1899
f 3036/2106/1924 3035/2105/1923 3011/2081/1899
f 3037/2107/1925 3028/2098/1916 3029/2099/1917
f 3038/2108/1926 3037/2107/1925 3029/2099/1917
f 3038/2108/1926 3029/2099/1917 3030/2100/1918
f 3039/2109/1927 3038/2108/1926 3030/2100/1918
f 3039/2109/1927 3030/2100/1918 3031/2101/1919
f 3040/2110/1928 3031/2101/1919 3032/2102/1920
f 3040/2110/1928 3039/2109/1927 3031/2101/1919
f 3033/2103/1921 3040/2110/1928 3032/2102/1920
f 3041/2111/1929 3040/2110/1928 3033/2103/1921
f 3034/2104/1922 3041/2111/1929 3033/2103/1921
f 3035/2105/1923 3042/2112/1930 3034/2104/1922
f 3042/2112/1930 3041/2111/1929 3034/2104/1922
f 3036/2106/1924 3043/2113/1931 3035/2105/1923
f 3043/2113/1931 3042/2112/1930 3035/2105/1923
f 3044/2114/1932 3037/2107/1925 3038/2108/1926
f 3045/2115/1933 3044/2114/1932 3038/2108/1926
f 3045/2115/1933 3038/2108/1926 3039/2109/1927
f 3041/2111/1929 3046/2116/1934 3040/2110/1928
f 3046/2116/1934 3045/2115/1933 3039/2109/1927
f 3046/2116/1934 3039/2109/1927 3040/2110/1928
f 3047/2117/1935 3046/2116/1934 3041/2111/1929
f 3042/2112/1930 3047/2117/1935 3041/2111/1929
f 3043/2113/1931 3048/2118/1936 3042/2112/1930
f 3048/2118/1936 3047/2117/1935 3042/2112/1930
f 3049/2119/1937 3044/2114/1932 3045/2115/1933
f 3050/2120/1938 3045/2115/1933 3046/2116/1934
f 3047/2117/1935 3050/2120/1938 3046/2116/1934
f 3050/2120/1938 3049/2119/1937 3045/2115/1933
f 3051/2121/1939 3050/2120/1938 3047/2117/1935
f 3048/2118/1936 3051/2121/1939 3047/2117/1935
f 3052/2122/1940 3049/2119/1937 3050/2120/1938
f 3051/2121/1939 3052/2122/1940 3050/2120/1938
f 3053/2123/1941 3036/2106/1924 3013/2083/1901
f 3014/2084/1902 3053/2123/1941 3013/2083/1901
f 3053/2123/1941 3054/2124/1942 3036/2106/1924
f 3054/2124/1942 3043/2113/1931 3036/2106/1924
f 3054/2124/1942 3055/2125/1943 3043/2113/1931
f 3055/2125/1943 3048/2118/1936 3043/2113/1931
f 3055/2125/1943 3056/2126/1944 3048/2118/1936
f 3056/2126/1944 3051/2121/1939 3048/2118/1936
f 3057/2127/1945 3052/2122/1940 3051/2121/1939
f 3056/2126/1944 3057/2127/1945 3051/2121/1939
f 3057/2127/1945 3058/2128/1898 3052/2122/1940
f 3052/2122/1940 3059/2129/1946 3049/2119/1937
f 3058/2128/1898 3059/2129/1946 3052/2122/1940
f 3049/2119/1937 3060/2130/1947 3044/2114/1932
f 3059/2129/1946 3060/2130/1947 3049/2119/1937
f 3044/2114/1932 3061/2131/1948 3037/2107/1925
f 3060/2130/1947 3061/2131/1948 3044/2114/1932
f 3061/2131/1948 3062/2132/1890 3037/2107/1925
f 3037/2107/1925 3062/2132/1890 3028/2098/1916
f 3028/2098/1916 3063/2133/1949 3015/2085/1903
f 3062/2132/1890 3063/2133/1949 3028/2098/1916
f 3015/2085/1903 3064/2134/1950 3016/2086/1904
f 3063/2133/1949 3064/2134/1950 3015/2085/1903
f 3064/2134/1950 3065/2135/1951 3016/2086/1904
f 3065/2135/1951 3066/2135/1952 3016/2086/1904
f 3016/2086/1904 3067/2086/1953 3017/2087/1905
f 3066/2135/1952 3067/2086/1953 3016/2086/1904
f 3067/2086/1953 3068/2087/1954 3017/2087/1905
f 3017/2087/1905 3068/2087/1954 3019/2089/1907
f 3019/2089/1907 3069/2089/1955 3021/2091/1909
f 3068/2087/1954 3069/2089/1955 3019/2089/1907
f 3021/2091/1909 3070/2091/1956 3023/2093/1911
f 3069/2089/1955 3070/2091/1956 3021/2091/1909
f 3070/2091/1956 3071/2093/1957 3023/2093/1911
f 3023/2093/1911 3071/2093/1957 2996/2066/1884
f 3071/2093/1957 2994/2066/1882 2996/2066/1884
f 3072/2136/1958 3073/2137/1959 3074/2138/1960
f 3075/2139/1961 3072/2136/1958 3074/2138/1960
f 3072/2136/1958 3076/2140/1962 3073/2137/1959
f 3076/2140/1962 3077/2141/1963 3073/2137/1959
f 3073/2137/1959 3077/2141/1963 3078/2142/1964
f 3074/2138/1960 3073/2137/1959 3079/2143/1965
f 3073/2137/1959 3078/2142/1964 3079/2143/1965
f 3080/2144/1966 3074/2138/1960 3079/2143/1965
f 3081/2145/1967 3075/2139/1961 3074/2138/1960
f 3080/2144/1966 3081/2145/1967 3074/2138/1960
f 3081/2145/1967 3082/2146/1968 3075/2139/1961
f 3083/2147/1969 3080/2144/1966 3079/2143/1965
f 3077/2141/1963 3084/2148/1970 3078/2142/1964
f 3085/2149/1971 3086/2150/1972 3083/2147/1969
f 3086/2150/1972 3080/2144/1966 3083/2147/1969
f 3087/2151/1973 3081/2145/1967 3080/2144/1966
f 3086/2150/1972 3087/2151/1973 3080/2144/1966
f 3088/2152/1974 3082/2146/1968 3081/2145/1967
f 3087/2151/1973 3088/2152/1974 3081/2145/1967
f 3088/2152/1974 3089/2153/1975 3082/2146/1968
f 3089/2153/1975 3090/2154/1976 3082/2146/1968
f 3082/2146/1968 3091/2155/1977 3075/2139/1961
f 3082/2146/1968 3090/2154/1976 3091/2155/1977
f 3092/2156/1978 3072/2136/1958 3075/2139/1961
f 3091/2155/1977 3092/2156/1978 3075/2139/1961
f 3093/2157/1979 3076/2140/1962 3072/2136/1958
f 3092/2156/1978 3093/2157/1979 3072/2136/1958
f 3093/2157/1979 3094/2158/1980 3076/2140/1962
f 3076/2140/1962 3095/2159/1981 3077/2141/1963
f 3094/2158/1980 3095/2159/1981 3076/2140/1962
f 3095/2159/1981 3096/2160/1982 3077/2141/1963
f 3077/2141/1963 3096/2160/1982 3084/2148/1970
f 3096/2160/1982 3097/2161/1983 3084/2148/1970
f 3096/2160/1982 3098/2162/1984 3097/2161/1983
f 3098/2162/1984 3099/2163/1985 3097/2161/1983
f 3095/2159/1981 3100/2164/1986 3096/2160/1982
f 3100/2164/1986 3098/2162/1984 3096/2160/1982
f 3101/2165/1987 3100/2164/1986 3095/2159/1981
f 3094/2158/1980 3101/2165/1987 3095/2159/1981
f 3102/2166/1988 3101/2165/1987 3094/2158/1980
f 3103/2167/1989 3102/2166/1988 3094/2158/1980
f 3103/2167/1989 3094/2158/1980 3093/2157/1979
f 3104/2168/1990 3093/2157/1979 3092/2156/1978
f 3104/2168/1990 3103/2167/1989 3093/2157/1979
f 3105/2169/1991 3092/2156/1978 3091/2155/1977
f 3105/2169/1991 3104/2168/1990 3092/2156/1978
f 3090/2154/1976 3106/2170/1992 3091/2155/1977
f 3106/2170/1992 3105/2169/1991 3091/2155/1977
f 3090/2154/1976 3107/2171/1993 3106/2170/1992
f 3089/2153/1975 3108/2172/1994 3090/2154/1976
f 3108/2172/1994 3107/2171/1993 3090/2154/1976
f 3098/2162/1984 3109/2173/1995 3099/2163/1985
f 3109/2173/1995 3110/2174/1996 3099/2163/1985
f 3111/2175/1997 3109/2173/1995 3098/2162/1984
f 3100/2164/1986 3111/2175/1997 3098/2162/1984
f 3101/2165/1987 3112/2176/1998 3100/2164/1986
f 3112/2176/1998 3111/2175/1997 3100/2164/1986
f 3102/2166/1988 3113/2177/1999 3101/2165/1987
f 3113/2177/1999 3112/2176/1998 3101/2165/1987
f 3114/2178/2000 3113/2177/1999 3102/2166/1988
f 3115/2179/2001 3114/2178/2000 3102/2166/1988
f 3115/2179/2001 3102/2166/1988 3103/2167/1989
f 3116/2180/2002 3115/2179/2001 3103/2167/1989
f 3116/2180/2002 3103/2167/1989 3104/2168/1990
f 3117/2181/2003 3116/2180/2002 3104/2168/1990
f 3117/2181/2003 3104/2168/1990 3105/2169/1991
f 3118/2182/2004 3105/2169/1991 3106/2170/1992
f 3118/2182/2004 3117/2181/2003 3105/2169/1991
f 3107/2171/1993 3119/2183/2005 3106/2170/1992
f 3119/2183/2005 3118/2182/2004 3106/2170/1992
f 3114/2178/2000 3120/2184/2006 3113/2177/1999
f 3120/2184/2006 3121/2185/2007 3113/2177/1999
f 3113/2177/1999 3121/2185/2007 3112/2176/1998
f 3121/2185/2007 3122/2186/2008 3112/2176/1998
f 3112/2176/1998 3122/2186/2008 3111/2175/1997
f 3111/2175/1997 3123/2187/2009 3109/2173/1995
f 3122/2186/2008 3123/2187/2009 3111/2175/1997
f 3123/2187/2009 3124/2188/2010 3109/2173/1995
f 3109/2173/1995 3124/2188/2010 3110/2174/1996
f 3124/2188/2010 3125/2189/2011 3110/2174/1996
f 3126/2190/2012 3114/2178/2000 3115/2179/2001
f 3127/2191/2013 3115/2179/2001 3116/2180/2002
f 3127/2191/2013 3126/2190/2012 3115/2179/2001
f 3128/2192/2014 3116/2180/2002 3117/2181/2003
f 3128/2192/2014 3127/2191/2013 3116/2180/2002
f 3129/2193/2015 3128/2192/2014 3117/2181/2003
f 3129/2193/2015 3117/2181/2003 3118/2182/2004
f 3130/2194/2016 3118/2182/2004 3119/2183/2005
f 3130/2194/2016 3129/2193/2015 3118/2182/2004
f 3131/2195/2017 3130/2194/2016 3119/2183/2005
f 3107/2171/1993 3132/2196/2018 3119/2183/2005
f 3132/2196/2018 3131/2195/2017 3119/2183/2005
f 3133/2197/2019 3132/2196/2018 3107/2171/1993
f 3108/2172/1994 3133/2197/2019 3107/2171/1993
f 3133/2197/2019 3134/2198/2020 3132/2196/2018
f 3134/2198/2020 3135/2199/2021 3132/2196/2018
f 3131/2195/2017 3132/2196/2018 3136/2200/2022
f 3132/2196/2018 3135/2199/2021 3136/2200/2022
f 3137/2201/2023 3130/2194/2016 3131/2195/2017
f 3136/2200/2022 3137/2201/2023 3131/2195/2017
f 3138/2202/2024 3129/2193/2015 3130/2194/2016
f 3137/2201/2023 3138/2202/2024 3130/2194/2016
f 3139/2203/2025 3128/2192/2014 3129/2193/2015
f 3138/2202/2024 3139/2203/2025 3129/2193/2015
f 3139/2203/2025 3140/2204/2026 3128/2192/2014
f 3140/2204/2026 3127/2191/2013 3128/2192/2014
f 3140/2204/2026 3141/2205/2027 3127/2191/2013
f 3141/2205/2027 3126/2190/2012 3127/2191/2013
f 3141/2205/2027 3142/2206/2028 3126/2190/2012
f 3126/2190/2012 3143/2207/2029 3114/2178/2000
f 3143/2207/2029 3120/2184/2006 3114/2178/2000
f 3142/2206/2028 3143/2207/2029 3126/2190/2012
f 3144/2208/1996 3141/2205/2027 3140/2204/2026
f 3145/2209/1985 3140/2204/2026 3139/2203/2025
f 3145/2209/1985 3144/2208/1996 3140/2204/2026
f 3146/2210/2030 3145/2209/1985 3139/2203/2025
f 3146/2210/2030 3139/2203/2025 3138/2202/2024
f 3147/2211/2031 3146/2210/2030 3138/2202/2024
f 3147/2211/2031 3138/2202/2024 3137/2201/2023
f 3148/2212/1964 3137/2201/2023 3136/2200/2022
f 3148/2212/1964 3147/2211/2031 3137/2201/2023
f 3149/2213/2032 3148/2212/1964 3136/2200/2022
f 3150/2214/2033 3149/2213/2032 3136/2200/2022
f 3135/2199/2021 3150/2214/2033 3136/2200/2022
f 3151/2215/1971 3150/2214/2033 3135/2199/2021
f 3134/2198/2020 3151/2215/1971 3135/2199/2021
f 3152/2216/2034 3151/2215/1971 3134/2198/2020
f 3153/2217/2035 3134/2198/2020 3133/2197/2019
f 3153/2217/2035 3152/2216/2034 3134/2198/2020
f 3154/2218/2036 3152/2216/2034 3153/2217/2035
f 3155/2219/2037 3154/2218/2036 3153/2217/2035
f 3156/2220/2038 3157/2221/2039 3158/2222/2040
f 3157/2221/2039 3159/2223/2041 3158/2222/2040
f 3157/2221/2039 3160/2224/2042 3159/2223/2041
f 3160/2224/2042 3161/2225/2043 3159/2223/2041
f 3160/2224/2042 3162/2226/2044 3161/2225/2043
f 3162/2226/2044 3163/2227/2045 3161/2225/2043
f 3162/2226/2044 3164/2228/2046 3163/2227/2045
f 3164/2228/2046 3165/2229/2047 3163/2227/2045
f 3164/2228/2046 3166/2230/2048 3165/2229/2047
f 3166/2230/2048 3167/2231/2049 3165/2229/2047
f 3166/2230/2048 3168/2232/2050 3167/2231/2049
f 3168/2232/2050 3169/2233/2051 3167/2231/2049
f 3170/2234/2052 3155/2219/2037 3169/2233/2051
f 3168/2232/2050 3170/2234/2052 3169/2233/2051
f 3169/2233/2051 3155/2219/2037 3171/2235/2053
f 3155/2219/2037 3153/2217/2035 3171/2235/2053
f 3171/2235/2053 3153/2217/2035 3133/2197/2019
f 3171/2235/2053 3133/2197/2019 3108/2172/1994
f 3170/2234/2052 3172/2236/2054 3155/2219/2037
f 3172/2236/2054 3154/2218/2036 3155/2219/2037
f 3173/2237/2055 3172/2236/2054 3170/2234/2052
f 3174/2238/2056 3173/2237/2055 3170/2234/2052
f 3174/2238/2056 3170/2234/2052 3168/2232/2050
f 3175/2239/2057 3168/2232/2050 3166/2230/2048
f 3175/2239/2057 3174/2238/2056 3168/2232/2050
f 3176/2240/2058 3175/2239/2057 3166/2230/2048
f 3176/2240/2058 3166/2230/2048 3164/2228/2046
f 3177/2241/2059 3164/2228/2046 3162/2226/2044
f 3177/2241/2059 3176/2240/2058 3164/2228/2046
f 3178/2242/2060 3162/2226/2044 3160/2224/2042
f 3178/2242/2060 3177/2241/2059 3162/2226/2044
f 3179/2243/2061 3160/2224/2042 3157/2221/2039
f 3179/2243/2061 3178/2242/2060 3160/2224/2042
f 3180/2244/2062 3179/2243/2061 3157/2221/2039
f 3180/2244/2062 3157/2221/2039 3156/2220/2038
f 3181/2245/2055 3180/2244/2062 3156/2220/2038
f 3182/2246/2063 3173/2237/2055 3174/2238/2056
f 3183/2247/2064 3174/2238/2056 3175/2239/2057
f 3183/2247/2064 3182/2246/2063 3174/2238/2056
f 3184/2248/2065 3183/2247/2064 3175/2239/2057
f 3184/2248/2065 3175/2239/2057 3176/2240/2058
f 3185/2249/2066 3176/2240/2058 3177/2241/2059
f 3185/2249/2066 3184/2248/2065 3176/2240/2058
f 3186/2250/2067 3177/2241/2059 3178/2242/2060
f 3186/2250/2067 3185/2249/2066 3177/2241/2059
f 3187/2251/2068 3186/2250/2067 3178/2242/2060
f 3187/2251/2068 3178/2242/2060 3179/2243/2061
f 3188/2252/2069 3179/2243/2061 3180/2244/2062
f 3188/2252/2069 3187/2251/2068 3179/2243/2061
f 3189/2253/2070 3180/2244/2062 3181/2245/2055
f 3189/2253/2070 3188/2252/2069 3180/2244/2062
f 3190/2254/2071 3188/2252/2069 3189/2253/2070
f 3191/2255/2072 3190/2254/2071 3189/2253/2070
f 3191/2255/2072 3189/2253/2070 3192/2256/2073
f 3192/2256/2073 3189/2253/2070 3181/2245/2055
f 3193/2257/2074 3191/2255/2072 3192/2256/2073
f 3194/2258/2075 3182/2246/2063 3183/2247/2064
f 3195/2259/2076 3183/2247/2064 3184/2248/2065
f 3195/2259/2076 3194/2258/2075 3183/2247/2064
f 3196/2260/2077 3184/2248/2065 3185/2249/2066
f 3196/2260/2077 3195/2259/2076 3184/2248/2065
f 3197/2261/2078 3196/2260/2077 3185/2249/2066
f 3197/2261/2078 3185/2249/2066 3186/2250/2067
f 3198/2262/2079 3186/2250/2067 3187/2251/2068
f 3198/2262/2079 3197/2261/2078 3186/2250/2067
f 3199/2263/2080 3187/2251/2068 3188/2252/2069
f 3190/2254/2071 3199/2263/2080 3188/2252/2069
f 3199/2263/2080 3198/2262/2079 3187/2251/2068
f 3200/2264/2081 3201/2265/2082 3202/2266/2083
f 3203/2267/2084 3200/2264/2081 3202/2266/2083
f 3203/2267/2084 3202/2266/2083 3204/2268/2085
f 3205/2269/2086 3203/2267/2084 3204/2268/2085
f 3205/2269/2086 3204/2268/2085 3206/2270/2087
f 3207/2271/2088 3205/2269/2086 3206/2270/2087
f 3207/2271/2088 3206/2270/2087 3208/2272/2089
f 3209/2273/2090 3207/2271/2088 3208/2272/2089
f 3209/2273/2090 3208/2272/2089 3210/2274/2091
f 3211/2275/2092 3209/2273/2090 3210/2274/2091
f 3202/2266/2083 3201/2265/2082 3212/2276/2093
f 3201/2265/2082 3213/2277/2094 3212/2276/2093
f 3202/2266/2083 3212/2276/2093 3214/2278/2095
f 3204/2268/2085 3202/2266/2083 3214/2278/2095
f 3206/2270/2087 3204/2268/2085 3215/2279/2096
f 3204/2268/2085 3214/2278/2095 3215/2279/2096
f 3208/2272/2089 3206/2270/2087 3216/2280/2097
f 3206/2270/2087 3215/2279/2096 3216/2280/2097
f 3208/2272/2089 3216/2280/2097 3217/2281/2098
f 3210/2274/2091 3208/2272/2089 3217/2281/2098
f 3210/2274/2091 3217/2281/2098 3218/2282/2099
f 3211/2275/2092 3210/2274/2091 3219/2283/2100
f 3219/2283/2100 3210/2274/2091 3218/2282/2099
f 3220/2284/2101 3211/2275/2092 3219/2283/2100
f 3213/2277/2094 3221/2285/2102 3222/2286/2103
f 3212/2276/2093 3213/2277/2094 3222/2286/2103
f 3214/2278/2095 3212/2276/2093 3223/2287/2104
f 3212/2276/2093 3222/2286/2103 3223/2287/2104
f 3215/2279/2096 3214/2278/2095 3224/2288/2105
f 3214/2278/2095 3223/2287/2104 3224/2288/2105
f 3215/2279/2096 3224/2288/2105 3225/2289/2106
f 3216/2280/2097 3215/2279/2096 3225/2289/2106
f 3217/2281/2098 3216/2280/2097 3226/2290/2107
f 3216/2280/2097 3225/2289/2106 3226/2290/2107
f 3218/2282/2099 3217/2281/2098 3227/2291/2108
f 3217/2281/2098 3226/2290/2107 3227/2291/2108
f 3218/2282/2099 3227/2291/2108 3228/2292/2109
f 3229/2293/2110 3218/2282/2099 3228/2292/2109
f 3219/2283/2100 3218/2282/2099 3229/2293/2110
f 3220/2284/2101 3219/2283/2100 3230/2294/2111
f 3230/2294/2111 3219/2283/2100 3229/2293/2110
f 3231/2295/2112 3220/2284/2101 3230/2294/2111
f 3227/2291/2108 3232/2291/2113 3228/2292/2109
f 3232/2291/2113 3233/2292/2114 3228/2292/2109
f 3226/2290/2107 3234/2290/2115 3227/2291/2108
f 3234/2290/2115 3232/2291/2113 3227/2291/2108
f 3225/2289/2106 3235/2289/2116 3226/2290/2107
f 3235/2289/2116 3234/2290/2115 3226/2290/2107
f 3236/2288/2117 3235/2289/2116 3225/2289/2106
f 3224/2288/2105 3236/2288/2117 3225/2289/2106
f 3223/2287/2104 3237/2287/2118 3224/2288/2105
f 3237/2287/2118 3236/2288/2117 3224/2288/2105
f 3222/2286/2103 3238/2286/2119 3223/2287/2104
f 3238/2286/2119 3237/2287/2118 3223/2287/2104
f 3221/2285/2102 3239/2285/2120 3222/2286/2103
f 3239/2285/2120 3238/2286/2119 3222/2286/2103
f 3240/2296/2121 3239/2285/2120 3221/2285/2102
f 3241/2296/2109 3240/2296/2121 3221/2285/2102
f 3213/2277/2094 3242/2297/2110 3221/2285/2102
f 3242/2297/2110 3241/2296/2109 3221/2285/2102
f 3243/2298/2122 3242/2297/2110 3213/2277/2094
f 3201/2265/2082 3243/2298/2122 3213/2277/2094
f 3200/2264/2081 3244/2299/2112 3201/2265/2082
f 3244/2299/2112 3243/2298/2122 3201/2265/2082
f 3245/2300/2123 3244/2299/2112 3200/2264/2081
f 3246/2301/2124 3200/2264/2081 3203/2267/2084
f 3246/2301/2124 3245/2300/2123 3200/2264/2081
f 3247/2302/2125 3246/2301/2124 3203/2267/2084
f 3247/2302/2125 3203/2267/2084 3205/2269/2086
f 3248/2303/2126 3205/2269/2086 3207/2271/2088
f 3248/2303/2126 3247/2302/2125 3205/2269/2086
f 3249/2304/2127 3207/2271/2088 3209/2273/2090
f 3249/2304/2127 3248/2303/2126 3207/2271/2088
f 3250/2305/2128 3249/2304/2127 3209/2273/2090
f 3250/2305/2128 3209/2273/2090 3211/2275/2092
f 3251/2306/2129 3211/2275/2092 3220/2284/2101
f 3251/2306/2129 3250/2305/2128 3211/2275/2092
f 3252/2307/2130 3220/2284/2101 3231/2295/2112
f 3252/2307/2130 3251/2306/2129 3220/2284/2101
f 3253/2308/2123 3252/2307/2130 3231/2295/2112
f 3254/2309/2131 3245/2300/2123 3246/2301/2124
f 3255/2310/2132 3246/2301/2124 3247/2302/2125
f 3255/2310/2132 3254/2309/2131 3246/2301/2124
f 3256/2311/2133 3247/2302/2125 3248/2303/2126
f 3256/2311/2133 3255/2310/2132 3247/2302/2125
f 3257/2312/2134 3256/2311/2133 3248/2303/2126
f 3257/2312/2134 3248/2303/2126 3249/2304/2127
f 3258/2313/2135 3249/2304/2127 3250/2305/2128
f 3258/2313/2135 3257/2312/2134 3249/2304/2127
f 3259/2314/2136 3250/2305/2128 3251/2306/2129
f 3259/2314/2136 3258/2313/2135 3250/2305/2128
f 3260/2315/2137 3259/2314/2136 3251/2306/2129
f 3260/2315/2137 3251/2306/2129 3252/2307/2130
f 3261/2316/2138 3252/2307/2130 3253/2308/2123
f 3261/2316/2138 3260/2315/2137 3252/2307/2130
f 3262/2317/2139 3261/2316/2138 3253/2308/2123
f 3263/2318/2140 3261/2316/2138 3262/2317/2139
f 3264/2319/2141 3263/2318/2140 3262/2317/2139
f 3265/2320/2142 3263/2318/2140 3264/2319/2141
f 3266/2321/2143 3265/2320/2142 3264/2319/2141
f 3267/2322/2141 3254/2309/2131 3255/2310/2132
f 3268/2323/2144 3255/2310/2132 3256/2311/2133
f 3268/2323/2144 3267/2322/2141 3255/2310/2132
f 3269/2324/2145 3268/2323/2144 3256/2311/2133
f 3269/2324/2145 3256/2311/2133 3257/2312/2134
f 3270/2325/2146 3257/2312/2134 3258/2313/2135
f 3270/2325/2146 3269/2324/2145 3257/2312/2134
f 3271/2326/2147 3258/2313/2135 3259/2314/2136
f 3271/2326/2147 3270/2325/2146 3258/2313/2135
f 3272/2327/2148 3259/2314/2136 3260/2315/2137
f 3272/2327/2148 3271/2326/2147 3259/2314/2136
f 3273/2328/2149 3272/2327/2148 3260/2315/2137
f 3273/2328/2149 3260/2315/2137 3261/2316/2138
f 3263/2318/2140 3273/2328/2149 3261/2316/2138
f 3274/2329/2150 3273/2328/2149 3263/2318/2140
f 3265/2320/2142 3274/2329/2150 3263/2318/2140
f 3275/2330/2151 3267/2322/2141 3268/2323/2144
f 3276/2331/2152 3275/2330/2151 3268/2323/2144
f 3276/2331/2152 3268/2323/2144 3269/2324/2145
f 3277/2332/2153 3276/2331/2152 3269/2324/2145
f 3277/2332/2153 3269/2324/2145 3270/2325/2146
f 3278/2333/2154 3277/2332/2153 3270/2325/2146
f 3278/2333/2154 3270/2325/2146 3271/2326/2147
f 3279/2334/2155 3271/2326/2147 3272/2327/2148
f 3279/2334/2155 3278/2333/2154 3271/2326/2147
f 3274/2329/2150 3280/2335/2156 3273/2328/2149
f 3280/2335/2156 3279/2334/2155 3272/2327/2148
f 3280/2335/2156 3272/2327/2148 3273/2328/2149
f 3281/2336/2157 3282/2337/2158 3283/2337/2159
f 3283/2337/2159 3284/2338/2160 3285/2336/2161
f 3285/2336/2161 3281/2336/2157 3283/2337/2159
f 3286/2339/2162 3281/2336/2157 3285/2336/2161
f 3284/2338/2160 3287/2340/2163 3288/2341/2164
f 3284/2338/2160 3288/2341/2164 3285/2336/2161
f 3285/2336/2161 3288/2341/2164 3289/2339/2165
f 3289/2339/2165 3286/2339/2162 3285/2336/2161
f 3290/2342/2166 3286/2339/2162 3289/2339/2165
f 3287/2340/2163 3291/2343/2167 3292/2344/2168
f 3287/2340/2163 3292/2344/2168 3288/2341/2164
f 3288/2341/2164 3293/2345/2169 3289/2339/2165
f 3288/2341/2164 3292/2344/2168 3293/2345/2169
f 3294/2342/2170 3290/2342/2166 3289/2339/2165
f 3289/2339/2165 3293/2345/2169 3294/2342/2170
f 3295/2346/2171 3290/2342/2166 3294/2342/2170
f 3291/2343/2167 3296/2347/2172 3292/2344/2168
f 3291/2343/2167 3297/2348/2173 3296/2347/2172
f 3292/2344/2168 3296/2347/2172 3298/2349/2174
f 3292/2344/2168 3298/2349/2174 3293/2345/2169
f 3293/2345/2169 3298/2349/2174 3299/2350/2175
f 3293/2345/2169 3299/2350/2175 3294/2342/2170
f 3294/2342/2170 3299/2350/2175 3300/2346/2176
f 3300/2346/2176 3295/2346/2171 3294/2342/2170
f 3301/2351/2177 3295/2346/2171 3300/2346/2176
f 3302/2351/2178 3301/2351/2177 3300/2346/2176
f 3299/2350/2175 3303/2352/2179 3300/2346/2176
f 3300/2346/2176 3303/2352/2179 3302/2351/2178
f 3299/2350/2175 3304/2353/2180 3303/2352/2179
f 3298/2349/2174 3304/2353/2180 3299/2350/2175
f 3298/2349/2174 3305/2354/2181 3304/2353/2180
f 3296/2347/2172 3305/2354/2181 3298/2349/2174
f 3297/2348/2173 3306/2355/2182 3296/2347/2172
f 3296/2347/2172 3306/2355/2182 3305/2354/2181
f 3297/2348/2173 3307/2356/2183 3306/2355/2182
f 3307/2356/2183 3308/2357/2184 3306/2355/2182
f 3307/2356/2183 3309/2358/2185 3308/2357/2184
f 3309/2358/2185 3310/2359/2186 3308/2357/2184
f 3309/2358/2185 3311/2360/2187 3310/2359/2186
f 3311/2360/2187 3312/2361/2188 3310/2359/2186
f 3310/2359/2186 3312/2361/2188 3313/2362/2189
f 3312/2361/2188 3314/2363/2190 3313/2362/2189
f 3313/2362/2189 3314/2363/2190 3315/2364/2191
f 3303/2352/2179 3316/2365/2192 3302/2351/2178
f 3303/2352/2179 3317/2366/2193 3316/2365/2192
f 3304/2353/2180 3317/2366/2193 3303/2352/2179
f 3317/2366/2193 3318/2367/2194 3316/2365/2192
f 3315/2364/2191 3319/2368/2195 3320/2369/2196
f 3313/2362/2189 3315/2364/2191 3321/2370/2197
f 3321/2370/2197 3315/2364/2191 3320/2369/2196
f 3308/2357/2184 3310/2359/2186 3322/2371/2198
f 3322/2371/2198 3313/2362/2189 3321/2370/2197
f 3310/2359/2186 3313/2362/2189 3322/2371/2198
f 3308/2357/2184 3322/2371/2198 3323/2372/2199
f 3306/2355/2182 3323/2372/2199 3305/2354/2181
f 3306/2355/2182 3308/2357/2184 3323/2372/2199
f 3305/2354/2181 3324/2373/2200 3304/2353/2180
f 3305/2354/2181 3323/2372/2199 3324/2373/2200
f 3304/2353/2180 3324/2373/2200 3317/2366/2193
f 3324/2373/2200 3325/2374/2201 3317/2366/2193
f 3317/2366/2193 3325/2374/2201 3318/2367/2194
f 3325/2374/2201 3326/2375/2202 3318/2367/2194
f 3318/2367/2194 3326/2375/2202 3327/2376/2203
f 3326/2375/2202 3328/2377/2204 3327/2376/2203
f 3326/2375/2202 3329/2378/2205 3328/2377/2204
f 3320/2369/2196 3330/2379/2206 3329/2378/2205
f 3319/2368/2195 3331/2380/2207 3330/2379/2206
f 3320/2369/2196 3319/2368/2195 3330/2379/2206
f 3332/2381/2208 3329/2378/2205 3326/2375/2202
f 3325/2374/2201 3332/2381/2208 3326/2375/2202
f 3332/2381/2208 3320/2369/2196 3329/2378/2205
f 3321/2370/2197 3320/2369/2196 3332/2381/2208
f 3333/2382/2209 3332/2381/2208 3325/2374/2201
f 3323/2372/2199 3333/2382/2209 3324/2373/2200
f 3333/2382/2209 3321/2370/2197 3332/2381/2208
f 3322/2371/2198 3321/2370/2197 3333/2382/2209
f 3324/2373/2200 3333/2382/2209 3325/2374/2201
f 3323/2372/2199 3322/2371/2198 3333/2382/2209
f 3329/2378/2205 3330/2379/2206 3334/2383/2210
f 3329/2378/2205 3334/2383/2210 3328/2377/2204
f 3330/2379/2206 3331/2380/2207 3335/2384/2211
f 3330/2379/2206 3335/2384/2211 3334/2383/2210
f 3331/2380/2207 3336/2385/2212 3335/2384/2211
f 3336/2385/2212 3337/2386/2213 3338/2387/2214
f 3335/2384/2211 3336/2385/2212 3338/2387/2214
f 3334/2383/2210 3335/2384/2211 3339/2388/2215
f 3335/2384/2211 3338/2387/2214 3339/2388/2215
f 3328/2377/2204 3334/2383/2210 3340/2389/2216
f 3334/2383/2210 3339/2388/2215 3340/2389/2216
f 3327/2376/2203 3328/2377/2204 3341/2390/2217
f 3328/2377/2204 3340/2389/2216 3341/2390/2217
f 3327/2376/2203 3341/2390/2217 3342/2391/2218
f 3343/2392/2219 3327/2376/2203 3342/2391/2218
f 3343/2392/2219 3342/2391/2218 3344/2393/2220
f 3345/2394/2221 3343/2392/2219 3344/2393/2220
f 3344/2393/2220 3346/2393/2222 3345/2394/2221
f 3346/2393/2222 3347/2394/2223 3345/2394/2221
f 3348/2395/2224 3346/2393/2222 3344/2393/2220
f 3344/2393/2220 3342/2391/2218 3349/2395/2159
f 3349/2395/2159 3348/2395/2224 3344/2393/2220
f 3342/2391/2218 3341/2390/2217 3350/2396/2160
f 3342/2391/2218 3350/2396/2160 3349/2395/2159
f 3341/2390/2217 3340/2389/2216 3351/2397/2225
f 3341/2390/2217 3351/2397/2225 3350/2396/2160
f 3340/2389/2216 3352/2398/2167 3351/2397/2225
f 3340/2389/2216 3339/2388/2215 3352/2398/2167
f 3339/2388/2215 3338/2387/2214 3353/2399/2173
f 3339/2388/2215 3353/2399/2173 3352/2398/2167
f 3338/2387/2214 3337/2386/2213 3354/2400/2183
f 3338/2387/2214 3354/2400/2183 3353/2399/2173
f 3337/2386/2213 3355/2401/2185 3354/2400/2183
f 3337/2386/2213 3356/2402/2226 3355/2401/2185
f 3356/2402/2226 3357/2403/2187 3355/2401/2185
f 3314/2363/2190 3358/2404/2227 3315/2364/2191
f 3315/2364/2191 3358/2404/2227 3319/2368/2195
f 3319/2368/2195 3359/2405/2228 3331/2380/2207
f 3358/2404/2227 3359/2405/2228 3319/2368/2195
f 3359/2405/2228 3360/2406/2229 3331/2380/2207
f 3331/2380/2207 3360/2406/2229 3336/2385/2212
f 3360/2406/2229 3361/2407/2230 3336/2385/2212
f 3336/2385/2212 3361/2407/2230 3337/2386/2213
f 3361/2407/2230 3356/2402/2226 3337/2386/2213
f 3362/2408/2231 3363/2409/2232 3364/2410/2233
f 3364/2410/2233 3363/2409/2232 3365/2411/2234
f 3364/2410/2233 3365/2411/2234 3366/2412/2235
f 3366/2412/2235 3365/2411/2234 3367/2413/2236
f 3368/2414/2237 3367/2413/2236 3365/2411/2234
f 3369/2415/2238 3367/2413/2236 3368/2414/2237
f 3370/2416/2239 3371/2417/2240 3372/2418/2241
f 3372/2418/2241 3371/2417/2240 3373/2419/2242
f 3372/2418/2241 3373/2419/2242 3374/2420/2243
f 3374/2420/2243 3373/2419/2242 3375/2421/2244
f 3376/2422/2245 3375/2421/2244 3373/2419/2242
f 3377/2423/2246 3375/2421/2244 3376/2422/2245
f 3378/2424/2247 3379/2425/2248 3380/2426/2249
f 3380/2426/2249 3379/2425/2248 3381/2427/2250
f 3380/2426/2249 3381/2427/2250 3382/2428/2075
f 3382/2428/2075 3381/2427/2250 3383/2429/2251
f 3384/2430/2252 3383/2429/2251 3381/2427/2250
f 3385/2431/2253 3383/2429/2251 3384/2430/2252
f 3386/2432/2254 3387/2433/2255 3388/2434/1945
f 3388/2434/1945 3387/2433/2255 3389/2435/2256
f 3388/2434/1945 3389/2435/2256 3390/2436/1898
f 3390/2436/1898 3389/2435/2256 3391/2437/1897
f 3392/2438/2257 3391/2437/1897 3389/2435/2256
f 3393/2439/2258 3391/2437/1897 3392/2438/2257
f 3394/2440/2259 3395/2441/2260 3396/2442/2261
f 3394/2440/2259 3396/2442/2261 3397/2443/2262
f 3398/2444/2263 3394/2440/2259 3397/2443/2262
f 3399/2445/2264 3394/2440/2259 3398/2444/2263
f 3400/2446/2265 3399/2445/2264 3398/2444/2263
f 3397/2443/2262 3396/2442/2261 3401/2447/2266
f 3399/2445/2264 3402/2448/2267 3394/2440/2259
f 3402/2448/2267 3395/2441/2260 3394/2440/2259
f 3402/2448/2267 3403/2449/2268 3395/2441/2260
f 3403/2449/2268 3404/2450/2269 3395/2441/2260
f 3395/2441/2260 3404/2450/2269 3405/2451/2270
f 3395/2441/2260 3405/2451/2270 3396/2442/2261
f 3396/2442/2261 3405/2451/2270 3406/2452/2271
f 3396/2442/2261 3406/2452/2271 3401/2447/2266
f 3401/2447/2266 3406/2452/2271 3407/2453/2272
f 3401/2447/2266 3407/2453/2272 3408/2454/2273
f 3409/2455/2274 3401/2447/2266 3408/2454/2273
f 3397/2443/2262 3401/2447/2266 3409/2455/2274
f 3410/2456/2275 3397/2443/2262 3409/2455/2274
f 3398/2444/2263 3397/2443/2262 3410/2456/2275
f 3400/2446/2265 3398/2444/2263 3411/2457/2276
f 3411/2457/2276 3398/2444/2263 3410/2456/2275
f 3412/2458/2277 3400/2446/2265 3411/2457/2276
f 3412/2458/2277 3411/2457/2276 3413/2459/2278
f 3414/2460/2279 3412/2458/2277 3413/2459/2278
f 3413/2459/2278 3411/2457/2276 3415/2461/2280
f 3411/2457/2276 3410/2456/2275 3415/2461/2280
f 3415/2461/2280 3410/2456/2275 3416/2462/2281
f 3410/2456/2275 3409/2455/2274 3416/2462/2281
f 3409/2455/2274 3408/2454/2273 3417/2463/2282
f 3416/2462/2281 3409/2455/2274 3417/2463/2282
f 3417/2463/2282 3408/2454/2273 3418/2464/2283
f 3408/2454/2273 3419/2465/2284 3418/2464/2283
f 3408/2454/2273 3407/2453/2272 3419/2465/2284
f 3407/2453/2272 3420/2466/2285 3419/2465/2284
f 3407/2453/2272 3421/2467/2286 3420/2466/2285
f 3406/2452/2271 3421/2467/2286 3407/2453/2272
f 3405/2451/2270 3422/2468/2287 3406/2452/2271
f 3406/2452/2271 3422/2468/2287 3421/2467/2286
f 3404/2450/2269 3423/2469/2288 3405/2451/2270
f 3405/2451/2270 3423/2469/2288 3422/2468/2287
f 3404/2450/2269 3424/2470/2289 3423/2469/2288
f 3403/2449/2268 3425/2471/2290 3404/2450/2269
f 3425/2471/2290 3424/2470/2289 3404/2450/2269
f 3424/2470/2289 3426/2472/2291 3423/2469/2288
f 3423/2469/2288 3427/2473/2292 3422/2468/2287
f 3423/2469/2288 3426/2472/2291 3427/2473/2292
f 3422/2468/2287 3427/2473/2292 3428/2474/2293
f 3422/2468/2287 3428/2474/2293 3421/2467/2286
f 3421/2467/2286 3428/2474/2293 3429/2475/2294
f 3421/2467/2286 3429/2475/2294 3420/2466/2285
f 3420/2466/2285 3429/2475/2294 3430/2476/2295
f 3420/2466/2285 3430/2476/2295 3431/2477/2296
f 3419/2465/2284 3420/2466/2285 3431/2477/2296
f 3419/2465/2284 3431/2477/2296 3432/2478/2297
f 3418/2464/2283 3419/2465/2284 3432/2478/2297
f 3432/2478/2297 3433/2478/2298 3418/2464/2283
f 3433/2478/2298 3434/2464/2299 3418/2464/2283
f 3418/2464/2283 3434/2464/2299 3417/2463/2282
f 3417/2463/2282 3435/2463/2300 3416/2462/2281
f 3434/2464/2299 3435/2463/2300 3417/2463/2282
f 3435/2463/2300 3436/2462/2301 3416/2462/2281
f 3416/2462/2281 3436/2462/2301 3415/2461/2280
f 3429/2475/2294 3437/2479/2302 3430/2476/2295
f 3429/2475/2294 3438/2480/2303 3437/2479/2302
f 3428/2474/2293 3438/2480/2303 3429/2475/2294
f 3427/2473/2292 3439/2481/2304 3428/2474/2293
f 3428/2474/2293 3439/2481/2304 3438/2480/2303
f 3426/2472/2291 3440/2482/2305 3427/2473/2292
f 3427/2473/2292 3440/2482/2305 3439/2481/2304
f 3426/2472/2291 3441/2483/2306 3440/2482/2305
f 3442/2484/2307 3441/2483/2306 3426/2472/2291
f 3424/2470/2289 3442/2484/2307 3426/2472/2291
f 3438/2480/2303 3443/2485/2308 3437/2479/2302
f 3439/2481/2304 3444/2486/2309 3438/2480/2303
f 3438/2480/2303 3444/2486/2309 3443/2485/2308
f 3440/2482/2305 3445/2487/2310 3439/2481/2304
f 3439/2481/2304 3445/2487/2310 3444/2486/2309
f 3440/2482/2305 3446/2488/2311 3445/2487/2310
f 3441/2483/2306 3446/2488/2311 3440/2482/2305
f 3444/2486/2309 3447/2489/2312 3443/2485/2308
f 3445/2487/2310 3448/2490/2313 3444/2486/2309
f 3444/2486/2309 3448/2490/2313 3447/2489/2312
f 3446/2488/2311 3449/2491/2314 3445/2487/2310
f 3445/2487/2310 3449/2491/2314 3448/2490/2313
f 3448/2490/2313 3450/2492/2315 3447/2489/2312
f 3449/2491/2314 3451/2493/2316 3448/2490/2313
f 3448/2490/2313 3451/2493/2316 3450/2492/2315
f 3451/2493/2316 3452/2494/2317 3450/2492/2315
f 3453/2495/2318 3412/2458/2277 3414/2460/2279
f 3454/2496/2319 3455/2497/2320 3453/2495/2318
f 3453/2495/2318 3456/2498/2321 3412/2458/2277
f 3455/2497/2320 3456/2498/2321 3453/2495/2318
f 3456/2498/2321 3400/2446/2265 3412/2458/2277
f 3455/2497/2320 3457/2499/2322 3456/2498/2321
f 3457/2499/2322 3458/2500/2323 3456/2498/2321
f 3456/2498/2321 3458/2500/2323 3400/2446/2265
f 3458/2500/2323 3399/2445/2264 3400/2446/2265
f 3457/2499/2322 3459/2501/2324 3458/2500/2323
f 3460/2502/2325 3402/2448/2267 3399/2445/2264
f 3459/2501/2324 3460/2502/2325 3458/2500/2323
f 3458/2500/2323 3460/2502/2325 3399/2445/2264
f 3459/2501/2324 3461/2503/2326 3460/2502/2325
f 3461/2503/2326 3462/2504/2327 3460/2502/2325
f 3462/2504/2327 3403/2449/2268 3402/2448/2267
f 3460/2502/2325 3462/2504/2327 3402/2448/2267
f 3461/2503/2326 3463/2505/2328 3462/2504/2327
f 3463/2505/2328 3464/2506/2329 3462/2504/2327
f 3464/2506/2329 3425/2471/2290 3403/2449/2268
f 3462/2504/2327 3464/2506/2329 3403/2449/2268
f 3463/2505/2328 3465/2507/2330 3464/2506/2329
f 3465/2507/2330 3466/2508/2331 3464/2506/2329
f 3464/2506/2329 3466/2508/2331 3425/2471/2290
f 3467/2509/2332 3442/2484/2307 3424/2470/2289
f 3425/2471/2290 3467/2509/2332 3424/2470/2289
f 3466/2508/2331 3467/2509/2332 3425/2471/2290
f 3454/2496/2319 3453/2495/2318 3468/2510/2333
f 3468/2510/2333 3453/2495/2318 3414/2460/2279
f 3469/2511/2334 3454/2496/2319 3468/2510/2333
f 3436/2462/2301 3470/2461/2335 3415/2461/2280
f 3415/2461/2280 3470/2461/2335 3413/2459/2278
f 3470/2461/2335 3471/2459/2336 3413/2459/2278
f 3413/2459/2278 3471/2459/2336 3414/2460/2279
f 3414/2460/2279 3472/2460/2337 3468/2510/2333
f 3471/2459/2336 3472/2460/2337 3414/2460/2279
f 3468/2510/2333 3473/2510/2338 3469/2511/2334
f 3472/2460/2337 3473/2510/2338 3468/2510/2333
f 3473/2510/2338 3474/2511/2298 3469/2511/2334
f 3475/2512/2339 3476/2513/2340 3477/2514/2341
f 3476/2513/2340 3478/2515/2342 3477/2514/2341
f 3476/2513/2340 3479/2516/2234 3478/2515/2342
f 3477/2514/2341 3478/2515/2342 3480/2517/2343
f 3479/2516/2234 3481/2518/2344 3478/2515/2342
f 3479/2516/2234 3482/2519/2345 3481/2518/2344
f 3478/2515/2342 3481/2518/2344 3483/2520/2346
f 3478/2515/2342 3483/2520/2346 3480/2517/2343
f 3480/2517/2343 3483/2520/2346 3484/2521/2347
f 3482/2519/2345 3485/2522/2348 3481/2518/2344
f 3482/2519/2345 3486/2523/2231 3485/2522/2348
f 3481/2518/2344 3487/2524/2349 3483/2520/2346
f 3481/2518/2344 3485/2522/2348 3487/2524/2349
f 3483/2520/2346 3488/2525/2350 3484/2521/2347
f 3483/2520/2346 3487/2524/2349 3488/2525/2350
f 3484/2521/2347 3488/2525/2350 3489/2526/2351
f 3488/2525/2350 3490/2527/2352 3489/2526/2351
f 3489/2526/2351 3490/2527/2352 3491/2528/2353
f 3488/2525/2350 3492/2529/2354 3490/2527/2352
f 3487/2524/2349 3492/2529/2354 3488/2525/2350
f 3485/2522/2348 3493/2530/2355 3487/2524/2349
f 3487/2524/2349 3493/2530/2355 3492/2529/2354
f 3485/2522/2348 3494/2531/2356 3493/2530/2355
f 3486/2523/2231 3494/2531/2356 3485/2522/2348
f 3486/2523/2231 3495/2532/2357 3494/2531/2356
f 3495/2532/2357 3496/2533/2358 3497/2534/2359
f 3495/2532/2357 3497/2534/2359 3494/2531/2356
f 3494/2531/2356 3498/2535/2360 3493/2530/2355
f 3494/2531/2356 3497/2534/2359 3498/2535/2360
f 3493/2530/2355 3499/2536/2361 3492/2529/2354
f 3493/2530/2355 3498/2535/2360 3499/2536/2361
f 3492/2529/2354 3499/2536/2361 3500/2537/2362
f 3492/2529/2354 3500/2537/2362 3490/2527/2352
f 3490/2527/2352 3501/2538/2363 3491/2528/2353
f 3490/2527/2352 3500/2537/2362 3501/2538/2363
f 3491/2528/2353 3501/2538/2363 3502/2539/2364
f 3496/2533/2358 3503/2540/2365 3504/2541/2366
f 3496/2533/2358 3504/2541/2366 3497/2534/2359
f 3497/2534/2359 3505/2542/2367 3498/2535/2360
f 3497/2534/2359 3504/2541/2366 3505/2542/2367
f 3498/2535/2360 3506/2543/2368 3499/2536/2361
f 3498/2535/2360 3505/2542/2367 3506/2543/2368
f 3499/2536/2361 3506/2543/2368 3507/2544/2369
f 3499/2536/2361 3507/2544/2369 3500/2537/2362
f 3500/2537/2362 3508/2545/2370 3501/2538/2363
f 3500/2537/2362 3507/2544/2369 3508/2545/2370
f 3501/2538/2363 3509/2546/2371 3502/2539/2364
f 3501/2538/2363 3508/2545/2370 3509/2546/2371
f 3502/2539/2364 3509/2546/2371 3510/2547/2372
f 3509/2546/2371 3511/2548/2373 3510/2547/2372
f 3508/2545/2370 3512/2549/2374 3509/2546/2371
f 3509/2546/2371 3512/2549/2374 3511/2548/2373
f 3512/2549/2374 3513/2550/2375 3511/2548/2373
f 3512/2549/2374 3514/2551/2376 3513/2550/2375
f 3514/2551/2376 3515/2552/2377 3513/2550/2375
f 3515/2552/2377 3516/2552/2378 3513/2550/2375
f 3516/2552/2378 3517/2550/2379 3513/2550/2375
f 3513/2550/2375 3517/2550/2379 3511/2548/2373
f 3511/2548/2373 3518/2548/2380 3510/2547/2372
f 3517/2550/2379 3518/2548/2380 3511/2548/2373
f 3518/2548/2380 3519/2547/2381 3510/2547/2372
f 3507/2544/2369 3520/2553/2382 3508/2545/2370
f 3508/2545/2370 3520/2553/2382 3512/2549/2374
f 3520/2553/2382 3514/2551/2376 3512/2549/2374
f 3506/2543/2368 3521/2554/2383 3507/2544/2369
f 3507/2544/2369 3521/2554/2383 3520/2553/2382
f 3506/2543/2368 3522/2555/2384 3521/2554/2383
f 3505/2542/2367 3522/2555/2384 3506/2543/2368
f 3505/2542/2367 3523/2556/2385 3522/2555/2384
f 3504/2541/2366 3523/2556/2385 3505/2542/2367
f 3504/2541/2366 3524/2557/2386 3523/2556/2385
f 3503/2540/2365 3524/2557/2386 3504/2541/2366
f 3503/2540/2365 3525/2558/2339 3524/2557/2386
f 3525/2558/2339 3526/2559/2341 3524/2557/2386
f 3524/2557/2386 3527/2560/2387 3523/2556/2385
f 3524/2557/2386 3526/2559/2341 3527/2560/2387
f 3526/2559/2341 3528/2561/2388 3527/2560/2387
f 3527/2560/2387 3528/2561/2388 3529/2562/2389
f 3528/2561/2388 3530/2563/2390 3529/2562/2389
f 3529/2562/2389 3530/2563/2390 3531/2564/2391
f 3520/2553/2382 3532/2565/2392 3514/2551/2376
f 3521/2554/2383 3532/2565/2392 3520/2553/2382
f 3521/2554/2383 3533/2566/2393 3532/2565/2392
f 3522/2555/2384 3533/2566/2393 3521/2554/2383
f 3523/2556/2385 3527/2560/2387 3534/2567/2394
f 3527/2560/2387 3529/2562/2389 3534/2567/2394
f 3522/2555/2384 3534/2567/2394 3533/2566/2393
f 3523/2556/2385 3534/2567/2394 3522/2555/2384
f 3514/2551/2376 3535/2568/2395 3515/2552/2377
f 3532/2565/2392 3535/2568/2395 3514/2551/2376
f 3532/2565/2392 3536/2569/2396 3535/2568/2395
f 3533/2566/2393 3536/2569/2396 3532/2565/2392
f 3529/2562/2389 3531/2564/2391 3537/2570/2397
f 3533/2566/2393 3537/2570/2397 3536/2569/2396
f 3534/2567/2394 3537/2570/2397 3533/2566/2393
f 3534/2567/2394 3529/2562/2389 3537/2570/2397
f 3536/2569/2396 3538/2571/2398 3535/2568/2395
f 3537/2570/2397 3531/2564/2391 3539/2572/2399
f 3536/2569/2396 3539/2572/2399 3538/2571/2398
f 3537/2570/2397 3539/2572/2399 3536/2569/2396
f 3539/2572/2399 3540/2573/2400 3538/2571/2398
f 3539/2572/2399 3541/2574/2401 3540/2573/2400
f 3531/2564/2391 3541/2574/2401 3539/2572/2399
f 3541/2574/2401 3542/2575/2402 3540/2573/2400
f 3535/2568/2395 3543/2576/2403 3515/2552/2377
f 3535/2568/2395 3538/2571/2398 3543/2576/2403
f 3538/2571/2398 3540/2573/2400 3544/2577/2404
f 3538/2571/2398 3544/2577/2404 3543/2576/2403
f 3540/2573/2400 3545/2578/2405 3544/2577/2404
f 3540/2573/2400 3542/2575/2402 3545/2578/2405
f 3542/2575/2402 3546/2579/2406 3545/2578/2405
f 3530/2563/2390 3547/2580/2407 3531/2564/2391
f 3531/2564/2391 3547/2580/2407 3541/2574/2401
f 3541/2574/2401 3548/2581/2353 3542/2575/2402
f 3547/2580/2407 3548/2581/2353 3541/2574/2401
f 3542/2575/2402 3549/2582/2364 3546/2579/2406
f 3548/2581/2353 3549/2582/2364 3542/2575/2402
f 3549/2582/2364 3550/2583/2408 3546/2579/2406
f 3550/2583/2408 3551/2583/2381 3546/2579/2406
f 3551/2583/2381 3552/2579/2409 3546/2579/2406
f 3546/2579/2406 3552/2579/2409 3545/2578/2405
f 3545/2578/2405 3553/2578/2410 3544/2577/2404
f 3552/2579/2409 3553/2578/2410 3545/2578/2405
f 3553/2578/2410 3554/2577/2411 3544/2577/2404
f 3544/2577/2404 3554/2577/2411 3543/2576/2403
f 3554/2577/2411 3555/2576/2412 3543/2576/2403
f 3543/2576/2403 3555/2576/2412 3515/2552/2377
f 3555/2576/2412 3516/2552/2378 3515/2552/2377
f 3556/2584/2413 3557/2585/2414 3558/2586/2415
f 3557/2585/2414 3556/2584/2413 3559/2587/2416
f 3560/2588/2417 3559/2587/2416 3556/2584/2413
f 3561/2589/2418 3559/2587/2416 3560/2588/2417
f 3561/2589/2418 3562/2590/2419 3559/2587/2416
f 3563/2591/2420 3562/2590/2419 3561/2589/2418
f 3564/2592/2421 3565/2593/2422 3566/2594/2423
f 3567/2595/2424 3564/2592/2421 3566/2594/2423
f 3568/2596/2425 3564/2592/2421 3567/2595/2424
f 3569/2597/2426 3568/2596/2425 3567/2595/2424
f 3570/2598/2427 3571/2599/2428 3572/2600/2429
f 3571/2599/2428 3573/2601/2430 3572/2600/2429
f 3572/2600/2429 3573/2601/2430 3574/2602/2431
f 3573/2601/2430 3575/2603/2432 3574/2602/2431
f 3574/2602/2431 3575/2603/2432 3576/2604/2433
f 3575/2603/2432 3569/2597/2426 3576/2604/2433
f 3569/2597/2426 3567/2595/2424 3577/2605/2434
f 3576/2604/2433 3569/2597/2426 3577/2605/2434
f 3567/2595/2424 3566/2594/2423 3578/2606/2435
f 3577/2605/2434 3567/2595/2424 3578/2606/2435
f 3566/2594/2423 3579/2594/2436 3578/2606/2435
f 3580/2593/2437 3579/2594/2436 3566/2594/2423
f 3565/2593/2422 3580/2593/2437 3566/2594/2423
f 3581/2607/2438 3580/2593/2437 3565/2593/2422
f 3582/2607/2439 3581/2607/2438 3565/2593/2422
f 3583/2608/2440 3582/2607/2439 3565/2593/2422
f 3564/2592/2421 3583/2608/2440 3565/2593/2422
f 3568/2596/2425 3584/2609/2441 3564/2592/2421
f 3584/2609/2441 3583/2608/2440 3564/2592/2421
f 3579/2594/2436 3585/2606/2442 3578/2606/2435
f 3574/2602/2431 3576/2604/2433 3586/2610/2443
f 3572/2600/2429 3574/2602/2431 3587/2611/2444
f 3587/2611/2444 3574/2602/2431 3586/2610/2443
f 3588/2612/2445 3572/2600/2429 3587/2611/2444
f 3570/2598/2427 3572/2600/2429 3588/2612/2445
f 3589/2613/2446 3570/2598/2427 3588/2612/2445
f 3590/2614/2447 3591/2615/2448 3592/2615/2439
f 3593/2614/2449 3590/2614/2447 3592/2615/2439
f 3594/2616/2450 3590/2614/2447 3593/2614/2449
f 3595/2616/2451 3594/2616/2450 3593/2614/2449
f 3596/2617/2452 3594/2616/2450 3595/2616/2451
f 3597/2617/2453 3596/2617/2452 3595/2616/2451
f 3598/2618/2223 3596/2617/2452 3597/2617/2453
f 3599/2618/2221 3598/2618/2223 3597/2617/2453
f 3600/2619/2454 3599/2618/2221 3597/2617/2453
f 3601/2620/2455 3600/2619/2454 3597/2617/2453
f 3586/2610/2443 3600/2619/2454 3601/2620/2455
f 3601/2620/2455 3597/2617/2453 3595/2616/2451
f 3602/2621/2456 3586/2610/2443 3601/2620/2455
f 3587/2611/2444 3586/2610/2443 3602/2621/2456
f 3603/2622/2457 3587/2611/2444 3602/2621/2456
f 3588/2612/2445 3587/2611/2444 3603/2622/2457
f 3604/2623/2458 3588/2612/2445 3603/2622/2457
f 3589/2613/2446 3588/2612/2445 3604/2623/2458
f 3605/2624/2459 3589/2613/2446 3604/2623/2458
f 3606/2625/2460 3595/2616/2451 3593/2614/2449
f 3606/2625/2460 3601/2620/2455 3595/2616/2451
f 3602/2621/2456 3601/2620/2455 3606/2625/2460
f 3603/2622/2457 3602/2621/2456 3607/2626/2461
f 3607/2626/2461 3602/2621/2456 3606/2625/2460
f 3604/2623/2458 3603/2622/2457 3608/2627/2462
f 3608/2627/2462 3603/2622/2457 3607/2626/2461
f 3609/2628/2463 3604/2623/2458 3608/2627/2462
f 3605/2624/2459 3604/2623/2458 3609/2628/2463
f 3610/2629/2464 3605/2624/2459 3609/2628/2463
f 3611/2630/2465 3605/2624/2459 3610/2629/2464
f 3612/2631/2466 3611/2630/2465 3610/2629/2464
f 3612/2631/2466 3610/2629/2464 3613/2632/2467
f 3614/2633/2468 3612/2631/2466 3613/2632/2467
f 3614/2633/2468 3613/2632/2467 3615/2634/2469
f 3616/2635/2470 3614/2633/2468 3615/2634/2469
f 3611/2630/2465 3617/2636/2471 3605/2624/2459
f 3617/2636/2471 3589/2613/2446 3605/2624/2459
f 3618/2637/2472 3617/2636/2471 3611/2630/2465
f 3619/2638/2473 3618/2637/2472 3611/2630/2465
f 3619/2638/2473 3611/2630/2465 3612/2631/2466
f 3620/2639/2474 3612/2631/2466 3614/2633/2468
f 3620/2639/2474 3619/2638/2473 3612/2631/2466
f 3621/2640/2475 3614/2633/2468 3616/2635/2470
f 3621/2640/2475 3620/2639/2474 3614/2633/2468
f 3622/2641/2476 3621/2640/2475 3616/2635/2470
f 3623/2642/2477 3606/2625/2460 3593/2614/2449
f 3607/2626/2461 3606/2625/2460 3623/2642/2477
f 3623/2642/2477 3593/2614/2449 3592/2615/2439
f 3624/2643/2478 3607/2626/2461 3623/2642/2477
f 3608/2627/2462 3607/2626/2461 3624/2643/2478
f 3609/2628/2463 3608/2627/2462 3625/2644/2479
f 3625/2644/2479 3608/2627/2462 3624/2643/2478
f 3613/2632/2467 3610/2629/2464 3626/2645/2480
f 3610/2629/2464 3609/2628/2463 3626/2645/2480
f 3626/2645/2480 3609/2628/2463 3625/2644/2479
f 3613/2632/2467 3626/2645/2480 3627/2646/2481
f 3615/2634/2469 3613/2632/2467 3627/2646/2481
f 3624/2643/2478 3623/2642/2477 3628/2647/2482
f 3628/2647/2482 3623/2642/2477 3592/2615/2439
f 3625/2644/2479 3624/2643/2478 3629/2648/2483
f 3629/2648/2483 3624/2643/2478 3628/2647/2482
f 3627/2646/2481 3626/2645/2480 3630/2649/2484
f 3630/2649/2484 3625/2644/2479 3629/2648/2483
f 3626/2645/2480 3625/2644/2479 3630/2649/2484
f 3631/2650/2485 3632/2651/2486 3633/2652/2487
f 3634/2653/2488 3631/2650/2485 3633/2652/2487
f 3634/2653/2488 3633/2652/2487 3635/2654/2489
f 3636/2655/2490 3631/2650/2485 3634/2653/2488
f 3637/2656/2491 3634/2653/2488 3635/2654/2489
f 3637/2656/2491 3635/2654/2489 3638/2657/2492
f 3639/2658/2493 3634/2653/2488 3637/2656/2491
f 3639/2658/2493 3636/2655/2490 3634/2653/2488
f 3640/2659/2494 3636/2655/2490 3639/2658/2493
f 3641/2660/2495 3637/2656/2491 3638/2657/2492
f 3641/2660/2495 3638/2657/2492 3642/2661/2496
f 3643/2662/2497 3637/2656/2491 3641/2660/2495
f 3643/2662/2497 3639/2658/2493 3637/2656/2491
f 3644/2663/2498 3639/2658/2493 3643/2662/2497
f 3644/2663/2498 3640/2659/2494 3639/2658/2493
f 3645/2664/2499 3640/2659/2494 3644/2663/2498
f 3646/2665/2500 3641/2660/2495 3642/2661/2496
f 3646/2665/2500 3642/2661/2496 3647/2666/2501
f 3648/2667/2502 3643/2662/2497 3641/2660/2495
f 3648/2667/2502 3641/2660/2495 3646/2665/2500
f 3649/2668/2503 3644/2663/2498 3643/2662/2497
f 3649/2668/2503 3643/2662/2497 3648/2667/2502
f 3650/2669/2504 3644/2663/2498 3649/2668/2503
f 3650/2669/2504 3645/2664/2499 3644/2663/2498
f 3651/2670/2505 3645/2664/2499 3650/2669/2504
f 3652/2671/2506 3651/2670/2505 3653/2672/2507
f 3653/2672/2507 3651/2670/2505 3650/2669/2504
f 3654/2673/2508 3650/2669/2504 3649/2668/2503
f 3653/2672/2507 3650/2669/2504 3654/2673/2508
f 3655/2674/2509 3649/2668/2503 3648/2667/2502
f 3654/2673/2508 3649/2668/2503 3655/2674/2509
f 3656/2675/2510 3648/2667/2502 3646/2665/2500
f 3655/2674/2509 3648/2667/2502 3656/2675/2510
f 3656/2675/2510 3646/2665/2500 3657/2676/2511
f 3657/2676/2511 3646/2665/2500 3647/2666/2501
f 3657/2676/2511 3647/2666/2501 3658/2677/2512
f 3659/2678/2513 3657/2676/2511 3658/2677/2512
f 3659/2678/2513 3658/2677/2512 3660/2679/2514
f 3661/2680/2515 3656/2675/2510 3657/2676/2511
f 3661/2680/2515 3657/2676/2511 3659/2678/2513
f 3662/2681/2516 3655/2674/2509 3656/2675/2510
f 3662/2681/2516 3656/2675/2510 3661/2680/2515
f 3663/2682/2517 3654/2673/2508 3655/2674/2509
f 3663/2682/2517 3655/2674/2509 3662/2681/2516
f 3664/2683/2518 3654/2673/2508 3663/2682/2517
f 3664/2683/2518 3653/2672/2507 3654/2673/2508
f 3665/2684/2519 3653/2672/2507 3664/2683/2518
f 3665/2684/2519 3652/2671/2506 3653/2672/2507
f 3666/2685/2520 3652/2671/2506 3665/2684/2519
f 3667/2686/2521 3659/2678/2513 3660/2679/2514
f 3660/2679/2514 3668/2679/2522 3667/2686/2521
f 3669/2687/2523 3659/2678/2513 3667/2686/2521
f 3669/2687/2523 3661/2680/2515 3659/2678/2513
f 3670/2688/2524 3662/2681/2516 3661/2680/2515
f 3670/2688/2524 3661/2680/2515 3669/2687/2523
f 3671/2689/2525 3663/2682/2517 3662/2681/2516
f 3671/2689/2525 3662/2681/2516 3670/2688/2524
f 3672/2690/2526 3664/2683/2518 3663/2682/2517
f 3672/2690/2526 3663/2682/2517 3671/2689/2525
f 3673/2691/2527 3665/2684/2519 3664/2683/2518
f 3673/2691/2527 3664/2683/2518 3672/2690/2526
f 3674/2692/2528 3665/2684/2519 3673/2691/2527
f 3674/2692/2528 3666/2685/2520 3665/2684/2519
f 3675/2693/2486 3666/2685/2520 3674/2692/2528
f 3676/2694/2529 3675/2693/2486 3674/2692/2528
f 3677/2695/2530 3674/2692/2528 3673/2691/2527
f 3676/2694/2529 3674/2692/2528 3677/2695/2530
f 3678/2696/2489 3676/2694/2529 3677/2695/2530
f 3679/2697/2531 3673/2691/2527 3672/2690/2526
f 3677/2695/2530 3673/2691/2527 3679/2697/2531
f 3680/2698/2532 3672/2690/2526 3671/2689/2525
f 3679/2697/2531 3672/2690/2526 3680/2698/2532
f 3680/2698/2532 3671/2689/2525 3681/2699/2533
f 3681/2699/2533 3671/2689/2525 3670/2688/2524
f 3681/2699/2533 3670/2688/2524 3682/2700/2534
f 3682/2700/2534 3670/2688/2524 3669/2687/2523
f 3683/2701/2535 3669/2687/2523 3667/2686/2521
f 3682/2700/2534 3669/2687/2523 3683/2701/2535
f 3668/2679/2522 3684/2686/2536 3667/2686/2521
f 3667/2686/2521 3684/2686/2536 3683/2701/2535
f 3685/2702/2537 3677/2695/2530 3679/2697/2531
f 3678/2696/2489 3677/2695/2530 3685/2702/2537
f 3685/2702/2537 3679/2697/2531 3686/2703/2538
f 3686/2703/2538 3679/2697/2531 3680/2698/2532
f 3686/2703/2538 3680/2698/2532 3687/2704/2539
f 3687/2704/2539 3680/2698/2532 3681/2699/2533
f 3687/2704/2539 3681/2699/2533 3688/2705/2540
f 3688/2705/2540 3681/2699/2533 3682/2700/2534
f 3688/2705/2540 3682/2700/2534 3689/2706/2541
f 3689/2706/2541 3682/2700/2534 3683/2701/2535
f 3684/2686/2536 3690/2701/2542 3683/2701/2535
f 3683/2701/2535 3690/2701/2542 3689/2706/2541
f 3691/2707/2543 3685/2702/2537 3686/2703/2538
f 3691/2707/2543 3686/2703/2538 3692/2708/2544
f 3692/2708/2544 3686/2703/2538 3687/2704/2539
f 3692/2708/2544 3687/2704/2539 3693/2709/2545
f 3693/2709/2545 3687/2704/2539 3688/2705/2540
f 3694/2710/2546 3688/2705/2540 3689/2706/2541
f 3693/2709/2545 3688/2705/2540 3694/2710/2546
f 3690/2701/2542 3695/2706/2547 3689/2706/2541
f 3689/2706/2541 3695/2706/2547 3694/2710/2546
f 3696/2711/2548 3691/2707/2543 3692/2708/2544
f 3697/2712/2549 3692/2708/2544 3693/2709/2545
f 3696/2711/2548 3692/2708/2544 3697/2712/2549
f 3698/2713/2550 3693/2709/2545 3694/2710/2546
f 3697/2712/2549 3693/2709/2545 3698/2713/2550
f 3694/2710/2546 3699/2710/2551 3698/2713/2550
f 3695/2706/2547 3699/2710/2551 3694/2710/2546
f 3700/2714/2552 3696/2711/2548 3697/2712/2549
f 3701/2715/2553 3697/2712/2549 3698/2713/2550
f 3700/2714/2552 3697/2712/2549 3701/2715/2553
f 3698/2713/2550 3702/2713/2554 3701/2715/2553
f 3699/2710/2551 3702/2713/2554 3698/2713/2550
f 3703/2716/2555 3700/2714/2552 3701/2715/2553
f 3702/2713/2554 3704/2715/2556 3701/2715/2553
f 3701/2715/2553 3704/2715/2556 3703/2716/2555
f 3704/2715/2556 3705/2716/2557 3703/2716/2555
f 3706/2717/2492 3678/2696/2489 3685/2702/2537
f 3706/2717/2492 3685/2702/2537 3691/2707/2543
f 3707/2718/2496 3691/2707/2543 3696/2711/2548
f 3707/2718/2496 3706/2717/2492 3691/2707/2543
f 3708/2719/2501 3696/2711/2548 3700/2714/2552
f 3708/2719/2501 3707/2718/2496 3696/2711/2548
f 3709/2720/2558 3708/2719/2501 3700/2714/2552
f 3709/2720/2558 3700/2714/2552 3703/2716/2555
f 3703/2716/2555 3705/2716/2557 3710/2721/2514
f 3710/2721/2514 3709/2720/2558 3703/2716/2555
f 3705/2716/2557 3711/2721/2559 3710/2721/2514
f 3712/2722/2243 3713/2723/2244 3714/2724/2560
f 3713/2723/2244 3715/2725/2246 3716/2726/2561
f 3713/2723/2244 3716/2726/2561 3714/2724/2560
f 3714/2724/2560 3716/2726/2561 3717/2727/2562
f 3715/2725/2246 3718/2728/2563 3716/2726/2561
f 3715/2725/2246 3719/2729/2564 3718/2728/2563
f 3716/2726/2561 3720/2730/2565 3717/2727/2562
f 3716/2726/2561 3718/2728/2563 3720/2730/2565
f 3717/2727/2562 3720/2730/2565 3721/2731/2566
f 3719/2729/2564 3722/2732/2567 3718/2728/2563
f 3719/2729/2564 3723/2733/2568 3722/2732/2567
f 3718/2728/2563 3724/2734/2569 3720/2730/2565
f 3718/2728/2563 3722/2732/2567 3724/2734/2569
f 3720/2730/2565 3724/2734/2569 3725/2735/2570
f 3720/2730/2565 3725/2735/2570 3721/2731/2566
f 3721/2731/2566 3725/2735/2570 3726/2736/2571
f 3723/2733/2568 3727/2737/2572 3722/2732/2567
f 3723/2733/2568 3728/2738/2573 3727/2737/2572
f 3722/2732/2567 3729/2739/2574 3724/2734/2569
f 3722/2732/2567 3727/2737/2572 3729/2739/2574
f 3724/2734/2569 3729/2739/2574 3730/2740/2575
f 3724/2734/2569 3730/2740/2575 3725/2735/2570
f 3725/2735/2570 3731/2741/2576 3726/2736/2571
f 3725/2735/2570 3730/2740/2575 3731/2741/2576
f 3726/2736/2571 3731/2741/2576 3732/2742/2577
f 3728/2738/2573 3733/2743/2578 3727/2737/2572
f 3728/2738/2573 3734/2744/2579 3733/2743/2578
f 3727/2737/2572 3733/2743/2578 3735/2745/2580
f 3727/2737/2572 3735/2745/2580 3729/2739/2574
f 3729/2739/2574 3736/2746/2581 3730/2740/2575
f 3729/2739/2574 3735/2745/2580 3736/2746/2581
f 3730/2740/2575 3737/2747/2582 3731/2741/2576
f 3730/2740/2575 3736/2746/2581 3737/2747/2582
f 3731/2741/2576 3737/2747/2582 3738/2748/2583
f 3731/2741/2576 3738/2748/2583 3732/2742/2577
f 3732/2742/2577 3738/2748/2583 3739/2749/2584
f 3734/2744/2579 3740/2750/2585 3733/2743/2578
f 3734/2744/2579 3741/2751/2586 3740/2750/2585
f 3733/2743/2578 3742/2752/2587 3735/2745/2580
f 3733/2743/2578 3740/2750/2585 3742/2752/2587
f 3735/2745/2580 3742/2752/2587 3743/2753/2588
f 3735/2745/2580 3743/2753/2588 3736/2746/2581
f 3736/2746/2581 3744/2754/2589 3737/2747/2582
f 3736/2746/2581 3743/2753/2588 3744/2754/2589
f 3737/2747/2582 3745/2755/2590 3738/2748/2583
f 3737/2747/2582 3744/2754/2589 3745/2755/2590
f 3738/2748/2583 3745/2755/2590 3746/2756/2591
f 3738/2748/2583 3746/2756/2591 3739/2749/2584
f 3739/2749/2584 3746/2756/2591 3747/2757/2592
f 3748/2758/2593 3749/2757/2594 3747/2757/2592
f 3746/2756/2591 3750/2758/2595 3747/2757/2592
f 3750/2758/2595 3748/2758/2593 3747/2757/2592
f 3746/2756/2591 3751/2759/2596 3750/2758/2595
f 3745/2755/2590 3751/2759/2596 3746/2756/2591
f 3744/2754/2589 3752/2760/2597 3745/2755/2590
f 3745/2755/2590 3752/2760/2597 3751/2759/2596
f 3743/2753/2588 3753/2761/2598 3744/2754/2589
f 3744/2754/2589 3753/2761/2598 3752/2760/2597
f 3743/2753/2588 3754/2762/2599 3753/2761/2598
f 3742/2752/2587 3754/2762/2599 3743/2753/2588
f 3740/2750/2585 3755/2763/2600 3742/2752/2587
f 3742/2752/2587 3755/2763/2600 3754/2762/2599
f 3741/2751/2586 3756/2764/2601 3740/2750/2585
f 3740/2750/2585 3756/2764/2601 3755/2763/2600
f 3741/2751/2586 3757/2765/2243 3756/2764/2601
f 3757/2765/2243 3758/2766/2602 3756/2764/2601
f 3756/2764/2601 3758/2766/2602 3759/2767/2603
f 3756/2764/2601 3759/2767/2603 3755/2763/2600
f 3751/2759/2596 3760/2768/2604 3750/2758/2595
f 3752/2760/2597 3761/2769/2605 3751/2759/2596
f 3751/2759/2596 3761/2769/2605 3760/2768/2604
f 3752/2760/2597 3762/2770/2606 3761/2769/2605
f 3753/2761/2598 3762/2770/2606 3752/2760/2597
f 3754/2762/2599 3763/2771/2607 3753/2761/2598
f 3753/2761/2598 3763/2771/2607 3762/2770/2606
f 3754/2762/2599 3764/2772/2608 3763/2771/2607
f 3755/2763/2600 3759/2767/2603 3764/2772/2608
f 3755/2763/2600 3764/2772/2608 3754/2762/2599
f 3761/2769/2605 3765/2773/2609 3760/2768/2604
f 3761/2769/2605 3766/2774/2610 3765/2773/2609
f 3762/2770/2606 3766/2774/2610 3761/2769/2605
f 3762/2770/2606 3767/2775/2611 3766/2774/2610
f 3763/2771/2607 3767/2775/2611 3762/2770/2606
f 3763/2771/2607 3768/2776/2612 3767/2775/2611
f 3764/2772/2608 3768/2776/2612 3763/2771/2607
f 3764/2772/2608 3769/2777/2613 3768/2776/2612
f 3759/2767/2603 3769/2777/2613 3764/2772/2608
f 3766/2774/2610 3770/2778/2614 3765/2773/2609
f 3766/2774/2610 3771/2779/2615 3770/2778/2614
f 3767/2775/2611 3771/2779/2615 3766/2774/2610
f 3767/2775/2611 3772/2780/2616 3771/2779/2615
f 3768/2776/2612 3772/2780/2616 3767/2775/2611
f 3769/2777/2613 3773/2781/2617 3768/2776/2612
f 3768/2776/2612 3773/2781/2617 3772/2780/2616
f 3771/2779/2615 3774/2782/2618 3770/2778/2614
f 3771/2779/2615 3775/2783/2619 3774/2782/2618
f 3772/2780/2616 3775/2783/2619 3771/2779/2615
f 3772/2780/2616 3776/2784/2620 3775/2783/2619
f 3773/2781/2617 3776/2784/2620 3772/2780/2616
f 3775/2783/2619 3777/2785/2621 3774/2782/2618
f 3775/2783/2619 3778/2786/2622 3777/2785/2621
f 3776/2784/2620 3778/2786/2622 3775/2783/2619
f 3778/2786/2622 3779/2787/2623 3777/2785/2621
f 3758/2766/2602 3780/2788/2624 3759/2767/2603
f 3759/2767/2603 3780/2788/2624 3769/2777/2613
f 3780/2788/2624 3781/2789/2625 3769/2777/2613
f 3769/2777/2613 3781/2789/2625 3773/2781/2617
f 3781/2789/2625 3782/2790/2571 3773/2781/2617
f 3773/2781/2617 3782/2790/2571 3776/2784/2620
f 3776/2784/2620 3783/2791/2626 3778/2786/2622
f 3782/2790/2571 3783/2791/2626 3776/2784/2620
f 3778/2786/2622 3784/2792/2627 3779/2787/2623
f 3783/2791/2626 3784/2792/2627 3778/2786/2622
f 3784/2792/2627 3785/2793/2628 3779/2787/2623
f 3785/2793/2628 3786/2793/2594 3779/2787/2623
f 3779/2787/2623 3787/2787/2629 3777/2785/2621
f 3786/2793/2594 3787/2787/2629 3779/2787/2623
f 3787/2787/2629 3788/2785/2630 3777/2785/2621
f 3777/2785/2621 3788/2785/2630 3774/2782/2618
f 3788/2785/2630 3789/2782/2631 3774/2782/2618
f 3774/2782/2618 3789/2782/2631 3770/2778/2614
f 3789/2782/2631 3790/2778/2632 3770/2778/2614
f 3770/2778/2614 3790/2778/2632 3765/2773/2609
f 3765/2773/2609 3791/2773/2633 3760/2768/2604
f 3790/2778/2632 3791/2773/2633 3765/2773/2609
f 3760/2768/2604 3792/2768/2634 3750/2758/2595
f 3791/2773/2633 3792/2768/2634 3760/2768/2604
f 3792/2768/2634 3748/2758/2593 3750/2758/2595
f 3793/2794/2635 3794/2795/2636 3795/2796/2637
f 3796/2797/2638 3793/2794/2635 3795/2796/2637
f 3796/2797/2638 3795/2796/2637 3797/2798/2639
f 3798/2799/2640 3793/2794/2635 3796/2797/2638
f 3799/2800/2641 3796/2797/2638 3797/2798/2639
f 3799/2800/2641 3797/2798/2639 3800/2801/2642
f 3801/2802/2643 3798/2799/2640 3796/2797/2638
f 3801/2802/2643 3796/2797/2638 3799/2800/2641
f 3802/2803/2644 3798/2799/2640 3801/2802/2643
f 3803/2804/2645 3799/2800/2641 3800/2801/2642
f 3803/2804/2645 3800/2801/2642 3804/2805/2646
f 3805/2806/2647 3799/2800/2641 3803/2804/2645
f 3805/2806/2647 3801/2802/2643 3799/2800/2641
f 3806/2807/2648 3802/2803/2644 3801/2802/2643
f 3806/2807/2648 3801/2802/2643 3805/2806/2647
f 3807/2808/2649 3802/2803/2644 3806/2807/2648
f 3808/2809/2650 3803/2804/2645 3804/2805/2646
f 3808/2809/2650 3804/2805/2646 3809/2810/2651
f 3810/2811/2652 3805/2806/2647 3803/2804/2645
f 3810/2811/2652 3803/2804/2645 3808/2809/2650
f 3811/2812/2653 3805/2806/2647 3810/2811/2652
f 3811/2812/2653 3806/2807/2648 3805/2806/2647
f 3812/2813/2654 3806/2807/2648 3811/2812/2653
f 3812/2813/2654 3807/2808/2649 3806/2807/2648
f 3813/2814/2655 3807/2808/2649 3812/2813/2654
f 3814/2815/2656 3808/2809/2650 3809/2810/2651
f 3814/2815/2656 3809/2810/2651 3815/2816/2657
f 3816/2817/2658 3810/2811/2652 3808/2809/2650
f 3816/2817/2658 3808/2809/2650 3814/2815/2656
f 3817/2818/2659 3811/2812/2653 3810/2811/2652
f 3817/2818/2659 3810/2811/2652 3816/2817/2658
f 3818/2819/2660 3812/2813/2654 3811/2812/2653
f 3818/2819/2660 3811/2812/2653 3817/2818/2659
f 3819/2820/2661 3812/2813/2654 3818/2819/2660
f 3819/2820/2661 3813/2814/2655 3812/2813/2654
f 3820/2821/2662 3813/2814/2655 3819/2820/2661
f 3821/2822/2663 3818/2819/2660 3817/2818/2659
f 3821/2822/2663 3817/2818/2659 3822/2823/2664
f 3822/2823/2664 3817/2818/2659 3816/2817/2658
f 3823/2824/2665 3816/2817/2658 3814/2815/2656
f 3822/2823/2664 3816/2817/2658 3823/2824/2665
f 3823/2824/2665 3814/2815/2656 3824/2825/2666
f 3824/2825/2666 3814/2815/2656 3815/2816/2657
f 3824/2825/2666 3815/2816/2657 3825/2826/2667
f 3826/2827/2668 3824/2825/2666 3825/2826/2667
f 3825/2826/2667 3827/2826/2669 3826/2827/2668
f 3827/2826/2669 3828/2827/2670 3826/2827/2668
f 3826/2827/2668 3828/2827/2670 3829/2828/2671
f 3828/2827/2670 3830/2828/2672 3829/2828/2671
f 3829/2828/2671 3830/2828/2672 3831/2829/2673
f 3830/2828/2672 3832/2829/2674 3831/2829/2673
f 3831/2829/2673 3832/2829/2674 3833/2830/2675
f 3832/2829/2674 3834/2830/2676 3833/2830/2675
f 3833/2830/2675 3834/2830/2676 3835/2831/2677
f 3829/2828/2671 3836/2832/2678 3826/2827/2668
f 3836/2832/2678 3823/2824/2665 3824/2825/2666
f 3836/2832/2678 3824/2825/2666 3826/2827/2668
f 3837/2833/2679 3836/2832/2678 3829/2828/2671
f 3831/2829/2673 3837/2833/2679 3829/2828/2671
f 3833/2830/2675 3838/2834/2680 3831/2829/2673
f 3838/2834/2680 3837/2833/2679 3831/2829/2673
f 3839/2835/2681 3838/2834/2680 3833/2830/2675
f 3835/2831/2677 3839/2835/2681 3833/2830/2675
f 3840/2836/2682 3839/2835/2681 3835/2831/2677
f 3841/2837/2683 3840/2836/2682 3835/2831/2677
f 3842/2838/2684 3840/2836/2682 3841/2837/2683
f 3843/2839/2685 3842/2838/2684 3841/2837/2683
f 3844/2840/2657 3842/2838/2684 3843/2839/2685
f 3845/2841/2686 3844/2840/2657 3843/2839/2685
f 3834/2830/2676 3846/2831/2687 3835/2831/2677
f 3835/2831/2677 3846/2831/2687 3841/2837/2683
f 3846/2831/2687 3847/2837/2688 3841/2837/2683
f 3841/2837/2683 3847/2837/2688 3843/2839/2685
f 3847/2837/2688 3848/2839/2689 3843/2839/2685
f 3843/2839/2685 3848/2839/2689 3845/2841/2686
f 3848/2839/2689 3849/2841/2690 3845/2841/2686
f 3837/2833/2679 3850/2842/2691 3836/2832/2678
f 3850/2842/2691 3822/2823/2664 3823/2824/2665
f 3850/2842/2691 3823/2824/2665 3836/2832/2678
f 3851/2843/2692 3850/2842/2691 3837/2833/2679
f 3838/2834/2680 3851/2843/2692 3837/2833/2679
f 3852/2844/2693 3851/2843/2692 3838/2834/2680
f 3839/2835/2681 3852/2844/2693 3838/2834/2680
f 3840/2836/2682 3853/2845/2694 3839/2835/2681
f 3853/2845/2694 3852/2844/2693 3839/2835/2681
f 3854/2846/2695 3853/2845/2694 3840/2836/2682
f 3842/2838/2684 3854/2846/2695 3840/2836/2682
f 3855/2847/2696 3821/2822/2663 3822/2823/2664
f 3855/2847/2696 3822/2823/2664 3850/2842/2691
f 3851/2843/2692 3855/2847/2696 3850/2842/2691
f 3856/2848/2697 3855/2847/2696 3851/2843/2692
f 3852/2844/2693 3856/2848/2697 3851/2843/2692
f 3857/2849/2698 3856/2848/2697 3852/2844/2693
f 3853/2845/2694 3857/2849/2698 3852/2844/2693
f 3858/2850/2699 3821/2822/2663 3855/2847/2696
f 3856/2848/2697 3858/2850/2699 3855/2847/2696
f 3857/2849/2698 3859/2851/2700 3856/2848/2697
f 3859/2851/2700 3858/2850/2699 3856/2848/2697
f 3859/2851/2700 3860/2852/2701 3858/2850/2699
f 3854/2846/2695 3861/2853/2702 3853/2845/2694
f 3861/2853/2702 3857/2849/2698 3853/2845/2694
f 3862/2854/2703 3859/2851/2700 3857/2849/2698
f 3861/2853/2702 3862/2854/2703 3857/2849/2698
f 3863/2855/2704 3860/2852/2701 3859/2851/2700
f 3862/2854/2703 3863/2855/2704 3859/2851/2700
f 3863/2855/2704 3864/2856/2705 3860/2852/2701
f 3864/2856/2705 3865/2857/2706 3860/2852/2701
f 3865/2857/2706 3820/2821/2662 3819/2820/2661
f 3858/2850/2699 3866/2858/2707 3821/2822/2663
f 3860/2852/2701 3865/2857/2706 3866/2858/2707
f 3865/2857/2706 3819/2820/2661 3866/2858/2707
f 3866/2858/2707 3818/2819/2660 3821/2822/2663
f 3866/2858/2707 3819/2820/2661 3818/2819/2660
f 3860/2852/2701 3866/2858/2707 3858/2850/2699
f 3867/2859/2708 3854/2846/2695 3842/2838/2684
f 3844/2840/2657 3867/2859/2708 3842/2838/2684
f 3868/2860/2646 3861/2853/2702 3854/2846/2695
f 3867/2859/2708 3868/2860/2646 3854/2846/2695
f 3868/2860/2646 3869/2861/2709 3861/2853/2702
f 3869/2861/2709 3862/2854/2703 3861/2853/2702
f 3870/2862/2639 3863/2855/2704 3862/2854/2703
f 3869/2861/2709 3870/2862/2639 3862/2854/2703
f 3870/2862/2639 3871/2863/2710 3863/2855/2704
f 3871/2863/2710 3864/2856/2705 3863/2855/2704
f 3871/2863/2710 3872/2864/2636 3864/2856/2705
f 3873/2865/2711 3820/2821/2662 3865/2857/2706
f 3872/2864/2636 3873/2865/2711 3864/2856/2705
f 3864/2856/2705 3873/2865/2711 3865/2857/2706
f 3874/2866/2712 3875/2867/2713 3876/2868/2714
f 3876/2868/2714 3875/2867/2713 3877/2869/2715
f 3876/2868/2714 3877/2869/2715 3878/2870/2716
f 3878/2870/2716 3877/2869/2715 3879/2871/2717
f 3880/2872/2718 3879/2871/2717 3877/2869/2715
f 3881/2873/2719 3879/2871/2717 3880/2872/2718
f 3882/2874/2472 3883/2875/2720 3884/2876/2721
f 3884/2876/2721 3883/2875/2720 3885/2877/2722
f 3884/2876/2721 3885/2877/2722 3886/2878/2723
f 3886/2878/2723 3885/2877/2722 3887/2879/2724
f 3888/2880/2475 3887/2879/2724 3885/2877/2722
f 3889/2881/2725 3887/2879/2724 3888/2880/2475
f 3890/2882/2155 3891/2883/2726 3892/2884/2154
f 3892/2884/2154 3891/2883/2726 3893/2885/2727
f 3892/2884/2154 3893/2885/2727 3894/2886/2153
f 3894/2886/2153 3893/2885/2727 3895/2887/2728
f 3896/2888/2729 3895/2887/2728 3893/2885/2727
f 3897/2889/2730 3895/2887/2728 3896/2888/2729
f 3898/2890/2731 3899/2891/2732 3900/2892/2733
f 3901/2893/2734 3898/2890/2731 3900/2892/2733
f 3902/2894/2735 3898/2890/2731 3901/2893/2734
f 3903/2895/2736 3902/2894/2735 3901/2893/2734
f 3903/2895/2736 3901/2893/2734 3904/2896/2737
f 3905/2897/2738 3903/2895/2736 3904/2896/2737
f 3905/2897/2738 3904/2896/2737 3906/2898/2739
f 3907/2899/2740 3905/2897/2738 3906/2898/2739
f 3907/2899/2740 3906/2898/2739 3908/2900/2741
f 3909/2901/2742 3907/2899/2740 3908/2900/2741
f 3909/2901/2742 3908/2900/2741 3910/2902/2743
f 3911/2903/2744 3909/2901/2742 3910/2902/2743
f 3911/2903/2744 3910/2902/2743 3912/2904/2745
f 3913/2905/2746 3911/2903/2744 3912/2904/2745
f 3912/2904/2745 3914/2904/2747 3913/2905/2746
f 3914/2904/2747 3915/2905/2748 3913/2905/2746
f 3913/2905/2746 3915/2905/2748 3916/2906/2749
f 3915/2905/2748 3917/2906/2750 3916/2906/2749
f 3918/2907/2751 3902/2894/2735 3903/2895/2736
f 3919/2908/2752 3918/2907/2751 3903/2895/2736
f 3919/2908/2752 3903/2895/2736 3905/2897/2738
f 3920/2909/2753 3905/2897/2738 3907/2899/2740
f 3920/2909/2753 3919/2908/2752 3905/2897/2738
f 3921/2910/2754 3907/2899/2740 3909/2901/2742
f 3921/2910/2754 3920/2909/2753 3907/2899/2740
f 3922/2911/2755 3921/2910/2754 3909/2901/2742
f 3922/2911/2755 3909/2901/2742 3911/2903/2744
f 3923/2912/2756 3922/2911/2755 3911/2903/2744
f 3923/2912/2756 3911/2903/2744 3913/2905/2746
f 3916/2906/2749 3923/2912/2756 3913/2905/2746
f 3924/2913/2757 3914/2904/2747 3912/2904/2745
f 3912/2904/2745 3910/2902/2743 3925/2913/2758
f 3925/2913/2758 3924/2913/2757 3912/2904/2745
f 3910/2902/2743 3926/2914/2759 3925/2913/2758
f 3910/2902/2743 3908/2900/2741 3926/2914/2759
f 3908/2900/2741 3927/2915/2760 3926/2914/2759
f 3908/2900/2741 3906/2898/2739 3927/2915/2760
f 3906/2898/2739 3904/2896/2737 3928/2916/2761
f 3906/2898/2739 3928/2916/2761 3927/2915/2760
f 3904/2896/2737 3929/2917/2762 3928/2916/2761
f 3904/2896/2737 3901/2893/2734 3929/2917/2762
f 3901/2893/2734 3900/2892/2733 3929/2917/2762
f 3898/2890/2731 3930/2918/2763 3899/2891/2732
f 3930/2918/2763 3931/2919/2764 3899/2891/2732
f 3932/2920/2765 3930/2918/2763 3898/2890/2731
f 3902/2894/2735 3932/2920/2765 3898/2890/2731
f 3918/2907/2751 3933/2921/2766 3902/2894/2735
f 3933/2921/2766 3932/2920/2765 3902/2894/2735
f 3934/2922/2767 3933/2921/2766 3918/2907/2751
f 3935/2923/2768 3934/2922/2767 3918/2907/2751
f 3935/2923/2768 3918/2907/2751 3919/2908/2752
f 3936/2924/2769 3935/2923/2768 3919/2908/2752
f 3936/2924/2769 3919/2908/2752 3920/2909/2753
f 3937/2925/2770 3936/2924/2769 3920/2909/2753
f 3937/2925/2770 3920/2909/2753 3921/2910/2754
f 3938/2926/2771 3921/2910/2754 3922/2911/2755
f 3938/2926/2771 3937/2925/2770 3921/2910/2754
f 3939/2927/2772 3922/2911/2755 3923/2912/2756
f 3939/2927/2772 3938/2926/2771 3922/2911/2755
f 3940/2928/2773 3939/2927/2772 3923/2912/2756
f 3940/2928/2773 3923/2912/2756 3916/2906/2749
f 3941/2929/2774 3942/2930/2775 3943/2931/2776
f 3942/2930/2775 3944/2932/2777 3943/2931/2776
f 3943/2931/2776 3944/2932/2777 3945/2933/2778
f 3944/2932/2777 3946/2934/2779 3945/2933/2778
f 3945/2933/2778 3946/2934/2779 3947/2935/2780
f 3946/2934/2779 3948/2936/2781 3947/2935/2780
f 3948/2936/2781 3940/2928/2773 3949/2937/2782
f 3947/2935/2780 3948/2936/2781 3949/2937/2782
f 3949/2937/2782 3940/2928/2773 3916/2906/2749
f 3916/2906/2749 3917/2906/2750 3949/2937/2782
f 3948/2936/2781 3950/2938/2783 3940/2928/2773
f 3950/2938/2783 3939/2927/2772 3940/2928/2773
f 3950/2938/2783 3951/2939/2784 3939/2927/2772
f 3951/2939/2784 3938/2926/2771 3939/2927/2772
f 3952/2940/2785 3937/2925/2770 3938/2926/2771
f 3951/2939/2784 3952/2940/2785 3938/2926/2771
f 3952/2940/2785 3953/2941/2786 3937/2925/2770
f 3953/2941/2786 3936/2924/2769 3937/2925/2770
f 3953/2941/2786 3954/2942/2787 3936/2924/2769
f 3954/2942/2787 3935/2923/2768 3936/2924/2769
f 3954/2942/2787 3955/2943/2788 3935/2923/2768
f 3955/2943/2788 3934/2922/2767 3935/2923/2768
f 3956/2944/2789 3955/2943/2788 3954/2942/2787
f 3957/2945/2790 3956/2944/2789 3954/2942/2787
f 3957/2945/2790 3954/2942/2787 3953/2941/2786
f 3958/2946/2791 3953/2941/2786 3952/2940/2785
f 3958/2946/2791 3957/2945/2790 3953/2941/2786
f 3959/2947/2792 3952/2940/2785 3951/2939/2784
f 3959/2947/2792 3958/2946/2791 3952/2940/2785
f 3960/2948/2793 3951/2939/2784 3950/2938/2783
f 3960/2948/2793 3959/2947/2792 3951/2939/2784
f 3961/2949/2794 3960/2948/2793 3950/2938/2783
f 3961/2949/2794 3950/2938/2783 3948/2936/2781
f 3946/2934/2779 3961/2949/2794 3948/2936/2781
f 3944/2932/2777 3962/2950/2795 3946/2934/2779
f 3962/2950/2795 3961/2949/2794 3946/2934/2779
f 3963/2951/2796 3962/2950/2795 3944/2932/2777
f 3942/2930/2775 3963/2951/2796 3944/2932/2777
f 3963/2951/2796 3964/2952/2797 3962/2950/2795
f 3964/2952/2797 3965/2953/2798 3966/2954/2799
f 3962/2950/2795 3966/2954/2799 3961/2949/2794
f 3964/2952/2797 3966/2954/2799 3962/2950/2795
f 3966/2954/2799 3960/2948/2793 3961/2949/2794
f 3966/2954/2799 3967/2955/2800 3960/2948/2793
f 3965/2953/2798 3967/2955/2800 3966/2954/2799
f 3967/2955/2800 3959/2947/2792 3960/2948/2793
f 3968/2956/2801 3958/2946/2791 3959/2947/2792
f 3967/2955/2800 3968/2956/2801 3959/2947/2792
f 3969/2957/2802 3957/2945/2790 3958/2946/2791
f 3968/2956/2801 3969/2957/2802 3958/2946/2791
f 3970/2958/2803 3956/2944/2789 3957/2945/2790
f 3969/2957/2802 3970/2958/2803 3957/2945/2790
f 3971/2959/2804 3968/2956/2801 3967/2955/2800
f 3965/2953/2798 3971/2959/2804 3967/2955/2800
f 3971/2959/2804 3972/2960/2805 3968/2956/2801
f 3972/2960/2805 3969/2957/2802 3968/2956/2801
f 3972/2960/2805 3973/2961/2764 3969/2957/2802
f 3973/2961/2764 3970/2958/2803 3969/2957/2802
f 3974/2962/2806 3975/2963/2807 3976/2964/2808
f 3977/2965/2809 3974/2962/2806 3976/2964/2808
f 3978/2966/2810 3974/2962/2806 3977/2965/2809
f 3979/2967/2811 3978/2966/2810 3977/2965/2809
f 3976/2964/2808 3975/2963/2807 3980/2968/2812
f 3980/2968/2812 3981/2969/2813 3982/2970/2814
f 3976/2964/2808 3980/2968/2812 3983/2971/2815
f 3983/2971/2815 3980/2968/2812 3982/2970/2814
f 3977/2965/2809 3976/2964/2808 3984/2972/2816
f 3984/2972/2816 3976/2964/2808 3983/2971/2815
f 3985/2973/2817 3977/2965/2809 3984/2972/2816
f 3979/2967/2811 3977/2965/2809 3985/2973/2817
f 3986/2974/2818 3979/2967/2811 3985/2973/2817
f 3987/2975/2819 3988/2976/2820 3989/2977/2821
f 3990/2978/2822 3987/2975/2819 3989/2977/2821
f 3990/2978/2822 3989/2977/2821 3991/2979/2823
f 3992/2980/2824 3990/2978/2822 3991/2979/2823
f 3992/2980/2824 3991/2979/2823 3993/2981/2825
f 3994/2982/2826 3992/2980/2824 3993/2981/2825
f 3994/2982/2826 3993/2981/2825 3995/2983/2827
f 3996/2984/2828 3994/2982/2826 3995/2983/2827
f 3996/2984/2828 3995/2983/2827 3997/2985/2829
f 3998/2986/2830 3996/2984/2828 3997/2985/2829
f 3998/2986/2830 3997/2985/2829 3999/2987/2831
f 4000/2988/2832 3998/2986/2830 3999/2987/2831
f 3981/2969/2813 4000/2988/2832 4001/2989/2833
f 4000/2988/2832 3999/2987/2831 4001/2989/2833
f 3975/2963/2807 4002/2990/2834 3980/2968/2812
f 4002/2990/2834 4000/2988/2832 3981/2969/2813
f 3980/2968/2812 4002/2990/2834 3981/2969/2813
f 4003/2991/2835 3987/2975/2819 3990/2978/2822
f 4004/2992/2836 3990/2978/2822 3992/2980/2824
f 4004/2992/2836 4003/2991/2835 3990/2978/2822
f 4005/2993/2837 3992/2980/2824 3994/2982/2826
f 4005/2993/2837 4004/2992/2836 3992/2980/2824
f 4006/2994/2838 4005/2993/2837 3994/2982/2826
f 4006/2994/2838 3994/2982/2826 3996/2984/2828
f 4007/2995/2839 3996/2984/2828 3998/2986/2830
f 4007/2995/2839 4006/2994/2838 3996/2984/2828
f 4002/2990/2834 4008/2996/2840 4000/2988/2832
f 4008/2996/2840 4007/2995/2839 3998/2986/2830
f 4008/2996/2840 3998/2986/2830 4000/2988/2832
f 4009/2997/2841 4008/2996/2840 4002/2990/2834
f 3975/2963/2807 4009/2997/2841 4002/2990/2834
f 3974/2962/2806 4010/2998/2842 3975/2963/2807
f 4010/2998/2842 4009/2997/2841 3975/2963/2807
f 4011/2999/2843 4010/2998/2842 3974/2962/2806
f 3978/2966/2810 4011/2999/2843 3974/2962/2806
f 4012/3000/2844 4003/2991/2835 4004/2992/2836
f 4013/3001/2845 4004/2992/2836 4005/2993/2837
f 4013/3001/2845 4012/3000/2844 4004/2992/2836
f 4014/3002/2846 4013/3001/2845 4005/2993/2837
f 4014/3002/2846 4005/2993/2837 4006/2994/2838
f 4015/3003/2847 4014/3002/2846 4006/2994/2838
f 4015/3003/2847 4006/2994/2838 4007/2995/2839
f 4009/2997/2841 4016/3004/2848 4008/2996/2840
f 4016/3004/2848 4015/3003/2847 4007/2995/2839
f 4016/3004/2848 4007/2995/2839 4008/2996/2840
f 4017/3005/2849 4016/3004/2848 4009/2997/2841
f 4010/2998/2842 4017/3005/2849 4009/2997/2841
f 4018/3006/2850 4017/3005/2849 4010/2998/2842
f 4011/2999/2843 4018/3006/2850 4010/2998/2842
f 4019/3007/2851 4012/3000/2844 4013/3001/2845
f 4020/3008/2852 4019/3007/2851 4013/3001/2845
f 4020/3008/2852 4013/3001/2845 4014/3002/2846
f 4021/3009/2853 4020/3008/2852 4014/3002/2846
f 4021/3009/2853 4014/3002/2846 4015/3003/2847
f 4022/3010/2854 4021/3009/2853 4015/3003/2847
f 4022/3010/2854 4015/3003/2847 4016/3004/2848
f 4017/3005/2849 4022/3010/2854 4016/3004/2848
f 4018/3006/2850 4023/3011/2855 4017/3005/2849
f 4023/3011/2855 4022/3010/2854 4017/3005/2849
f 4024/3012/2716 4019/3007/2851 4020/3008/2852
f 4025/3013/2856 4024/3012/2716 4020/3008/2852
f 4025/3013/2856 4020/3008/2852 4021/3009/2853
f 4026/3014/2712 4025/3013/2856 4021/3009/2853
f 4026/3014/2712 4021/3009/2853 4022/3010/2854
f 4023/3011/2855 4026/3014/2712 4022/3010/2854
f 3988/2976/2820 4027/3015/2857 4028/3016/2858
f 3989/2977/2821 3988/2976/2820 4028/3016/2858
f 3989/2977/2821 4028/3016/2858 4029/3017/2859
f 3991/2979/2823 3989/2977/2821 4029/3017/2859
f 3993/2981/2825 3991/2979/2823 4030/3018/2860
f 3991/2979/2823 4029/3017/2859 4030/3018/2860
f 3993/2981/2825 4030/3018/2860 4031/3019/2861
f 3995/2983/2827 3993/2981/2825 4031/3019/2861
f 3995/2983/2827 4031/3019/2861 4032/3020/2862
f 3997/2985/2829 3995/2983/2827 4032/3020/2862
f 3999/2987/2831 3997/2985/2829 4033/3021/2863
f 3997/2985/2829 4032/3020/2862 4033/3021/2863
f 4001/2989/2833 3999/2987/2831 4034/3022/2864
f 3999/2987/2831 4033/3021/2863 4034/3022/2864
f 4001/2989/2833 4034/3022/2864 4035/3023/2865
f 3982/2970/2814 3981/2969/2813 4036/3024/2866
f 3981/2969/2813 4001/2989/2833 4036/3024/2866
f 4036/3024/2866 4001/2989/2833 4035/3023/2865
f 4028/3016/2858 4027/3015/2857 4037/3025/2867
f 4028/3016/2858 4037/3025/2867 4038/3026/2868
f 4029/3017/2859 4028/3016/2858 4038/3026/2868
f 4030/3018/2860 4029/3017/2859 4039/3027/2869
f 4029/3017/2859 4038/3026/2868 4039/3027/2869
f 4031/3019/2861 4030/3018/2860 4040/3028/2870
f 4030/3018/2860 4039/3027/2869 4040/3028/2870
f 4031/3019/2861 4040/3028/2870 4041/3029/2871
f 4032/3020/2862 4031/3019/2861 4041/3029/2871
f 4033/3021/2863 4032/3020/2862 4042/3030/2872
f 4032/3020/2862 4041/3029/2871 4042/3030/2872
f 4033/3021/2863 4042/3030/2872 4043/3031/2873
f 4034/3022/2864 4033/3021/2863 4043/3031/2873
f 4034/3022/2864 4043/3031/2873 4044/3032/2874
f 4035/3023/2865 4034/3022/2864 4044/3032/2874
f 4043/3031/2873 4045/3031/2875 4044/3032/2874
f 4045/3031/2875 4046/3032/2876 4044/3032/2874
f 4042/3030/2872 4047/3030/2877 4043/3031/2873
f 4047/3030/2877 4045/3031/2875 4043/3031/2873
f 4041/3029/2871 4048/3029/2878 4042/3030/2872
f 4048/3029/2878 4047/3030/2877 4042/3030/2872
f 4049/3028/2879 4048/3029/2878 4041/3029/2871
f 4040/3028/2870 4049/3028/2879 4041/3029/2871
f 4039/3027/2869 4050/3027/2880 4040/3028/2870
f 4050/3027/2880 4049/3028/2879 4040/3028/2870
f 4051/3026/2881 4050/3027/2880 4039/3027/2869
f 4038/3026/2868 4051/3026/2881 4039/3027/2869
f 4037/3025/2867 4052/3025/2882 4038/3026/2868
f 4052/3025/2882 4051/3026/2881 4038/3026/2868
f 4053/3033/2883 4052/3025/2882 4037/3025/2867
f 4027/3015/2857 4054/3033/2884 4037/3025/2867
f 4054/3033/2884 4053/3033/2883 4037/3025/2867
f 3167/2231/2049 3169/2233/2051 4055/3034/2885
f 4055/3034/2885 3171/2235/2053 3108/2172/1994
f 4055/3034/2885 3108/2172/1994 3089/2153/1975
f 3169/2233/2051 3171/2235/2053 4055/3034/2885
f 3167/2231/2049 4055/3034/2885 4056/3035/2886
f 4056/3035/2886 4055/3034/2885 3089/2153/1975
f 4056/3035/2886 3089/2153/1975 3088/2152/1974
f 3165/2229/2047 3167/2231/2049 4056/3035/2886
f 4057/3036/2887 4056/3035/2886 3088/2152/1974
f 4057/3036/2887 3088/2152/1974 3087/2151/1973
f 3165/2229/2047 4056/3035/2886 4057/3036/2887
f 3163/2227/2045 3165/2229/2047 4057/3036/2887
f 4058/3037/2888 4057/3036/2887 3087/2151/1973
f 3161/2225/2043 3163/2227/2045 4058/3037/2888
f 4058/3037/2888 3087/2151/1973 3086/2150/1972
f 3163/2227/2045 4057/3036/2887 4058/3037/2888
f 4059/3038/2889 4058/3037/2888 3086/2150/1972
f 4059/3038/2889 3086/2150/1972 3085/2149/1971
f 3161/2225/2043 4058/3037/2888 4059/3038/2889
f 3159/2223/2041 3161/2225/2043 4059/3038/2889
f 3158/2222/2040 3159/2223/2041 4060/3039/2890
f 4060/3039/2890 4059/3038/2889 3085/2149/1971
f 3159/2223/2041 4059/3038/2889 4060/3039/2890
f 4061/3040/2891 4062/3041/2892 4063/3042/2893
f 4062/3041/2892 4061/3040/2891 4064/3043/2894
f 4065/3044/2317 4064/3043/2894 4061/3040/2891
f 4066/3045/2316 4064/3043/2894 4065/3044/2317
f 4066/3045/2316 4067/3046/2895 4064/3043/2894
f 4068/3047/2314 4067/3046/2895 4066/3045/2316
f 3124/2188/2010 4069/3048/2896 3125/2189/2011
f 4069/3048/2896 4070/3049/2897 3125/2189/2011
f 3123/2187/2009 4071/3050/2898 3124/2188/2010
f 4071/3050/2898 4069/3048/2896 3124/2188/2010
f 4072/3051/2899 4071/3050/2898 3123/2187/2009
f 3122/2186/2008 4072/3051/2899 3123/2187/2009
f 3121/2185/2007 4073/3052/2900 3122/2186/2008
f 4073/3052/2900 4072/3051/2899 3122/2186/2008
f 3120/2184/2006 4074/3053/2901 3121/2185/2007
f 4074/3053/2901 4073/3052/2900 3121/2185/2007
f 4075/3054/2902 4074/3053/2901 3120/2184/2006
f 3143/2207/2029 4075/3054/2902 3120/2184/2006
f 3142/2206/2028 4076/3055/2903 3143/2207/2029
f 4076/3055/2903 4075/3054/2902 3143/2207/2029
f 4077/3056/2897 4076/3055/2903 3142/2206/2028
f 4078/3057/2904 4077/3056/2897 3142/2206/2028
f 4078/3057/2904 3142/2206/2028 3141/2205/2027
f 3144/2208/1996 4078/3057/2904 3141/2205/2027
f 4079/3058/2905 4080/3059/2906 4081/3060/2907
f 4080/3059/2906 4079/3058/2905 4082/3061/2908
f 4083/3062/2711 4082/3061/2908 4079/3058/2905
f 4084/3063/2636 4082/3061/2908 4083/3062/2711
f 4084/3063/2636 4085/3064/2640 4082/3061/2908
f 4086/3065/2909 4085/3064/2640 4084/3063/2636
f 3917/2906/2750 4087/2937/2910 3949/2937/2782
f 3949/2937/2782 4087/2937/2910 3947/2935/2780
f 3947/2935/2780 4088/2935/2911 3945/2933/2778
f 4087/2937/2910 4088/2935/2911 3947/2935/2780
f 4088/2935/2911 4089/2933/2912 3945/2933/2778
f 3945/2933/2778 4089/2933/2912 3943/2931/2776
f 4089/2933/2912 4090/2931/2913 3943/2931/2776
f 3943/2931/2776 4090/2931/2913 3941/2929/2774
f 4090/2931/2913 4091/2929/2914 3941/2929/2774
f 4092/3066/2915 4093/3067/2916 4094/3068/2917
f 4093/3067/2916 4092/3066/2915 4095/3069/2918
f 4096/3070/2897 4095/3069/2918 4092/3066/2915
f 4097/3071/2896 4095/3069/2918 4096/3070/2897
f 4097/3071/2896 4098/3072/2919 4095/3069/2918
f 4099/3073/2898 4098/3072/2919 4097/3071/2896
f 4100/3074/2920 3584/2609/2441 3568/2596/2425
f 3575/2603/2432 4101/3075/2921 3569/2597/2426
f 4101/3075/2921 3568/2596/2425 3569/2597/2426
f 4101/3075/2921 4100/3074/2920 3568/2596/2425
f 4102/3076/2481 4100/3074/2920 4101/3075/2921
f 4103/3077/2922 4101/3075/2921 3575/2603/2432
f 4103/3077/2922 4102/3076/2481 4101/3075/2921
f 3573/2601/2430 4103/3077/2922 3575/2603/2432
f 4104/3078/2469 4102/3076/2481 4103/3077/2922
f 4105/3079/2923 4103/3077/2922 3573/2601/2430
f 4105/3079/2923 4104/3078/2469 4103/3077/2922
f 3571/2599/2428 4105/3079/2923 3573/2601/2430
f 4106/3080/2470 4104/3078/2469 4105/3079/2923
f 4107/3081/2924 4105/3079/2923 3571/2599/2428
f 4107/3081/2924 4106/3080/2470 4105/3079/2923
f 4108/3082/2925 4106/3080/2470 4107/3081/2924
f 4109/3083/2724 4108/3082/2925 4107/3081/2924
f 4109/3083/2724 4107/3081/2924 4110/3084/2926
f 4110/3084/2926 4107/3081/2924 3571/2599/2428
f 4110/3084/2926 3571/2599/2428 3570/2598/2427
f 4111/3085/2723 4109/3083/2724 4110/3084/2926
f 3617/2636/2471 4112/3086/2927 3589/2613/2446
f 4112/3086/2927 3570/2598/2427 3589/2613/2446
f 4111/3085/2723 4110/3084/2926 4112/3086/2927
f 4112/3086/2927 4110/3084/2926 3570/2598/2427
f 4113/3087/2721 4111/3085/2723 4112/3086/2927
f 4113/3087/2721 4112/3086/2927 3617/2636/2471
f 3618/2637/2472 4113/3087/2721 3617/2636/2471
f 4114/3088/2928 4115/3089/2929 4116/3090/2789
f 4115/3089/2929 4114/3088/2928 4117/3091/2930
f 4118/3092/2931 4117/3091/2930 4114/3088/2928
f 4119/3093/2763 4117/3091/2930 4118/3092/2931
f 4119/3093/2763 4120/3094/2932 4117/3091/2930
f 4121/3095/2933 4120/3094/2932 4119/3093/2763
f 4122/3096/2934 4123/3097/2935 4124/3098/2936
f 4123/3097/2935 4122/3096/2934 4125/3099/2937
f 4126/3100/2228 4125/3099/2937 4122/3096/2934
f 4127/3101/2227 4125/3099/2937 4126/3100/2228
f 4127/3101/2227 4128/3102/2938 4125/3099/2937
f 4129/3103/2939 4128/3102/2938 4127/3101/2227
